code_amc,pib_2021,pib_2023
3001,16795705,17909063
3002,85052,105581
3003,384411,482070
3004,148763,170261
3005,249396,335246
3006,71512,88343
3007,8814272,11954586
3008,2831074,3660626
3009,578961,573769
3010,388636,500782
3011,207606,255439
3012,149102,192813
3013,256818,326480
3014,1010605,1214414
3015,3517659,4371003
3016,313251,422713
3017,97422,118131
3018,1042461,988621
3019,110243,133913
3020,6307425,7529798
3021,268538,309910
3022,1300192,1617486
3023,308196,416014
3024,1079281,1337723
3025,915546,1042625
3026,138114,166173
3027,469901,739890
3028,534358,714898
3029,611419,912134
3030,277919,332530
3031,238673,309327
3032,580215,744357
3033,210873,275495
3034,128078,155103
3035,1391545,1782632
3036,1541809,2000142
3037,1744255,1894941
3038,2268998,2904580
3039,124439,149934
3040,170397,202389
3041,894366,1130462
3042,465859,486211
3043,628860,813270
3044,336977,461416
3045,262555,314608
3046,86904,108748
3047,248699,323998
3048,791201,820684
3049,433122,450166
3050,143297,214307
3051,150061,187080
3052,91904,123047
3053,220256,340498
3054,426996,588157
3055,54153,66886
3056,93393,104271
3057,184363,241228
3058,178923,211921
3059,1561410,1468294
3060,116543,139774
3061,86638,108264
3062,620037,800354
3063,312146,391206
3064,413263,390947
3065,140962,181567
3066,179196,226303
3067,1087083,1310677
3068,256347,334401
3069,277811,389857
3070,88513,109174
3071,50966,53436
3072,798275,1014474
3073,1526502,2024608
3074,139099,188190
3075,183353,210302
3076,1313160,1266700
3077,1362764,1744838
3078,253736,313292
3079,95936,110020
3080,130764,185469
3081,817639,1066003
3082,84479,102458
3083,76166,108884
3084,185015,252166
3085,474703,433340
3086,425395,482013
3087,357951,483903
3088,1465933,1837615
3089,354631,364746
3090,355267,499937
3091,143437,186474
3092,312160,404149
3093,98973,127389
3094,388969,507499
3095,2293735,3135579
3096,36533730,42389051
3097,739621,1090033
3098,221499,292191
3099,2351422,2616708
3100,196337,248536
3101,2320671,2840126
3102,433473,467351
4001,726354,844286
4002,47283,57335
4003,403469,493353
4004,267998,314842
4005,107729,124191
4006,162195,185476
4007,609461,858897
4008,258400,334241
4009,192594,243954
4010,66749,84772
4011,1210068,1603303
4012,816579,830428
4013,102778,121179
4014,3142453,3967864
4015,227644,287637
4016,356341,474557
4017,2464560,3584709
4018,79959,101935
4019,646389,859249
4020,634679,692220
4021,2244807,2934471
4022,229788,299994
4023,381243,410200
4024,595888,834288
4025,3157868,5042021
4026,122426,136352
4027,1820018,2231620
4028,3657829,4511924
4029,989808,1304789
4030,398350,501146
4031,327942,400545
4032,319917,383912
4033,57498,75221
4034,1421409,1358011
4035,370672,418097
4036,175101,223958
4037,105481,120907
4038,106411,133031
4039,142584,187837
4040,562951,714252
4041,329737,425246
4042,126152,158793
4043,115991,156630
4044,727449,821799
4045,75069,89547
4046,167055,215350
4047,78053,93969
4048,46532,55943
4049,519065,706577
4050,48120,55149
4051,65635,80890
4052,1375704,1693508
4053,44797,57191
4054,46763,66833
4055,83053,111541
4056,34066,41161
4057,163649,190110
4058,82428,101790
4059,80798,93919
4060,139281,165647
4061,131859,164342
4062,304150,388702
4063,526405,692419
4064,390737,553848
4065,497690,705187
4066,494871,636160
4067,338293,439398
4068,109799,129242
4069,54884,68705
4070,312836,421897
4071,23618,34693
4072,72882,91424
4073,298089,391314
4074,67047,78812
4075,24049409,29583139
4076,78547,117751
4077,58176,66803
4078,134551,145099
4079,141457,180249
4080,138834,167663
4081,165495,195452
4082,99184,121721
4083,106976,120257
4084,27584,43355
4085,97930,125613
4086,615148,789358
4087,62465,87685
4088,72021,97849
4089,74786,105807
4090,59388,70932
4091,58406,67264
4092,59723,72738
4093,68088,81017
4094,134836,159452
4095,41067,52907
4096,117971,143730
4097,829877,1030725
4098,2711306,3238272
4099,564520,693535
4100,151596,169076
4101,98202,115643
4102,74654,92128
4103,232268,273863
4104,2562078,3499959
4105,78953,101191
4106,120978,166864
4107,7431898,9791360
4108,2429708,2810984
4109,551258,658970
4110,557841,710522
4111,207982,259168
4112,151645,191055
4113,70224,88078
4114,322941,426631
4115,216792,291950
4116,67541,72488
4117,1681154,2118261
4118,1345205,1646404
4119,242027,286557
4120,972835,1152645
4121,448272,578203
4122,1059006,1445505
4123,322244,381568
4124,539218,717721
4125,817034,1263863
4126,451641,592486
4127,911356,1194867
4128,176809,226541
4129,186169,209728
4130,193105,244538
4131,253127,295136
4132,180984,229771
4133,166772,210865
4134,1349229,1697658
4135,154108,151959
4136,745791,996929
4137,10422701,9873557
4138,247325,304070
4139,110318,141211
4140,3737590,5041648
4141,225090,265519
4142,952649,1258625
4143,1871587,2445567
4144,893646,1161121
4145,599457,745356
4146,641261,766139
4147,202248,242210
4148,5700087,6935233
4149,73437739,86939832
4150,275921,423490
4151,86963,97406
4152,756891,1042530
4153,469407,561374
4154,51337,67463
4155,110755,135967
4156,2725995,4382611
4157,80396,104816
4158,185025,239627
4159,348540,431905
4160,1401815,2028859
4161,737489,923966
4162,2103635,2583331
4163,491529,658026
4164,143451,186861
4165,604075,780110
4166,328115,406831
4167,292098,357499
4168,220294,271622
4169,82855,103646
4170,731569,915862
4171,170314,213999
4172,174029,236128
4173,226644,316967
4174,154002,196533
4175,561175,740827
4176,566961,665090
4177,294154,369628
4178,129729,129952
4179,5114786,6457543
4180,319373,390390
4181,343304,445000
4182,1423366,1854065
4183,1577292,2144255
4184,13986245,15551288
4185,390969,453537
4186,96327,125472
4187,378718,483230
4188,517496,707667
4189,129293,166664
4190,287223,335239
4191,515937,598261
4192,446847,551794
4193,160699,210938
4194,75575,86070
4195,193204,239995
4196,131292,172104
4197,123801,146503
4198,163381,206839
4199,283185,343682
4200,218899,267791
4201,148366,175379
4202,59940,81237
4203,98773,125162
4204,115124,141264
4205,1091060,1293677
4206,288689,349488
4207,110908,137553
4208,389914,481197
4209,122162,149293
4210,484760,522218
4211,162092,203533
4212,109402,138933
4213,186375,232418
4214,110570,120981
4215,637015,805778
4216,566529,726622
4217,1158523,1517580
4218,169856,190822
4219,280072,352192
4220,159277,191197
4221,8624987,6908373
4222,107898,137068
4223,133109,160997
4224,352272,473900
4225,62766,82270
4226,450593,584614
4227,282247,319202
4228,711836,934349
4229,1732690,2265253
4230,1115144,1039083
4231,610350,820367
4232,642046,839887
4233,69441,85633
4234,298207,254534
4235,468101,575214
4236,603321,723250
5001,141992,195828
5002,12440784,15662220
5003,138262,160921
5004,34552,42554
5005,150789,209117
5006,50061,68329
5007,616322,902783
5008,219232,319913
5009,65525,79464
5010,709586,941920
5011,386631,471284
5012,151183,192335
5013,325030,335923
5014,45864,63583
5015,88429,128584
5016,433611,447254
5017,109336,140519
5018,139463,168163
5019,661417,514464
5020,60456,474184
5021,1394838,1735797
5022,106965,131975
5023,605673,615957
5024,373657,540233
5025,118372,150902
5026,1002193,1260346
5027,140410,225342
5028,52506,65460
5029,48166,54170
5030,123141,154742
5031,804224,955847
5032,78555,106164
5033,6845358,7608526
5034,62292,75044
5035,81976,90161
5036,97584,126682
5037,570418,986508
5038,173825,302413
5039,227776,272995
5040,32758,42580
5041,44911,58994
5042,162616,165672
5043,546570,646383
5044,386259,595842
5045,273330,341016
5046,2042133,2581922
5047,140718,168954
5048,295942,443813
5049,34929,42669
5050,73781,90976
5051,86389,100644
5052,101429,363648
5053,84497,104812
5054,84899,102924
5055,51547,69177
5056,64391,69280
5057,213313,276161
5058,207991,244663
5059,1269833,1527022
5060,27991,33800
5061,67413,88302
5062,315838,442765
5063,98702,120094
5064,70837,89996
5065,81381,101030
5066,38240,48944
5067,269032,326107
5068,94311,124483
5069,165928,632670
5070,51593,68290
5071,51509,61082
5072,135828,178124
5073,1828142,2455739
5074,1111118,1315680
5075,82889,101177
5076,157980,195279
5077,320482,372703
5078,55529,65325
5079,130282,158962
5080,271451,348751
5081,32366,45922
5082,24186139,31162043
5083,474716,573358
5084,560495,629221
5085,47532,58972
5086,61703,80889
5087,43930,56062
5088,55256,62150
5089,606239,524974
5090,368924,473775
5091,152322,179582
5092,46128,46583
5093,160912,198146
5094,309583,380369
5095,709328,827724
5096,293283,325405
5097,36126,65240
5098,79994,282103
5099,173615,200896
5100,757491,668530
5101,41829,50550
5102,131859,161103
5103,78933,99832
5104,109306,150413
5105,169428,182889
5106,53271,61865
5107,43450,48290
5108,37507,42857
5109,43512,53836
5110,192156,319931
5111,59192,67765
5112,126772,218239
5113,619036,716309
5114,36353,51449
5115,302533,339515
5116,45623,58251
5117,63596,77560
5118,54447,74357
5119,1905641,2588564
5120,84585,100073
5121,1040956,1457800
5122,125090,165230
5123,83854,106548
5124,362942,467934
5125,1307475,1727768
5126,55799,72504
5127,88674,108235
5128,111773,184856
5129,76920,100458
5130,60475,79950
5131,116486,114536
5132,57410,84833
5133,118874,162339
5134,71897,92368
5135,63098,96870
5136,53783,64195
5137,32472,43556
5138,155197,184091
5139,201782,225000
5140,113586,142795
5141,415829,576215
5142,43617,47341
5143,151205,167072
5144,214152,370220
5145,133469,167326
5146,23238,29717
5147,44403,49863
6001,92268,107368
6002,60256,68585
6003,300766,367232
6004,389679,457646
6005,138844,166686
6006,498918,610858
6007,210321,262849
6008,3391901,3148252
6009,273258,347715
6010,231127,292640
6011,1600042,2067853
6012,186121,233113
6013,112505,133977
6014,241180,286116
6015,258030,355512
6016,55081,63268
6017,62686,81463
6018,362436,429500
6019,433519,525913
6020,108130,130462
6021,279647,370980
6022,263603,332318
6023,201508,250629
6024,85061,101524
6025,1367700,1899000
6026,217642,268655
6027,78754,93160
6028,127817,175517
6029,51771,63601
6030,10553382,13228189
6031,32154,40310
6032,54738,66561
6033,96760,119586
6034,60877,73095
6035,69315,80671
6036,176735,243608
6037,64523,79111
6038,416707,545157
6039,145605,210778
6040,3137677,4092777
6041,125141,153125
6042,39217,45669
6043,154293,179299
6044,140171,178779
6045,114556,148997
6046,1231837,1808447
6047,600653,753697
6048,74927,92129
6049,71860,87713
6050,1013501,1347933
6051,97793,126623
6052,31011,39802
6053,423792,512389
6054,53095,63519
6055,506809,622714
6056,246401,297666
6057,90623,89037
6058,1274198,1648300
6059,61917,85465
6060,250138,255021
6061,172191,217988
6062,191764,253013
6063,76970,102129
6064,259732,321222
6065,66817,87664
6066,26853,33783
6067,39511,50452
6068,59527,75548
6069,94022,117418
6070,100182,123148
6071,41741,46042
6072,709828,851650
6073,105579,135441
6074,30352,38774
6075,1778824,1489288
6076,151393,201227
6077,67858,90624
6078,58012,63597
6079,98470,105988
6080,245641,338281
6081,336826,417387
6082,342219,445867
6083,206834,261025
6084,154474,211522
6085,222773,287774
6086,108477,134879
6087,21865637,28442131
6088,73279,93223
6089,96811,128192
6090,117631,150461
6091,87525,111022
6092,51364,65991
6093,83716,104437
6094,310520,416794
6095,29567,37248
6096,70182,83602
6097,222862,279944
6098,38696,45505
6099,79951,77516
6100,101623,110034
6101,427428,516440
6102,242496,303052
6103,130597,196173
6104,229876,231046
6105,231423,301989
6106,164588,220317
6107,55405,68335
6108,48173,59800
6109,636488,842417
6110,98547,111589
6111,95639,116149
6112,66198,81441
6113,99828,114955
6114,57973,69482
6115,49111,54633
6116,62018,76534
6117,43664,53270
6118,38371,47542
6119,58584,72837
6120,1998302,2555214
6121,157586,200281
6122,37568,48602
6123,80276,94715
6124,656966,836969
6125,206946,246685
6126,208820,237101
6127,95609,133896
6128,51324,64516
6129,95327,120990
6130,431304,479172
6131,285031,334112
6132,266466,345352
6133,64814,83660
6134,301047,386741
6135,138075,189387
6136,607307,788732
6137,26818,30647
6138,847281,1061279
6139,92854,111761
6140,33513,40278
6141,129057,177321
6142,157096,209020
6143,62329,74312
6144,62387,84256
6145,372903,573425
6146,51164,60940
6147,67491,81502
6148,2580592,3163544
6149,57292,66909
6150,568731,724346
6151,41004,51496
6152,72192,87269
6153,55708,63973
6154,55035,66469
6155,230936,289437
6156,32491,41022
6157,125303,129591
6158,82591,101241
6159,82966,122551
6160,106031,133993
6161,67545,81809
6162,90035,112003
6163,37107,47507
6164,33251,40406
6165,71258,74715
6166,67798,79579
6167,253441,319643
6168,91865,106670
6169,140211,167333
6170,37673,46408
7001,7315910,9128788
7002,541816,651001
7003,209815,271668
7004,352858,368076
7005,401277,464972
7006,401111,489637
7007,144945,199751
7008,413314,472449
7009,222589,302022
7010,294407,307792
7011,142260,186927
7012,6016952,7232553
7013,1272092,1777713
7014,1215383,1503621
7015,146943,197017
7016,503988,645437
7017,99499,110733
7018,366293,715390
7019,2765036,3429628
7020,105307,125498
7021,962826,1089685
7022,317010,388247
7023,643151,801671
7024,366988,419042
7025,539340,736191
7026,183679,226948
7027,83879,95683
7028,461357,530035
7029,133152,163217
7030,549015,647063
7031,13706389,15897620
7032,440863,536175
7033,254369,290338
7034,423727,503212
7035,115299,134331
7036,50300,62249
7037,3673880,4227611
7038,181161,209246
7039,285369,427495
7040,253171,364996
7041,244054,266090
7042,260610,288793
7043,528636,690318
7044,2045550,2265391
7045,8663525,11238434
7046,1091139,1351037
7047,360566,390075
7048,125401,133554
7049,168758,190273
7050,251193,325129
7051,250915,294987
7052,192016,211880
7053,121502,147761
7054,109260,163890
7055,283576,355809
7056,593880,759609
7057,8240063,10889384
7058,1306431,1582303
7059,325117,440315
7060,247550,274542
7061,229561,304923
7062,132503,171423
7063,192902,245679
7064,131441,152032
7065,274258,248184
7066,3077112,3834635
7067,554616,626114
7068,10662964,13893623
7069,78432,91071
7070,1359681,1637743
7071,195800,236013
7072,330119,425355
7073,85527,99153
7074,112369,122068
7075,336033,459358
7076,50497,65457
7077,14929346,17972323
7078,340374,412535
7079,71286,82430
7080,283413,390249
7081,299232,298295
7082,522657,586823
7083,139873,170269
7084,160857,223249
7085,16133556,20281298
7086,204291,239379
7087,154862,192384
7088,1829669,1752217
7089,316644,354879
7090,181310,164491
7091,343494,389940
7092,132840,146166
7093,482859,551074
7094,139223,150180
7095,135443,168831
7096,1020844,1495502
7097,585576,706467
7098,838343,991140
7099,283578,359208
7100,216295,271714
7101,163406,221207
7102,892506,1118309
7103,688468,777087
7104,5788250,7024917
7105,398794,582870
7106,186448,192309
7107,1025935,1305979
7108,924146,1156052
7109,79959,91362
7110,229556,239945
7111,285773,306364
7112,213190,268156
7113,264547,293500
7114,926328,1151981
7115,306398,426036
7116,869651,1082144
7117,102107,132807
7118,532583,635845
7119,291696,320399
7120,192325,211463
7121,54970302,66351305
7122,260563,289327
7123,576407,601649
7124,775705,806842
7125,176225,204199
7126,80938,76619
7127,1002105,1389969
7128,171051,251854
7129,248264,269694
7130,270912,345928
7131,1925734,2125695
7132,122262,151435
7133,114824,122739
7134,117017,129076
7135,1485706,1909078
7136,447679,575982
7137,390211,374387
7138,185467,258411
7139,291007,389471
7140,341544,529903
7141,441117,471426
7142,209528,384212
7143,1693347,2003113
7144,161153,195989
7145,367389,404067
7146,722495,861417
7147,90987,106462
7148,56661,63051
7149,314903,358223
7150,149159,221749
7151,251978,262198
7152,334642,402088
7153,75618,91621
7154,95262,125359
7155,746607,905265
7156,764572,812755
7157,176619,198570
7158,419024,654211
7159,227130,275931
7160,89139,95042
7161,247349,291065
7162,80931,103221
7163,194511,228836
7164,519426,615581
7165,4551843,6095992
8001,347709,365562
8002,250500,276952
8003,6396991,7331127
8004,1500460,1637107
8005,498878,661060
8006,238456,304436
8007,229982,308733
8008,191336,187160
8009,151407,196377
8010,506081,565491
8011,775435,849267
8012,140487,195083
8013,207919,223748
8014,142578,202533
8015,734766,884685
8016,106142,113470
8017,166521,235141
8018,248032,250653
8019,90803,97601
8020,175489,289693
8021,211514,234385
8022,397415,367109
8023,96056,115662
8024,4895468,5393502
8025,673915,911191
8026,105272,140027
8027,1335971,1544315
8028,427598,500385
8029,164034,218958
8030,297791,251580
8031,549600,602812
8032,196489,223883
8033,311967,328695
8034,571877,697572
8035,174776,210039
8036,74960,78412
8037,194531,144753
8038,252002,329293
8039,77897,81577
8040,520994,541697
8041,550087,705482
8042,273062,333780
8043,685194,806003
8044,27485311,33749576
8045,283475,296433
8046,1118908,1219926
8047,90758,134024
8048,3409648,3185683
8049,188010,222264
8050,50951,51607
8051,354641,400974
8052,385920,514991
8053,221131,351253
8054,74515,90125
8055,78347,109208
8056,588158,1080389
8057,187256,240603
8058,271809,343111
8059,92959,100592
8060,70179,72758
8061,108872,135134
8062,110475,150495
8063,45927,48822
8064,266647,282237
8065,337360,378391
8066,105576,108187
8067,983959,1159276
8068,458416,480484
8069,676236,957605
8070,59445,53808
8071,344069,358241
8072,125628,146801
8073,412903,544520
8074,333231,451598
8075,268907,294351
8076,189081,195018
8077,1423072,2032761
8078,204149,247076
8079,277405,199948
8080,767537,1000599
8081,1408592,1127361
8082,129340,123934
8083,588009,816993
8084,332854,421128
8085,943729,1052903
8086,243495,308510
8087,858876,736908
8088,261004,369184
8089,92175,92869
8090,510846,664759
8091,297000,357715
8092,1416193,1693998
8093,594195,596814
9001,37967,49412
9002,287874,362299
9003,18405678,22291877
9004,140122,203787
9005,252263,353834
9006,2581592,2478982
9007,333080,436636
9008,95886,122926
9009,237677,354386
9010,84436,95135
9011,2895222,2967957
9012,385290,595061
9013,379818,723769
9014,422601,464417
9015,64293,84949
9016,250777,589914
9017,69489,82671
9018,188619,240797
9019,2126563,1473225
9020,114918,169357
9021,324741,551019
9022,179511,217566
9023,43532,50397
9024,100982,139799
9025,101815,118392
9026,229670,322888
9027,2213275,2942686
9028,535797,865772
9029,81127,101138
9030,880245,562366
9031,527939,549070
9032,210654,298620
9033,1798319,2177825
9034,1162007,638033
9035,89535,136318
9036,52760,67244
9037,173218,224467
9038,448414,320963
9039,206468,280140
9040,218953,337201
9041,96660,112544
9042,437739,543320
9043,109900,209605
9044,790790,1048320
9045,415736,540610
9046,91165,115910
9047,3232698,2852077
9048,236643,219432
9049,48012,74512
9050,98936,128570
9051,91574,141417
9052,137922,155336
9053,416245,763539
9054,322302,388823
9055,366553,637808
9056,554299,614880
9057,328904,419339
9058,222401,240563
9059,339443,372071
9060,468956,391878
9061,217519,320943
9062,192690,238278
9063,55084,59186
9064,167665,227942
9065,1031740,1392938
9066,135227,161345
9067,56034,61511
9068,49842,79123
9069,790408,925387
9070,176736,201981
9071,44121,53467
9072,655791,1150010
9073,146965,208833
9074,401569,721872
10001,70037,84854
10002,208481,224239
10003,144341,186446
10004,694736,835493
10005,158357,174798
10006,77947,102934
10007,53699,75418
10008,4832323,6030849
10009,3223081,4109853
10010,62839,79711
10011,463246,608765
10012,437827,521349
10013,2451151,3084989
10014,224788,299895
10015,209836,271523
10016,1221043,1512728
10017,190379,229298
10018,78771,118552
10019,264451,328644
10020,124246,138793
10021,82589,108500
10022,148460,191758
10023,751948,897798
10024,145622,174004
10025,490958,642812
10026,103680,138749
10027,435214,588784
10028,79992,107370
10029,136886,180021
10030,263675,362686
10031,194474,226704
10032,829005,1070961
10033,795359,1017250
10034,376926,589439
10035,573207,540750
10036,115644,143356
10037,77839,107927
10038,15840762,21058523
10039,371241,443194
10040,1431334,1710357
10041,79870,112869
10042,373616,432368
10043,169334,217596
10044,145254,234654
10045,190054,247732
10046,155182,187249
10047,1888306,2229248
10048,745318,888350
10049,117753,146376
10050,897068,1830330
10051,188737,221071
10052,370637,534794
10053,144196,168676
10054,126161,146903
10055,96352,141253
10056,1781802,1931839
10057,276224,309339
10058,77336,97532
10059,417572,562005
10060,479138,521416
10061,363603,429993
10062,92224,127401
10063,1217824,1364075
10064,430083,560670
10065,1508842,1442325
10066,244335,385165
10067,354111,470760
10068,37043063,29796696
10069,679235,805677
10070,295119,383421
10071,2335349,1856741
10072,84823,110069
10073,519094,676124
10074,67739,84961
10075,6824935,5750026
10076,140513,170088
10077,244448,289057
10078,352265,510493
10079,947511,1163215
10080,815145,1082434
10081,3160844,3994103
10082,219696,296361
10083,357855,413319
10084,117844,140042
10085,351409,460175
10086,874879,1135276
10087,848492,1027139
10088,80904,93082
10089,695021,928641
10090,154454,180701
10091,105377,137581
10092,679277,802113
10093,155100,214616
10094,190857,256643
10095,559255,733217
10096,375845,430602
10097,200105,236507
10098,883550,1122063
10099,2761495,2634469
10100,288432,365282
10101,239311,289597
10102,50705,63627
10103,225909,325844
10104,70616,79050
10105,407008,484270
10106,175063,258088
10107,4624793,5334208
10108,338795,444949
10109,45856,57703
10110,205809,262120
10111,157829,218525
10112,1041984,1279175
10113,354901,499932
10114,126035,155287
10115,142114,177243
10116,43268,60840
10117,76577,104130
10118,366936,388902
10119,680875,790786
10120,731443,810980
10121,3754477,4913995
10122,17287746,21846455
10123,295855,416731
10124,70961,88592
10125,101470,134079
10126,4609105,5334933
10127,562545,726531
10128,133421,563487
10129,254116,297615
10130,76384,91564
10131,221824,284847
10132,1652174,2028013
10133,279298,318837
10134,332808,370278
10135,236733,309737
10136,98696,121230
10137,206488,265632
10138,442996,517754
10139,196041,224503
10140,177643,201181
10141,117147,155050
10142,37302,48874
10143,285725,385351
10144,450754,486182
10145,206991,274185
10146,218656,282512
10147,155356,181670
10148,415176,544229
10149,56326,72148
10150,198181,237186
10151,246107,282578
10152,5165434,7234381
10153,625516,728057
10154,105039,141404
10155,567652,714938
10156,773290,931509
10157,100298,138064
10158,77968,81310
10159,102575,128688
10160,897724,695113
10161,285797,385665
10162,4288992,5679557
10163,995761,1267187
10164,4272313,5242771
10165,427090,563115
10166,126615,151142
10167,128429,162850
10168,1102618,746823
10169,127478,153619
10170,613463,953981
10171,89468,110197
10172,255369,382795
10173,1237391,1547930
10174,103343,118906
10175,294534,403898
10176,81829,110577
10177,293429,341096
10178,246765,298514
10179,106333,135712
10180,335601,329116
10181,1466169,1938472
10182,438660,534863
10183,94612,124199
10184,100679,105758
10185,330772,375540
10186,531678,678770
10187,120556,152011
10188,351480,429678
10189,250715,281112
10190,256554,341991
10191,484258,577874
10192,321254,417646
10193,122734,150696
10194,1197315,805704
10195,206796,261121
10196,168106,217807
10197,3175607,3882707
10198,604396,792065
10199,150225,195943
10200,175501,253023
10201,6025678,7068148
10202,113552,151838
10203,68637,87228
10204,55228,70953
10205,292274,344541
10206,112925,132126
10207,60929,66280
10208,734132,794699
10209,64992,83252
10210,7322788,8918480
10211,170248,210370
10212,157145,165212
10213,574693,705491
10214,90666,108592
10215,226872,269681
10216,430548,549586
10217,67455,80972
10218,63497079,77409215
10219,150266,203874
10220,204964,210896
10221,270614,364092
10222,80501,111365
10223,139733,165432
10224,379371,507187
10225,402216,479212
10226,343435,434712
10227,94273,119538
10228,161322,193317
10229,1307567,1734857
10230,409291,529961
10231,514264,505592
10232,272751,340200
10233,144021,181064
10234,141314,167191
10235,459587,590805
10236,78576,102667
10237,106587,132840
10238,774984,599591
10239,2213929,3127407
10240,198985,219477
10241,66760,86329
10242,470758,511682
10243,330399,463721
10244,185842,201028
10245,418299,506165
10246,174011,227966
10247,73231,89840
10248,271385,341842
10249,575879,699744
10250,241905,296049
10251,291778,420124
10252,80572,110003
10253,237973,291639
10254,107772,153919
10255,270522,310453
10256,260302,327813
10257,105694,135359
10258,3964729,4258891
10259,52230,68924
10260,119243,178830
10261,242589,220692
10262,291131,367179
10263,296449,285213
10264,79283,92317
10265,187717,218911
10266,79136,88316
10267,309692,324874
10268,1843255,3036559
10269,114890,151243
10270,718093,893316
10271,132058,167733
10272,2078623,2612387
10273,227708,277904
10274,486107,573383
10275,149704,175548
10276,1539859,1896806
10277,155831,198436
10278,115515,143762
10279,100333,119203
10280,1030915,1275892
10281,143383,162518
10282,392238,537946
10283,201345,250081
10284,180434,229692
10285,119246,161580
10286,71169,77737
10287,76085,113748
10288,521838,678133
10289,600085,696761
10290,343471,426643
10291,68800,84482
10292,1283718,1555343
10293,2449482,3028414
10294,913473,1295366
10295,5846224,8525862
10296,356751,459591
10297,172669,198066
10298,211989,282891
10299,13095067,26505737
10300,1156472,1673386
10301,176578,207568
10302,849766,957089
10303,213065,343805
10304,257706,352993
10305,102999,120918
10306,625080,861825
10307,107168,123933
10308,1714711,1566194
10309,199802,261412
10310,138171,175258
10311,118127,153750
10312,6340237,8508321
10313,135851,177203
10314,268071,341963
10315,252999,315577
10316,66752,83841
10317,221530,254682
10318,148710,174265
10319,177343,123381
10320,191244,238098
10321,216597,279612
10322,170369,164871
10323,544589,823511
10324,234752,318312
10325,228976,305087
10326,244475,316059
10327,223669,264213
10328,175916,177265
10329,199656,232370
10330,296011,384146
10331,185676,297919
10332,116185,154661
10333,601816,709330
10334,8218063,12666571
10335,89462,115311
10336,331451,424520
