code_muni,ano,serie,value
2100055,2021,PIB,3828533
2100055,2023,PIB,4274162
2100105,2021,PIB,85052
2100105,2023,PIB,105581
2100154,2021,PIB,101642
2100154,2023,PIB,130746
2100204,2021,PIB,148763
2100204,2023,PIB,170261
2100303,2021,PIB,249396
2100303,2023,PIB,335246
2100402,2021,PIB,71512
2100402,2023,PIB,88343
2100436,2021,PIB,303118
2100436,2023,PIB,378314
2100477,2021,PIB,251719
2100477,2023,PIB,310142
2100501,2021,PIB,578961
2100501,2023,PIB,573769
2100550,2021,PIB,70198
2100550,2023,PIB,95026
2100600,2021,PIB,388636
2100600,2023,PIB,500782
2100709,2021,PIB,207606
2100709,2023,PIB,255439
2100808,2021,PIB,149102
2100808,2023,PIB,192813
2100832,2021,PIB,133946
2100832,2023,PIB,170117
2100873,2021,PIB,101728
2100873,2023,PIB,127935
2100907,2021,PIB,282769
2100907,2023,PIB,351324
2100956,2021,PIB,290315
2100956,2023,PIB,320623
2101004,2021,PIB,313251
2101004,2023,PIB,422713
2101103,2021,PIB,97422
2101103,2023,PIB,118131
2101202,2021,PIB,1514560
2101202,2023,PIB,1912868
2101251,2021,PIB,599285
2101251,2023,PIB,466226
2101301,2021,PIB,122872
2101301,2023,PIB,156363
2101350,2021,PIB,39590
2101350,2023,PIB,52138
2101400,2021,PIB,6307425
2101400,2023,PIB,7529798
2101509,2021,PIB,268538
2101509,2023,PIB,309910
2101608,2021,PIB,889190
2101608,2023,PIB,1157930
2101707,2021,PIB,635711
2101707,2023,PIB,816789
2101731,2021,PIB,60711
2101731,2023,PIB,100863
2101772,2021,PIB,107543
2101772,2023,PIB,133414
2101806,2021,PIB,73150
2101806,2023,PIB,94454
2101905,2021,PIB,138114
2101905,2023,PIB,166173
2101939,2021,PIB,105114
2101939,2023,PIB,276118
2101970,2021,PIB,67540
2101970,2023,PIB,93312
2102002,2021,PIB,411352
2102002,2023,PIB,571101
2102036,2021,PIB,375665
2102036,2023,PIB,456766
2102077,2021,PIB,117960
2102077,2023,PIB,149056
2102101,2021,PIB,328633
2102101,2023,PIB,426439
2102150,2021,PIB,71065
2102150,2023,PIB,90089
2102200,2021,PIB,277919
2102200,2023,PIB,332530
2102309,2021,PIB,238673
2102309,2023,PIB,309327
2102325,2021,PIB,748028
2102325,2023,PIB,1008378
2102358,2021,PIB,122474
2102358,2023,PIB,156524
2102374,2021,PIB,60974
2102374,2023,PIB,85043
2102408,2021,PIB,70653
2102408,2023,PIB,81775
2102507,2021,PIB,128078
2102507,2023,PIB,155103
2102556,2021,PIB,214011
2102556,2023,PIB,303257
2102606,2021,PIB,146788
2102606,2023,PIB,204526
2102705,2021,PIB,153398
2102705,2023,PIB,233273
2102754,2021,PIB,283976
2102754,2023,PIB,215754
2102804,2021,PIB,525893
2102804,2023,PIB,595614
2102903,2021,PIB,201999
2102903,2023,PIB,246447
2103000,2021,PIB,2112638
2103000,2023,PIB,2696021
2103109,2021,PIB,78583
2103109,2023,PIB,86165
2103125,2021,PIB,58347
2103125,2023,PIB,69154
2103158,2021,PIB,103737
2103158,2023,PIB,137520
2103174,2021,PIB,200757
2103174,2023,PIB,236610
2103208,2021,PIB,894366
2103208,2023,PIB,1130462
2103257,2021,PIB,183560
2103257,2023,PIB,242330
2103307,2021,PIB,1648585
2103307,2023,PIB,1808033
2103406,2021,PIB,465859
2103406,2023,PIB,486211
2103505,2021,PIB,553171
2103505,2023,PIB,729810
2103554,2021,PIB,147189
2103554,2023,PIB,159750
2103604,2021,PIB,533579
2103604,2023,PIB,637484
2103703,2021,PIB,264536
2103703,2023,PIB,343104
2103752,2021,PIB,190193
2103752,2023,PIB,218072
2103802,2021,PIB,262555
2103802,2023,PIB,314608
2103901,2021,PIB,86904
2103901,2023,PIB,108748
2104008,2021,PIB,158978
2104008,2023,PIB,202856
2104057,2021,PIB,1134821
2104057,2023,PIB,1195399
2104073,2021,PIB,118004
2104073,2023,PIB,132983
2104081,2021,PIB,100418
2104081,2023,PIB,159761
2104099,2021,PIB,202149
2104099,2023,PIB,257048
2104107,2021,PIB,346695
2104107,2023,PIB,354448
2104206,2021,PIB,143297
2104206,2023,PIB,214307
2104305,2021,PIB,2658688
2104305,2023,PIB,855186
2104404,2021,PIB,150061
2104404,2023,PIB,187080
2104503,2021,PIB,91904
2104503,2023,PIB,123047
2104552,2021,PIB,374988
2104552,2023,PIB,448007
2104602,2021,PIB,118426
2104602,2023,PIB,195174
2104628,2021,PIB,71080
2104628,2023,PIB,108305
2104651,2021,PIB,84172
2104651,2023,PIB,120254
2104677,2021,PIB,257972
2104677,2023,PIB,324762
2104701,2021,PIB,54153
2104701,2023,PIB,66886
2104800,2021,PIB,1149733
2104800,2023,PIB,1415488
2104909,2021,PIB,93393
2104909,2023,PIB,104271
2105005,2021,PIB,184363
2105005,2023,PIB,241228
2105104,2021,PIB,178923
2105104,2023,PIB,211921
2105153,2021,PIB,370653
2105153,2023,PIB,464887
2105203,2021,PIB,117728
2105203,2023,PIB,138144
2105302,2021,PIB,7692904
2105302,2023,PIB,9475802
2105351,2021,PIB,107285
2105351,2023,PIB,136089
2105401,2021,PIB,772830
2105401,2023,PIB,889928
2105427,2021,PIB,489226
2105427,2023,PIB,687514
2105450,2021,PIB,75689
2105450,2023,PIB,83460
2105476,2021,PIB,125733
2105476,2023,PIB,174125
2105500,2021,PIB,270611
2105500,2023,PIB,362692
2105609,2021,PIB,116543
2105609,2023,PIB,139774
2105658,2021,PIB,61701
2105658,2023,PIB,71491
2105708,2021,PIB,550404
2105708,2023,PIB,621148
2105807,2021,PIB,86638
2105807,2023,PIB,108264
2105906,2021,PIB,135733
2105906,2023,PIB,169405
2105922,2021,PIB,97006
2105922,2023,PIB,211547
2105948,2021,PIB,83983
2105948,2023,PIB,104301
2105963,2021,PIB,102432
2105963,2023,PIB,128791
2105989,2021,PIB,101467
2105989,2023,PIB,122752
2106003,2021,PIB,274539
2106003,2023,PIB,237817
2106102,2021,PIB,413263
2106102,2023,PIB,390947
2106201,2021,PIB,57337
2106201,2023,PIB,72747
2106300,2021,PIB,140962
2106300,2023,PIB,181567
2106326,2021,PIB,208574
2106326,2023,PIB,275246
2106359,2021,PIB,90804
2106359,2023,PIB,116023
2106375,2021,PIB,120910
2106375,2023,PIB,146664
2106409,2021,PIB,179196
2106409,2023,PIB,226303
2106508,2021,PIB,196744
2106508,2023,PIB,232534
2106607,2021,PIB,256347
2106607,2023,PIB,334401
2106631,2021,PIB,99315
2106631,2023,PIB,134625
2106672,2021,PIB,64341
2106672,2023,PIB,94017
2106706,2021,PIB,277811
2106706,2023,PIB,389857
2106755,2021,PIB,788580
2106755,2023,PIB,578366
2106805,2021,PIB,112050
2106805,2023,PIB,133235
2106904,2021,PIB,257635
2106904,2023,PIB,280367
2107001,2021,PIB,86487
2107001,2023,PIB,119453
2107100,2021,PIB,149899
2107100,2023,PIB,190452
2107209,2021,PIB,88513
2107209,2023,PIB,109174
2107258,2021,PIB,86427
2107258,2023,PIB,95718
2107308,2021,PIB,50966
2107308,2023,PIB,53436
2107357,2021,PIB,183142
2107357,2023,PIB,171963
2107407,2021,PIB,188363
2107407,2023,PIB,225755
2107456,2021,PIB,107282
2107456,2023,PIB,132761
2107506,2021,PIB,1240349
2107506,2023,PIB,1643537
2107605,2021,PIB,139099
2107605,2023,PIB,188190
2107704,2021,PIB,183353
2107704,2023,PIB,210302
2107803,2021,PIB,322943
2107803,2023,PIB,381793
2107902,2021,PIB,200088
2107902,2023,PIB,207014
2108009,2021,PIB,309499
2108009,2023,PIB,322652
2108058,2021,PIB,118326
2108058,2023,PIB,157984
2108108,2021,PIB,194140
2108108,2023,PIB,261075
2108207,2021,PIB,787660
2108207,2023,PIB,830171
2108256,2021,PIB,157863
2108256,2023,PIB,225795
2108306,2021,PIB,253736
2108306,2023,PIB,313292
2108405,2021,PIB,95936
2108405,2023,PIB,110020
2108454,2021,PIB,230427
2108454,2023,PIB,277935
2108504,2021,PIB,296184
2108504,2023,PIB,356584
2108603,2021,PIB,1039933
2108603,2023,PIB,1333000
2108702,2021,PIB,191327
2108702,2023,PIB,269345
2108801,2021,PIB,130764
2108801,2023,PIB,185469
2108900,2021,PIB,163076
2108900,2023,PIB,221327
2109007,2021,PIB,1026076
2109007,2023,PIB,1252850
2109056,2021,PIB,45856
2109056,2023,PIB,63769
2109106,2021,PIB,755699
2109106,2023,PIB,990073
2109205,2021,PIB,84479
2109205,2023,PIB,102458
2109239,2021,PIB,60682
2109239,2023,PIB,74488
2109270,2021,PIB,164968
2109270,2023,PIB,186043
2109304,2021,PIB,76166
2109304,2023,PIB,108884
2109403,2021,PIB,89083
2109403,2023,PIB,120508
2109452,2021,PIB,286153
2109452,2023,PIB,381071
2109502,2021,PIB,673197
2109502,2023,PIB,687701
2109551,2021,PIB,124192
2109551,2023,PIB,149001
2109601,2021,PIB,443176
2109601,2023,PIB,522395
2109700,2021,PIB,474703
2109700,2023,PIB,433340
2109759,2021,PIB,60203
2109759,2023,PIB,71886
2109809,2021,PIB,357951
2109809,2023,PIB,483903
2109908,2021,PIB,1465933
2109908,2023,PIB,1837615
2110005,2021,PIB,743420
2110005,2023,PIB,985809
2110039,2021,PIB,253332
2110039,2023,PIB,382764
2110104,2021,PIB,218445
2110104,2023,PIB,391678
2110203,2021,PIB,354631
2110203,2023,PIB,364746
2110237,2021,PIB,74090
2110237,2023,PIB,115748
2110278,2021,PIB,95932
2110278,2023,PIB,131658
2110302,2021,PIB,3055535
2110302,2023,PIB,5184564
2110401,2021,PIB,143437
2110401,2023,PIB,186474
2110500,2021,PIB,312160
2110500,2023,PIB,404149
2110609,2021,PIB,281177
2110609,2023,PIB,384189
2110658,2021,PIB,320522
2110658,2023,PIB,339609
2110708,2021,PIB,355916
2110708,2023,PIB,479852
2110807,2021,PIB,86158
2110807,2023,PIB,92001
2110856,2021,PIB,121253
2110856,2023,PIB,138737
2110906,2021,PIB,98973
2110906,2023,PIB,127389
2111003,2021,PIB,135595
2111003,2023,PIB,152916
2111029,2021,PIB,123006
2111029,2023,PIB,143797
2111052,2021,PIB,151458
2111052,2023,PIB,226525
2111078,2021,PIB,156360
2111078,2023,PIB,208559
2111102,2021,PIB,340970
2111102,2023,PIB,444285
2111201,2021,PIB,2293735
2111201,2023,PIB,3135579
2111250,2021,PIB,61940
2111250,2023,PIB,75930
2111300,2021,PIB,36533730
2111300,2023,PIB,42389051
2111409,2021,PIB,170048
2111409,2023,PIB,198315
2111508,2021,PIB,429232
2111508,2023,PIB,586548
2111532,2021,PIB,127603
2111532,2023,PIB,149359
2111573,2021,PIB,83541
2111573,2023,PIB,103928
2111607,2021,PIB,739621
2111607,2023,PIB,1090033
2111631,2021,PIB,43955
2111631,2023,PIB,62616
2111672,2021,PIB,45766
2111672,2023,PIB,58526
2111706,2021,PIB,145752
2111706,2023,PIB,183735
2111722,2021,PIB,93076
2111722,2023,PIB,107921
2111748,2021,PIB,101830
2111748,2023,PIB,145324
2111763,2021,PIB,187130
2111763,2023,PIB,225141
2111789,2021,PIB,72441
2111789,2023,PIB,118312
2111805,2021,PIB,221499
2111805,2023,PIB,292191
2111904,2021,PIB,126217
2111904,2023,PIB,193909
2111953,2021,PIB,47999
2111953,2023,PIB,63214
2112001,2021,PIB,2351422
2112001,2023,PIB,2616708
2112100,2021,PIB,196337
2112100,2023,PIB,248536
2112209,2021,PIB,2320671
2112209,2023,PIB,2840126
2112233,2021,PIB,525500
2112233,2023,PIB,436529
2112274,2021,PIB,60049
2112274,2023,PIB,75760
2112308,2021,PIB,365192
2112308,2023,PIB,410127
2112407,2021,PIB,295916
2112407,2023,PIB,414975
2112456,2021,PIB,223067
2112456,2023,PIB,280000
2112506,2021,PIB,546155
2112506,2023,PIB,642713
2112605,2021,PIB,247485
2112605,2023,PIB,315151
2112704,2021,PIB,433473
2112704,2023,PIB,467351
2112803,2021,PIB,501710
2112803,2023,PIB,608731
2112852,2021,PIB,156914
2112852,2023,PIB,191495
2112902,2021,PIB,318163
2112902,2023,PIB,410267
2113009,2021,PIB,325509
2113009,2023,PIB,411453
2114007,2021,PIB,567070
2114007,2023,PIB,685858
2200053,2021,PIB,73623
2200053,2023,PIB,84924
2200103,2021,PIB,47283
2200103,2023,PIB,57335
2200202,2021,PIB,244027
2200202,2023,PIB,303532
2200251,2021,PIB,65442
2200251,2023,PIB,80787
2200277,2021,PIB,48184
2200277,2023,PIB,56359
2200301,2021,PIB,130958
2200301,2023,PIB,146913
2200400,2021,PIB,538140
2200400,2023,PIB,764914
2200459,2021,PIB,82125
2200459,2023,PIB,109088
2200509,2021,PIB,192594
2200509,2023,PIB,243954
2200608,2021,PIB,66749
2200608,2023,PIB,84772
2200707,2021,PIB,98552
2200707,2023,PIB,124990
2200806,2021,PIB,140157
2200806,2023,PIB,197619
2200905,2021,PIB,57305
2200905,2023,PIB,69489
2200954,2021,PIB,24630
2200954,2023,PIB,31540
2201002,2021,PIB,48922
2201002,2023,PIB,60133
2201051,2021,PIB,64266
2201051,2023,PIB,81045
2201101,2021,PIB,97602
2201101,2023,PIB,127137
2201150,2021,PIB,1768705
2201150,2023,PIB,2657264
2201176,2021,PIB,38963
2201176,2023,PIB,47271
2201200,2021,PIB,497742
2201200,2023,PIB,673463
2201309,2021,PIB,163172
2201309,2023,PIB,137542
2201408,2021,PIB,90192
2201408,2023,PIB,104885
2201507,2021,PIB,250807
2201507,2023,PIB,306176
2201556,2021,PIB,46876
2201556,2023,PIB,63283
2201572,2021,PIB,41264
2201572,2023,PIB,47523
2201606,2021,PIB,91898
2201606,2023,PIB,118265
2201705,2021,PIB,72471
2201705,2023,PIB,90844
2201739,2021,PIB,62570
2201739,2023,PIB,120127
2201770,2021,PIB,62507
2201770,2023,PIB,77969
2201804,2021,PIB,47772
2201804,2023,PIB,53637
2201903,2021,PIB,1411005
2201903,2023,PIB,1661674
2201919,2021,PIB,70166
2201919,2023,PIB,82659
2201929,2021,PIB,52945
2201929,2023,PIB,68106
2201945,2021,PIB,51725
2201945,2023,PIB,67424
2201960,2021,PIB,69325
2201960,2023,PIB,101117
2201988,2021,PIB,43979
2201988,2023,PIB,57956
2202000,2021,PIB,214793
2202000,2023,PIB,276426
2202026,2021,PIB,69690
2202026,2023,PIB,98669
2202059,2021,PIB,86140
2202059,2023,PIB,107817
2202075,2021,PIB,34182
2202075,2023,PIB,45637
2202083,2021,PIB,115379
2202083,2023,PIB,152471
2202091,2021,PIB,195079
2202091,2023,PIB,243767
2202109,2021,PIB,57498
2202109,2023,PIB,75221
2202117,2021,PIB,51328
2202117,2023,PIB,62191
2202133,2021,PIB,62139
2202133,2023,PIB,77243
2202174,2021,PIB,56554
2202174,2023,PIB,80881
2202208,2021,PIB,706324
2202208,2023,PIB,940802
2202251,2021,PIB,41948
2202251,2023,PIB,52032
2202307,2021,PIB,271402
2202307,2023,PIB,342972
2202406,2021,PIB,106411
2202406,2023,PIB,133031
2202455,2021,PIB,43672
2202455,2023,PIB,58704
2202505,2021,PIB,97485
2202505,2023,PIB,127543
2202539,2021,PIB,57437
2202539,2023,PIB,67977
2202554,2021,PIB,50032
2202554,2023,PIB,72564
2202604,2021,PIB,202304
2202604,2023,PIB,234521
2202653,2021,PIB,53144
2202653,2023,PIB,68616
2202703,2021,PIB,272775
2202703,2023,PIB,351832
2202711,2021,PIB,46961
2202711,2023,PIB,60324
2202729,2021,PIB,56962
2202729,2023,PIB,73414
2202737,2021,PIB,37708
2202737,2023,PIB,50029
2202752,2021,PIB,70560
2202752,2023,PIB,92949
2202778,2021,PIB,68111
2202778,2023,PIB,82383
2202802,2021,PIB,60446
2202802,2023,PIB,88408
2202851,2021,PIB,40770
2202851,2023,PIB,55718
2202901,2021,PIB,680737
2202901,2023,PIB,764222
2203008,2021,PIB,75069
2203008,2023,PIB,89547
2203107,2021,PIB,121468
2203107,2023,PIB,155696
2203206,2021,PIB,140861
2203206,2023,PIB,186259
2203230,2021,PIB,409013
2203230,2023,PIB,569946
2203255,2021,PIB,39660
2203255,2023,PIB,53723
2203271,2021,PIB,78414
2203271,2023,PIB,98620
2203305,2021,PIB,215834
2203305,2023,PIB,343573
2203354,2021,PIB,67493
2203354,2023,PIB,89611
2203404,2021,PIB,78053
2203404,2023,PIB,93969
2203420,2021,PIB,46532
2203420,2023,PIB,55943
2203453,2021,PIB,164347
2203453,2023,PIB,212410
2203503,2021,PIB,164745
2203503,2023,PIB,208873
2203602,2021,PIB,55592
2203602,2023,PIB,65844
2203701,2021,PIB,456615
2203701,2023,PIB,630893
2203750,2021,PIB,46774
2203750,2023,PIB,63132
2203800,2021,PIB,48120
2203800,2023,PIB,55149
2203859,2021,PIB,25258
2203859,2023,PIB,31642
2203909,2021,PIB,1375704
2203909,2023,PIB,1693508
2204006,2021,PIB,44797
2204006,2023,PIB,57191
2204105,2021,PIB,46763
2204105,2023,PIB,66833
2204154,2021,PIB,30662
2204154,2023,PIB,37456
2204204,2021,PIB,83053
2204204,2023,PIB,111541
2204303,2021,PIB,124838
2204303,2023,PIB,140145
2204352,2021,PIB,59302
2204352,2023,PIB,70886
2204402,2021,PIB,416900
2204402,2023,PIB,490465
2204501,2021,PIB,637210
2204501,2023,PIB,584966
2204550,2021,PIB,45099
2204550,2023,PIB,60294
2204600,2021,PIB,34066
2204600,2023,PIB,41161
2204659,2021,PIB,119727
2204659,2023,PIB,132842
2204709,2021,PIB,163649
2204709,2023,PIB,190110
2204808,2021,PIB,82428
2204808,2023,PIB,101790
2204907,2021,PIB,80798
2204907,2023,PIB,93919
2205003,2021,PIB,108203
2205003,2023,PIB,126851
2205102,2021,PIB,131859
2205102,2023,PIB,164342
2205151,2021,PIB,69073
2205151,2023,PIB,91192
2205201,2021,PIB,191773
2205201,2023,PIB,214290
2205250,2021,PIB,39633
2205250,2023,PIB,51476
2205276,2021,PIB,58752
2205276,2023,PIB,70003
2205300,2021,PIB,63533
2205300,2023,PIB,68875
2205359,2021,PIB,69289
2205359,2023,PIB,82059
2205409,2021,PIB,118898
2205409,2023,PIB,145543
2205458,2021,PIB,46226
2205458,2023,PIB,58125
2205508,2021,PIB,390737
2205508,2023,PIB,553848
2205516,2021,PIB,55948
2205516,2023,PIB,67355
2205524,2021,PIB,78729
2205524,2023,PIB,107847
2205532,2021,PIB,43566
2205532,2023,PIB,58058
2205540,2021,PIB,40519
2205540,2023,PIB,46590
2205557,2021,PIB,77320
2205557,2023,PIB,96065
2205565,2021,PIB,537525
2205565,2023,PIB,368693
2205573,2021,PIB,54980
2205573,2023,PIB,68299
2205581,2021,PIB,74653
2205581,2023,PIB,100849
2205599,2021,PIB,48595
2205599,2023,PIB,53534
2205607,2021,PIB,109799
2205607,2023,PIB,129242
2205706,2021,PIB,378632
2205706,2023,PIB,461806
2205805,2021,PIB,241246
2205805,2023,PIB,318552
2205854,2021,PIB,75141
2205854,2023,PIB,87322
2205904,2021,PIB,54807
2205904,2023,PIB,69457
2205953,2021,PIB,198363
2205953,2023,PIB,194855
2206001,2021,PIB,54884
2206001,2023,PIB,68705
2206050,2021,PIB,52130
2206050,2023,PIB,60923
2206100,2021,PIB,95557
2206100,2023,PIB,132516
2206209,2021,PIB,312836
2206209,2023,PIB,421897
2206308,2021,PIB,23618
2206308,2023,PIB,34693
2206357,2021,PIB,53563
2206357,2023,PIB,67925
2206407,2021,PIB,127395
2206407,2023,PIB,161627
2206506,2021,PIB,72882
2206506,2023,PIB,91424
2206605,2021,PIB,298089
2206605,2023,PIB,391314
2206654,2021,PIB,39149
2206654,2023,PIB,53314
2206670,2021,PIB,62450
2206670,2023,PIB,75684
2206696,2021,PIB,74909
2206696,2023,PIB,103630
2206704,2021,PIB,67047
2206704,2023,PIB,78812
2206720,2021,PIB,94898
2206720,2023,PIB,134076
2206753,2021,PIB,47885
2206753,2023,PIB,69230
2206803,2021,PIB,78547
2206803,2023,PIB,117751
2206902,2021,PIB,58176
2206902,2023,PIB,66803
2206951,2021,PIB,31237
2206951,2023,PIB,38563
2207009,2021,PIB,584518
2207009,2023,PIB,740096
2207108,2021,PIB,28731
2207108,2023,PIB,38346
2207207,2021,PIB,73919
2207207,2023,PIB,88445
2207306,2021,PIB,44250
2207306,2023,PIB,58224
2207355,2021,PIB,52581
2207355,2023,PIB,61084
2207405,2021,PIB,141457
2207405,2023,PIB,180249
2207504,2021,PIB,138834
2207504,2023,PIB,167663
2207553,2021,PIB,44237
2207553,2023,PIB,53217
2207603,2021,PIB,119216
2207603,2023,PIB,133949
2207702,2021,PIB,2973925
2207702,2023,PIB,3682146
2207751,2021,PIB,48758
2207751,2023,PIB,62728
2207777,2021,PIB,64630
2207777,2023,PIB,65641
2207793,2021,PIB,33613
2207793,2023,PIB,43954
2207801,2021,PIB,267774
2207801,2023,PIB,359215
2207850,2021,PIB,37693
2207850,2023,PIB,45823
2207900,2021,PIB,386328
2207900,2023,PIB,499936
2207934,2021,PIB,31322
2207934,2023,PIB,38185
2207959,2021,PIB,43931
2207959,2023,PIB,51654
2208007,2021,PIB,1941759
2208007,2023,PIB,2456682
2208106,2021,PIB,106976
2208106,2023,PIB,120257
2208205,2021,PIB,202556
2208205,2023,PIB,234055
2208304,2021,PIB,363519
2208304,2023,PIB,464676
2208403,2021,PIB,917296
2208403,2023,PIB,1242361
2208502,2021,PIB,118547
2208502,2023,PIB,143077
2208551,2021,PIB,39212
2208551,2023,PIB,47843
2208601,2021,PIB,27584
2208601,2023,PIB,43355
2208650,2021,PIB,253314
2208650,2023,PIB,188828
2208700,2021,PIB,97930
2208700,2023,PIB,125613
2208809,2021,PIB,264517
2208809,2023,PIB,337226
2208858,2021,PIB,46279
2208858,2023,PIB,61503
2208874,2021,PIB,217390
2208874,2023,PIB,278046
2208908,2021,PIB,695855
2208908,2023,PIB,927445
2209005,2021,PIB,61491
2209005,2023,PIB,75898
2209104,2021,PIB,61012
2209104,2023,PIB,78053
2209153,2021,PIB,45473
2209153,2023,PIB,51690
2209203,2021,PIB,615148
2209203,2023,PIB,789358
2209302,2021,PIB,62465
2209302,2023,PIB,87685
2209351,2021,PIB,40807
2209351,2023,PIB,52380
2209377,2021,PIB,50228
2209377,2023,PIB,63445
2209401,2021,PIB,72021
2209401,2023,PIB,97849
2209450,2021,PIB,18051
2209450,2023,PIB,25284
2209500,2021,PIB,40377
2209500,2023,PIB,49248
2209559,2021,PIB,39471
2209559,2023,PIB,53740
2209609,2021,PIB,32116
2209609,2023,PIB,38023
2209658,2021,PIB,55545
2209658,2023,PIB,68222
2209708,2021,PIB,58406
2209708,2023,PIB,67264
2209757,2021,PIB,54607
2209757,2023,PIB,64213
2209807,2021,PIB,56735
2209807,2023,PIB,80523
2209856,2021,PIB,49321
2209856,2023,PIB,54282
2209872,2021,PIB,60925
2209872,2023,PIB,74940
2209906,2021,PIB,59723
2209906,2023,PIB,72738
2209955,2021,PIB,36648
2209955,2023,PIB,45940
2209971,2021,PIB,68235
2209971,2023,PIB,95904
2210003,2021,PIB,426952
2210003,2023,PIB,418479
2210052,2021,PIB,63754
2210052,2023,PIB,83009
2210102,2021,PIB,42837
2210102,2023,PIB,50039
2210201,2021,PIB,68088
2210201,2023,PIB,81017
2210300,2021,PIB,59545
2210300,2023,PIB,67832
2210359,2021,PIB,45314
2210359,2023,PIB,54907
2210375,2021,PIB,25333
2210375,2023,PIB,28433
2210383,2021,PIB,27272
2210383,2023,PIB,32909
2210391,2021,PIB,47464
2210391,2023,PIB,36836
2210409,2021,PIB,163378
2210409,2023,PIB,206592
2210508,2021,PIB,134836
2210508,2023,PIB,159452
2210607,2021,PIB,566295
2210607,2023,PIB,761785
2210623,2021,PIB,46712
2210623,2023,PIB,57577
2210631,2021,PIB,255418
2210631,2023,PIB,724911
2210656,2021,PIB,78161
2210656,2023,PIB,97006
2210706,2021,PIB,434505
2210706,2023,PIB,543068
2210805,2021,PIB,182912
2210805,2023,PIB,236711
2210904,2021,PIB,41067
2210904,2023,PIB,52907
2210938,2021,PIB,76908
2210938,2023,PIB,85293
2210953,2021,PIB,30388
2210953,2023,PIB,39134
2210979,2021,PIB,33181
2210979,2023,PIB,44035
2211001,2021,PIB,23954511
2211001,2023,PIB,29449063
2211100,2021,PIB,420370
2211100,2023,PIB,609122
2211209,2021,PIB,2829979
2211209,2023,PIB,4226266
2211308,2021,PIB,289698
2211308,2023,PIB,385864
2211357,2021,PIB,44541
2211357,2023,PIB,60846
2211407,2021,PIB,40996
2211407,2023,PIB,54664
2211506,2021,PIB,31078
2211506,2023,PIB,38796
2211605,2021,PIB,37035
2211605,2023,PIB,41921
2211704,2021,PIB,38008
2211704,2023,PIB,58144
2300101,2021,PIB,117971
2300101,2023,PIB,143730
2300150,2021,PIB,179994
2300150,2023,PIB,220474
2300200,2021,PIB,1020201
2300200,2023,PIB,1250251
2300309,2021,PIB,564520
2300309,2023,PIB,693535
2300408,2021,PIB,151596
2300408,2023,PIB,169076
2300507,2021,PIB,98202
2300507,2023,PIB,115643
2300606,2021,PIB,74654
2300606,2023,PIB,92128
2300705,2021,PIB,232268
2300705,2023,PIB,273863
2300754,2021,PIB,665472
2300754,2023,PIB,808126
2300804,2021,PIB,78953
2300804,2023,PIB,101191
2300903,2021,PIB,120978
2300903,2023,PIB,166864
2301000,2021,PIB,3854401
2301000,2023,PIB,4851008
2301109,2021,PIB,1706227
2301109,2023,PIB,1966473
2301208,2021,PIB,266422
2301208,2023,PIB,336284
2301257,2021,PIB,106784
2301257,2023,PIB,143424
2301307,2021,PIB,207982
2301307,2023,PIB,259168
2301406,2021,PIB,151645
2301406,2023,PIB,191055
2301505,2021,PIB,70224
2301505,2023,PIB,88078
2301604,2021,PIB,237259
2301604,2023,PIB,309804
2301703,2021,PIB,216792
2301703,2023,PIB,291950
2301802,2021,PIB,67541
2301802,2023,PIB,72488
2301851,2021,PIB,260031
2301851,2023,PIB,318579
2301901,2021,PIB,1345205
2301901,2023,PIB,1646404
2301950,2021,PIB,240016
2301950,2023,PIB,289445
2302008,2021,PIB,242027
2302008,2023,PIB,286557
2302057,2021,PIB,133335
2302057,2023,PIB,169758
2302107,2021,PIB,448272
2302107,2023,PIB,578203
2302206,2021,PIB,1059006
2302206,2023,PIB,1445505
2302305,2021,PIB,322244
2302305,2023,PIB,381568
2302404,2021,PIB,539218
2302404,2023,PIB,717721
2302503,2021,PIB,817034
2302503,2023,PIB,1263863
2302602,2021,PIB,839500
2302602,2023,PIB,982887
2302701,2021,PIB,292357
2302701,2023,PIB,370107
2302800,2021,PIB,911356
2302800,2023,PIB,1194867
2302909,2021,PIB,176809
2302909,2023,PIB,226541
2303006,2021,PIB,186169
2303006,2023,PIB,209728
2303105,2021,PIB,193105
2303105,2023,PIB,244538
2303204,2021,PIB,253127
2303204,2023,PIB,295136
2303303,2021,PIB,180984
2303303,2023,PIB,229771
2303402,2021,PIB,166772
2303402,2023,PIB,210865
2303501,2021,PIB,1074377
2303501,2023,PIB,1334364
2303600,2021,PIB,154108
2303600,2023,PIB,151959
2303659,2021,PIB,112081
2303659,2023,PIB,137704
2303709,2021,PIB,10422701
2303709,2023,PIB,9873557
2303808,2021,PIB,247325
2303808,2023,PIB,304070
2303907,2021,PIB,110318
2303907,2023,PIB,141211
2303931,2021,PIB,178989
2303931,2023,PIB,211479
2303956,2021,PIB,260273
2303956,2023,PIB,268766
2304004,2021,PIB,225090
2304004,2023,PIB,265519
2304103,2021,PIB,952649
2304103,2023,PIB,1258625
2304202,2021,PIB,1871587
2304202,2023,PIB,2445567
2304236,2021,PIB,224437
2304236,2023,PIB,282767
2304251,2021,PIB,372681
2304251,2023,PIB,565663
2304269,2021,PIB,100883
2304269,2023,PIB,124422
2304277,2021,PIB,80690
2304277,2023,PIB,102445
2304285,2021,PIB,3577497
2304285,2023,PIB,4940352
2304301,2021,PIB,202248
2304301,2023,PIB,242210
2304350,2021,PIB,304957
2304350,2023,PIB,346304
2304400,2021,PIB,73437739
2304400,2023,PIB,86939832
2304459,2021,PIB,312460
2304459,2023,PIB,391326
2304509,2021,PIB,275921
2304509,2023,PIB,423490
2304608,2021,PIB,86963
2304608,2023,PIB,97406
2304657,2021,PIB,129711
2304657,2023,PIB,159506
2304707,2021,PIB,469407
2304707,2023,PIB,561374
2304806,2021,PIB,51337
2304806,2023,PIB,67463
2304905,2021,PIB,110755
2304905,2023,PIB,135967
2304954,2021,PIB,231993
2304954,2023,PIB,315522
2305001,2021,PIB,669209
2305001,2023,PIB,878354
2305100,2021,PIB,80396
2305100,2023,PIB,104816
2305209,2021,PIB,185025
2305209,2023,PIB,239627
2305233,2021,PIB,2116782
2305233,2023,PIB,2964814
2305266,2021,PIB,132265
2305266,2023,PIB,163765
2305308,2021,PIB,348540
2305308,2023,PIB,431905
2305332,2021,PIB,124951
2305332,2023,PIB,150877
2305357,2021,PIB,411021
2305357,2023,PIB,453185
2305407,2021,PIB,737489
2305407,2023,PIB,923966
2305506,2021,PIB,1904815
2305506,2023,PIB,2342034
2305605,2021,PIB,306809
2305605,2023,PIB,408128
2305654,2021,PIB,114127
2305654,2023,PIB,134150
2305704,2021,PIB,143451
2305704,2023,PIB,186861
2305803,2021,PIB,519845
2305803,2023,PIB,676519
2305902,2021,PIB,328115
2305902,2023,PIB,406831
2306009,2021,PIB,195282
2306009,2023,PIB,253154
2306108,2021,PIB,220294
2306108,2023,PIB,271622
2306207,2021,PIB,82855
2306207,2023,PIB,103646
2306256,2021,PIB,1258826
2306256,2023,PIB,2352737
2306306,2021,PIB,594581
2306306,2023,PIB,741513
2306405,2021,PIB,1784007
2306405,2023,PIB,2550371
2306504,2021,PIB,170314
2306504,2023,PIB,213999
2306553,2021,PIB,766786
2306553,2023,PIB,711165
2306603,2021,PIB,174029
2306603,2023,PIB,236128
2306702,2021,PIB,226644
2306702,2023,PIB,316967
2306801,2021,PIB,154002
2306801,2023,PIB,196533
2306900,2021,PIB,561175
2306900,2023,PIB,740827
2307007,2021,PIB,566961
2307007,2023,PIB,665090
2307106,2021,PIB,294154
2307106,2023,PIB,369628
2307205,2021,PIB,129729
2307205,2023,PIB,129952
2307254,2021,PIB,551638
2307254,2023,PIB,711193
2307304,2021,PIB,5114786
2307304,2023,PIB,6457543
2307403,2021,PIB,319373
2307403,2023,PIB,390390
2307502,2021,PIB,343304
2307502,2023,PIB,445000
2307601,2021,PIB,1423366
2307601,2023,PIB,1854065
2307635,2021,PIB,174831
2307635,2023,PIB,215696
2307650,2021,PIB,12336717
2307650,2023,PIB,13540094
2307700,2021,PIB,1649528
2307700,2023,PIB,2011194
2307809,2021,PIB,390969
2307809,2023,PIB,453537
2307908,2021,PIB,96327
2307908,2023,PIB,125472
2308005,2021,PIB,378718
2308005,2023,PIB,483230
2308104,2021,PIB,517496
2308104,2023,PIB,707667
2308203,2021,PIB,129293
2308203,2023,PIB,166664
2308302,2021,PIB,287223
2308302,2023,PIB,335239
2308351,2021,PIB,195290
2308351,2023,PIB,250241
2308377,2021,PIB,112599
2308377,2023,PIB,141462
2308401,2021,PIB,515937
2308401,2023,PIB,598261
2308500,2021,PIB,446847
2308500,2023,PIB,551794
2308609,2021,PIB,160699
2308609,2023,PIB,210938
2308708,2021,PIB,1276864
2308708,2023,PIB,1877982
2308807,2021,PIB,75575
2308807,2023,PIB,86070
2308906,2021,PIB,193204
2308906,2023,PIB,239995
2309003,2021,PIB,131292
2309003,2023,PIB,172104
2309102,2021,PIB,123801
2309102,2023,PIB,146503
2309201,2021,PIB,163381
2309201,2023,PIB,206839
2309300,2021,PIB,336930
2309300,2023,PIB,432948
2309409,2021,PIB,283185
2309409,2023,PIB,343682
2309458,2021,PIB,284836
2309458,2023,PIB,322686
2309508,2021,PIB,218899
2309508,2023,PIB,267791
2309607,2021,PIB,1360535
2309607,2023,PIB,1808068
2309706,2021,PIB,1235176
2309706,2023,PIB,1714352
2309805,2021,PIB,148366
2309805,2023,PIB,175379
2309904,2021,PIB,59940
2309904,2023,PIB,81237
2310001,2021,PIB,98773
2310001,2023,PIB,125162
2310100,2021,PIB,115124
2310100,2023,PIB,141264
2310209,2021,PIB,555931
2310209,2023,PIB,679587
2310258,2021,PIB,535129
2310258,2023,PIB,614090
2310308,2021,PIB,288689
2310308,2023,PIB,349488
2310407,2021,PIB,110908
2310407,2023,PIB,137553
2310506,2021,PIB,389914
2310506,2023,PIB,481197
2310605,2021,PIB,122162
2310605,2023,PIB,149293
2310704,2021,PIB,484760
2310704,2023,PIB,522218
2310803,2021,PIB,560571
2310803,2023,PIB,663694
2310852,2021,PIB,274852
2310852,2023,PIB,363294
2310902,2021,PIB,162092
2310902,2023,PIB,203533
2310951,2021,PIB,84230
2310951,2023,PIB,103591
2311009,2021,PIB,109402
2311009,2023,PIB,138933
2311108,2021,PIB,186375
2311108,2023,PIB,232418
2311207,2021,PIB,110570
2311207,2023,PIB,120981
2311231,2021,PIB,96816
2311231,2023,PIB,104345
2311264,2021,PIB,184720
2311264,2023,PIB,249898
2311306,2021,PIB,1109869
2311306,2023,PIB,1424438
2311355,2021,PIB,198820
2311355,2023,PIB,241297
2311405,2021,PIB,1402461
2311405,2023,PIB,1928559
2311504,2021,PIB,637015
2311504,2023,PIB,805778
2311603,2021,PIB,409867
2311603,2023,PIB,520806
2311702,2021,PIB,190710
2311702,2023,PIB,238538
2311801,2021,PIB,1158523
2311801,2023,PIB,1517580
2311900,2021,PIB,169856
2311900,2023,PIB,190822
2311959,2021,PIB,159284
2311959,2023,PIB,222379
2312007,2021,PIB,280072
2312007,2023,PIB,352192
2312106,2021,PIB,159277
2312106,2023,PIB,191197
2312205,2021,PIB,633710
2312205,2023,PIB,859225
2312304,2021,PIB,627180
2312304,2023,PIB,883024
2312403,2021,PIB,8624987
2312403,2023,PIB,6908373
2312502,2021,PIB,107898
2312502,2023,PIB,137068
2312601,2021,PIB,133109
2312601,2023,PIB,160997
2312700,2021,PIB,352272
2312700,2023,PIB,473900
2312809,2021,PIB,62766
2312809,2023,PIB,82270
2312908,2021,PIB,5395130
2312908,2023,PIB,6588929
2313005,2021,PIB,303284
2313005,2023,PIB,370693
2313104,2021,PIB,450593
2313104,2023,PIB,584614
2313203,2021,PIB,282247
2313203,2023,PIB,319202
2313252,2021,PIB,85682
2313252,2023,PIB,116827
2313302,2021,PIB,711836
2313302,2023,PIB,934349
2313351,2021,PIB,136988
2313351,2023,PIB,174349
2313401,2021,PIB,1732690
2313401,2023,PIB,2265253
2313500,2021,PIB,1115144
2313500,2023,PIB,1039083
2313559,2021,PIB,138079
2313559,2023,PIB,164401
2313609,2021,PIB,642046
2313609,2023,PIB,839887
2313708,2021,PIB,69441
2313708,2023,PIB,85633
2313757,2021,PIB,172797
2313757,2023,PIB,210672
2313807,2021,PIB,299474
2313807,2023,PIB,445294
2313906,2021,PIB,298207
2313906,2023,PIB,254534
2313955,2021,PIB,375819
2313955,2023,PIB,488084
2314003,2021,PIB,468101
2314003,2023,PIB,575214
2314102,2021,PIB,603321
2314102,2023,PIB,723250
2400109,2021,PIB,141992
2400109,2023,PIB,195828
2400208,2021,PIB,1467562
2400208,2023,PIB,2170177
2400307,2021,PIB,138262
2400307,2023,PIB,160921
2400406,2021,PIB,34552
2400406,2023,PIB,42554
2400505,2021,PIB,150789
2400505,2023,PIB,209117
2400604,2021,PIB,50061
2400604,2023,PIB,68329
2400703,2021,PIB,616322
2400703,2023,PIB,902783
2400802,2021,PIB,180163
2400802,2023,PIB,257919
2400901,2021,PIB,65525
2400901,2023,PIB,79464
2401008,2021,PIB,709586
2401008,2023,PIB,941920
2401107,2021,PIB,935968
2401107,2023,PIB,1089647
2401206,2021,PIB,386631
2401206,2023,PIB,471284
2401305,2021,PIB,105354
2401305,2023,PIB,136391
2401404,2021,PIB,325030
2401404,2023,PIB,335923
2401453,2021,PIB,746395
2401453,2023,PIB,991164
2401503,2021,PIB,45864
2401503,2023,PIB,63583
2401602,2021,PIB,88429
2401602,2023,PIB,128584
2401651,2021,PIB,286574
2401651,2023,PIB,240166
2401701,2021,PIB,109336
2401701,2023,PIB,140519
2401800,2021,PIB,139463
2401800,2023,PIB,168163
2401859,2021,PIB,112176
2401859,2023,PIB,119611
2401909,2021,PIB,60456
2401909,2023,PIB,474184
2402006,2021,PIB,1394838
2402006,2023,PIB,1735797
2402105,2021,PIB,106965
2402105,2023,PIB,131975
2402204,2021,PIB,605673
2402204,2023,PIB,615957
2402303,2021,PIB,373657
2402303,2023,PIB,540233
2402402,2021,PIB,118372
2402402,2023,PIB,150902
2402501,2021,PIB,210948
2402501,2023,PIB,231816
2402600,2021,PIB,1002193
2402600,2023,PIB,1260346
2402709,2021,PIB,140410
2402709,2023,PIB,225342
2402808,2021,PIB,52506
2402808,2023,PIB,65460
2402907,2021,PIB,48166
2402907,2023,PIB,54170
2403004,2021,PIB,123141
2403004,2023,PIB,154742
2403103,2021,PIB,804224
2403103,2023,PIB,955847
2403202,2021,PIB,78555
2403202,2023,PIB,106164
2403251,2021,PIB,6845358
2403251,2023,PIB,7608526
2403301,2021,PIB,62292
2403301,2023,PIB,75044
2403400,2021,PIB,81976
2403400,2023,PIB,90161
2403509,2021,PIB,97584
2403509,2023,PIB,126682
2403608,2021,PIB,570418
2403608,2023,PIB,986508
2403707,2021,PIB,173825
2403707,2023,PIB,302413
2403756,2021,PIB,39069
2403756,2023,PIB,61994
2403806,2021,PIB,120492
2403806,2023,PIB,152502
2403905,2021,PIB,32758
2403905,2023,PIB,42580
2404002,2021,PIB,44911
2404002,2023,PIB,58994
2404101,2021,PIB,162616
2404101,2023,PIB,165672
2404200,2021,PIB,546570
2404200,2023,PIB,646383
2404309,2021,PIB,386259
2404309,2023,PIB,595842
2404408,2021,PIB,158308
2404408,2023,PIB,185921
2404507,2021,PIB,2042133
2404507,2023,PIB,2581922
2404606,2021,PIB,140718
2404606,2023,PIB,168954
2404705,2021,PIB,196498
2404705,2023,PIB,263825
2404804,2021,PIB,34929
2404804,2023,PIB,42669
2404853,2021,PIB,99444
2404853,2023,PIB,179988
2404903,2021,PIB,73781
2404903,2023,PIB,90976
2405009,2021,PIB,86389
2405009,2023,PIB,100644
2405108,2021,PIB,101429
2405108,2023,PIB,363648
2405207,2021,PIB,84497
2405207,2023,PIB,104812
2405306,2021,PIB,84899
2405306,2023,PIB,102924
2405405,2021,PIB,51547
2405405,2023,PIB,69177
2405504,2021,PIB,64391
2405504,2023,PIB,69280
2405603,2021,PIB,213313
2405603,2023,PIB,276161
2405702,2021,PIB,207991
2405702,2023,PIB,244663
2405801,2021,PIB,1269833
2405801,2023,PIB,1527022
2405900,2021,PIB,27991
2405900,2023,PIB,33800
2406007,2021,PIB,67413
2406007,2023,PIB,88302
2406106,2021,PIB,315838
2406106,2023,PIB,442765
2406155,2021,PIB,42147
2406155,2023,PIB,47291
2406205,2021,PIB,70837
2406205,2023,PIB,89996
2406304,2021,PIB,81381
2406304,2023,PIB,101030
2406403,2021,PIB,38240
2406403,2023,PIB,48944
2406502,2021,PIB,269032
2406502,2023,PIB,326107
2406601,2021,PIB,94311
2406601,2023,PIB,124483
2406700,2021,PIB,165928
2406700,2023,PIB,632670
2406809,2021,PIB,51593
2406809,2023,PIB,68290
2406908,2021,PIB,51509
2406908,2023,PIB,61082
2407005,2021,PIB,87825
2407005,2023,PIB,112399
2407104,2021,PIB,1828142
2407104,2023,PIB,2455739
2407203,2021,PIB,1111118
2407203,2023,PIB,1315680
2407252,2021,PIB,48003
2407252,2023,PIB,65725
2407302,2021,PIB,82889
2407302,2023,PIB,101177
2407401,2021,PIB,108194
2407401,2023,PIB,130557
2407500,2021,PIB,134892
2407500,2023,PIB,165454
2407609,2021,PIB,55529
2407609,2023,PIB,65325
2407708,2021,PIB,130282
2407708,2023,PIB,158962
2407807,2021,PIB,271451
2407807,2023,PIB,348751
2407906,2021,PIB,32366
2407906,2023,PIB,45922
2408003,2021,PIB,8071719
2408003,2023,PIB,10323666
2408102,2021,PIB,24186139
2408102,2023,PIB,31162043
2408201,2021,PIB,474716
2408201,2023,PIB,573358
2408300,2021,PIB,560495
2408300,2023,PIB,629221
2408409,2021,PIB,47532
2408409,2023,PIB,58972
2408508,2021,PIB,61703
2408508,2023,PIB,80889
2408607,2021,PIB,43930
2408607,2023,PIB,56062
2408706,2021,PIB,55256
2408706,2023,PIB,62150
2408805,2021,PIB,606239
2408805,2023,PIB,524974
2408904,2021,PIB,368924
2408904,2023,PIB,473775
2408953,2021,PIB,185590
2408953,2023,PIB,207249
2409100,2021,PIB,152322
2409100,2023,PIB,179582
2409209,2021,PIB,46128
2409209,2023,PIB,46583
2409308,2021,PIB,160912
2409308,2023,PIB,198146
2409332,2021,PIB,78031
2409332,2023,PIB,89729
2409407,2021,PIB,709328
2409407,2023,PIB,827724
2409506,2021,PIB,293283
2409506,2023,PIB,325405
2409605,2021,PIB,36126
2409605,2023,PIB,65240
2409704,2021,PIB,79994
2409704,2023,PIB,282103
2409803,2021,PIB,173615
2409803,2023,PIB,200896
2409902,2021,PIB,757491
2409902,2023,PIB,668530
2410009,2021,PIB,41829
2410009,2023,PIB,50550
2410108,2021,PIB,131859
2410108,2023,PIB,161103
2410207,2021,PIB,78933
2410207,2023,PIB,99832
2410256,2021,PIB,149471
2410256,2023,PIB,170409
2410306,2021,PIB,109306
2410306,2023,PIB,150413
2410405,2021,PIB,169428
2410405,2023,PIB,182889
2410504,2021,PIB,53271
2410504,2023,PIB,61865
2410603,2021,PIB,43450
2410603,2023,PIB,48290
2410702,2021,PIB,37507
2410702,2023,PIB,42857
2410801,2021,PIB,43512
2410801,2023,PIB,53836
2410900,2021,PIB,192156
2410900,2023,PIB,319931
2411007,2021,PIB,59192
2411007,2023,PIB,67765
2411056,2021,PIB,115022
2411056,2023,PIB,155095
2411106,2021,PIB,126772
2411106,2023,PIB,218239
2411205,2021,PIB,619036
2411205,2023,PIB,716309
2411403,2021,PIB,147037
2411403,2023,PIB,207088
2411429,2021,PIB,36353
2411429,2023,PIB,51449
2411502,2021,PIB,302533
2411502,2023,PIB,339515
2411601,2021,PIB,549241
2411601,2023,PIB,394853
2411700,2021,PIB,45623
2411700,2023,PIB,58251
2411809,2021,PIB,63596
2411809,2023,PIB,77560
2411908,2021,PIB,54447
2411908,2023,PIB,74357
2412005,2021,PIB,1905641
2412005,2023,PIB,2588564
2412104,2021,PIB,84585
2412104,2023,PIB,100073
2412203,2021,PIB,1040956
2412203,2023,PIB,1457800
2412302,2021,PIB,125090
2412302,2023,PIB,165230
2412401,2021,PIB,83854
2412401,2023,PIB,106548
2412500,2021,PIB,319740
2412500,2023,PIB,420064
2412559,2021,PIB,492637
2412559,2023,PIB,712098
2412609,2021,PIB,231552
2412609,2023,PIB,290640
2412708,2021,PIB,55799
2412708,2023,PIB,72504
2412807,2021,PIB,88674
2412807,2023,PIB,108235
2412906,2021,PIB,111773
2412906,2023,PIB,184856
2413003,2021,PIB,76920
2413003,2023,PIB,100458
2413102,2021,PIB,60475
2413102,2023,PIB,79950
2413201,2021,PIB,116486
2413201,2023,PIB,114536
2413300,2021,PIB,57410
2413300,2023,PIB,84833
2413359,2021,PIB,858721
2413359,2023,PIB,685341
2413409,2021,PIB,118874
2413409,2023,PIB,162339
2413508,2021,PIB,71897
2413508,2023,PIB,92368
2413557,2021,PIB,49786
2413557,2023,PIB,64722
2413607,2021,PIB,63098
2413607,2023,PIB,96870
2413706,2021,PIB,53783
2413706,2023,PIB,64195
2413805,2021,PIB,32472
2413805,2023,PIB,43556
2413904,2021,PIB,155197
2413904,2023,PIB,184091
2414001,2021,PIB,201782
2414001,2023,PIB,225000
2414100,2021,PIB,113586
2414100,2023,PIB,142795
2414159,2021,PIB,107284
2414159,2023,PIB,120493
2414209,2021,PIB,415829
2414209,2023,PIB,576215
2414308,2021,PIB,43617
2414308,2023,PIB,47341
2414407,2021,PIB,814838
2414407,2023,PIB,1015670
2414456,2021,PIB,45829
2414456,2023,PIB,55944
2414506,2021,PIB,151205
2414506,2023,PIB,167072
2414605,2021,PIB,214152
2414605,2023,PIB,370220
2414704,2021,PIB,56555
2414704,2023,PIB,72803
2414753,2021,PIB,43202
2414753,2023,PIB,47870
2414803,2021,PIB,133469
2414803,2023,PIB,167326
2414902,2021,PIB,23238
2414902,2023,PIB,29717
2415008,2021,PIB,44403
2415008,2023,PIB,49863
2500106,2021,PIB,92268
2500106,2023,PIB,107368
2500205,2021,PIB,60256
2500205,2023,PIB,68585
2500304,2021,PIB,300766
2500304,2023,PIB,367232
2500403,2021,PIB,335568
2500403,2023,PIB,376825
2500502,2021,PIB,138844
2500502,2023,PIB,166686
2500536,2021,PIB,55221
2500536,2023,PIB,70348
2500577,2021,PIB,28688
2500577,2023,PIB,38483
2500601,2021,PIB,3391901
2500601,2023,PIB,3148252
2500700,2021,PIB,226326
2500700,2023,PIB,286060
2500734,2021,PIB,29514
2500734,2023,PIB,37039
2500775,2021,PIB,105562
2500775,2023,PIB,147637
2500809,2021,PIB,186121
2500809,2023,PIB,233113
2500908,2021,PIB,112505
2500908,2023,PIB,133977
2501005,2021,PIB,204618
2501005,2023,PIB,244109
2501104,2021,PIB,258030
2501104,2023,PIB,355512
2501153,2021,PIB,26146
2501153,2023,PIB,27916
2501203,2021,PIB,62686
2501203,2023,PIB,81463
2501302,2021,PIB,286086
2501302,2023,PIB,327699
2501351,2021,PIB,48605
2501351,2023,PIB,56279
2501401,2021,PIB,108130
2501401,2023,PIB,130462
2501500,2021,PIB,279647
2501500,2023,PIB,370980
2501534,2021,PIB,49872
2501534,2023,PIB,62002
2501575,2021,PIB,90980
2501575,2023,PIB,115121
2501609,2021,PIB,151140
2501609,2023,PIB,187975
2501708,2021,PIB,85061
2501708,2023,PIB,101524
2501807,2021,PIB,1367700
2501807,2023,PIB,1899000
2501906,2021,PIB,217642
2501906,2023,PIB,268655
2502003,2021,PIB,78754
2502003,2023,PIB,93160
2502052,2021,PIB,40115
2502052,2023,PIB,53721
2502102,2021,PIB,51771
2502102,2023,PIB,63601
2502151,2021,PIB,203601
2502151,2023,PIB,319446
2502201,2021,PIB,32154
2502201,2023,PIB,40310
2502300,2021,PIB,54738
2502300,2023,PIB,66561
2502409,2021,PIB,96760
2502409,2023,PIB,119586
2502508,2021,PIB,260287
2502508,2023,PIB,302850
2502607,2021,PIB,60877
2502607,2023,PIB,73095
2502706,2021,PIB,69315
2502706,2023,PIB,80671
2502805,2021,PIB,147569
2502805,2023,PIB,207305
2502904,2021,PIB,64523
2502904,2023,PIB,79111
2503001,2021,PIB,416707
2503001,2023,PIB,545157
2503100,2021,PIB,116784
2503100,2023,PIB,171069
2503209,2021,PIB,3137677
2503209,2023,PIB,4092777
2503308,2021,PIB,125141
2503308,2023,PIB,153125
2503407,2021,PIB,39217
2503407,2023,PIB,45669
2503506,2021,PIB,154293
2503506,2023,PIB,179299
2503555,2021,PIB,67251
2503555,2023,PIB,84005
2503605,2021,PIB,65797
2503605,2023,PIB,83428
2503704,2021,PIB,1231837
2503704,2023,PIB,1808447
2503753,2021,PIB,42140
2503753,2023,PIB,51075
2503803,2021,PIB,74927
2503803,2023,PIB,92129
2503902,2021,PIB,71860
2503902,2023,PIB,87713
2504009,2021,PIB,10349781
2504009,2023,PIB,12908743
2504033,2021,PIB,75876
2504033,2023,PIB,101592
2504074,2021,PIB,42317
2504074,2023,PIB,55068
2504108,2021,PIB,31011
2504108,2023,PIB,39802
2504157,2021,PIB,70122
2504157,2023,PIB,83914
2504207,2021,PIB,53095
2504207,2023,PIB,63519
2504306,2021,PIB,506809
2504306,2023,PIB,622714
2504355,2021,PIB,61814
2504355,2023,PIB,87217
2504405,2021,PIB,209556
2504405,2023,PIB,257651
2504504,2021,PIB,90623
2504504,2023,PIB,89037
2504603,2021,PIB,1274198
2504603,2023,PIB,1648300
2504702,2021,PIB,61917
2504702,2023,PIB,85465
2504801,2021,PIB,250138
2504801,2023,PIB,255021
2504850,2021,PIB,24115
2504850,2023,PIB,30936
2504900,2021,PIB,191764
2504900,2023,PIB,253013
2505006,2021,PIB,76970
2505006,2023,PIB,102129
2505105,2021,PIB,220943
2505105,2023,PIB,273447
2505204,2021,PIB,66817
2505204,2023,PIB,87664
2505238,2021,PIB,74254
2505238,2023,PIB,85105
2505279,2021,PIB,55714
2505279,2023,PIB,74436
2505303,2021,PIB,26853
2505303,2023,PIB,33783
2505352,2021,PIB,50368
2505352,2023,PIB,62654
2505402,2021,PIB,72920
2505402,2023,PIB,94774
2505501,2021,PIB,39511
2505501,2023,PIB,50452
2505600,2021,PIB,59527
2505600,2023,PIB,75548
2505709,2021,PIB,94022
2505709,2023,PIB,117418
2505808,2021,PIB,45155
2505808,2023,PIB,51973
2505907,2021,PIB,41741
2505907,2023,PIB,46042
2506004,2021,PIB,709828
2506004,2023,PIB,851650
2506103,2021,PIB,105579
2506103,2023,PIB,135441
2506202,2021,PIB,30352
2506202,2023,PIB,38774
2506251,2021,PIB,76350
2506251,2023,PIB,101801
2506301,2021,PIB,1778824
2506301,2023,PIB,1489288
2506400,2021,PIB,151393
2506400,2023,PIB,201227
2506509,2021,PIB,38417
2506509,2023,PIB,50413
2506608,2021,PIB,58012
2506608,2023,PIB,63597
2506707,2021,PIB,98470
2506707,2023,PIB,105988
2506806,2021,PIB,195442
2506806,2023,PIB,270159
2506905,2021,PIB,336826
2506905,2023,PIB,417387
2507002,2021,PIB,342219
2507002,2023,PIB,445867
2507101,2021,PIB,206834
2507101,2023,PIB,261025
2507200,2021,PIB,154474
2507200,2023,PIB,211522
2507309,2021,PIB,165481
2507309,2023,PIB,217258
2507408,2021,PIB,76561
2507408,2023,PIB,95979
2507507,2021,PIB,21865637
2507507,2023,PIB,28442131
2507606,2021,PIB,73279
2507606,2023,PIB,93223
2507705,2021,PIB,210738
2507705,2023,PIB,259622
2507804,2021,PIB,96811
2507804,2023,PIB,128192
2507903,2021,PIB,117631
2507903,2023,PIB,150461
2508000,2021,PIB,87525
2508000,2023,PIB,111022
2508109,2021,PIB,51364
2508109,2023,PIB,65991
2508208,2021,PIB,83716
2508208,2023,PIB,104437
2508307,2021,PIB,310520
2508307,2023,PIB,416794
2508406,2021,PIB,29567
2508406,2023,PIB,37248
2508505,2021,PIB,70182
2508505,2023,PIB,83602
2508554,2021,PIB,48759
2508554,2023,PIB,65569
2508604,2021,PIB,222862
2508604,2023,PIB,279944
2508703,2021,PIB,38696
2508703,2023,PIB,45505
2508802,2021,PIB,79951
2508802,2023,PIB,77516
2508901,2021,PIB,807657
2508901,2023,PIB,1086800
2509008,2021,PIB,101623
2509008,2023,PIB,110034
2509057,2021,PIB,104110
2509057,2023,PIB,123336
2509107,2021,PIB,242496
2509107,2023,PIB,303052
2509156,2021,PIB,82151
2509156,2023,PIB,97757
2509206,2021,PIB,130597
2509206,2023,PIB,196173
2509305,2021,PIB,229876
2509305,2023,PIB,231046
2509339,2021,PIB,54111
2509339,2023,PIB,80821
2509370,2021,PIB,31916
2509370,2023,PIB,38900
2509396,2021,PIB,61962
2509396,2023,PIB,79510
2509404,2021,PIB,164588
2509404,2023,PIB,220317
2509503,2021,PIB,55405
2509503,2023,PIB,68335
2509602,2021,PIB,48173
2509602,2023,PIB,59800
2509701,2021,PIB,636488
2509701,2023,PIB,842417
2509800,2021,PIB,98547
2509800,2023,PIB,111589
2509909,2021,PIB,95639
2509909,2023,PIB,116149
2510006,2021,PIB,66198
2510006,2023,PIB,81441
2510105,2021,PIB,99828
2510105,2023,PIB,114955
2510204,2021,PIB,57973
2510204,2023,PIB,69482
2510303,2021,PIB,49111
2510303,2023,PIB,54633
2510402,2021,PIB,62018
2510402,2023,PIB,76534
2510501,2021,PIB,43664
2510501,2023,PIB,53270
2510600,2021,PIB,38371
2510600,2023,PIB,47542
2510659,2021,PIB,21547
2510659,2023,PIB,28042
2510709,2021,PIB,28935
2510709,2023,PIB,35352
2510808,2021,PIB,1998302
2510808,2023,PIB,2555214
2510907,2021,PIB,157586
2510907,2023,PIB,200281
2511004,2021,PIB,37568
2511004,2023,PIB,48602
2511103,2021,PIB,80276
2511103,2023,PIB,94715
2511202,2021,PIB,656966
2511202,2023,PIB,836969
2511301,2021,PIB,206946
2511301,2023,PIB,246685
2511400,2021,PIB,213731
2511400,2023,PIB,270316
2511509,2021,PIB,122047
2511509,2023,PIB,158901
2511608,2021,PIB,95609
2511608,2023,PIB,133896
2511707,2021,PIB,51324
2511707,2023,PIB,64516
2511806,2021,PIB,95327
2511806,2023,PIB,120990
2511905,2021,PIB,431304
2511905,2023,PIB,479172
2512002,2021,PIB,285031
2512002,2023,PIB,334112
2512036,2021,PIB,40318
2512036,2023,PIB,56713
2512077,2021,PIB,46932
2512077,2023,PIB,61655
2512101,2021,PIB,466596
2512101,2023,PIB,594290
2512200,2021,PIB,64814
2512200,2023,PIB,83660
2512309,2021,PIB,266954
2512309,2023,PIB,343379
2512408,2021,PIB,138075
2512408,2023,PIB,189387
2512507,2021,PIB,607307
2512507,2023,PIB,788732
2512606,2021,PIB,26818
2512606,2023,PIB,30647
2512705,2021,PIB,181633
2512705,2023,PIB,224366
2512721,2021,PIB,57292
2512721,2023,PIB,70516
2512747,2021,PIB,36562
2512747,2023,PIB,42007
2512754,2021,PIB,50199
2512754,2023,PIB,68122
2512762,2021,PIB,56334
2512762,2023,PIB,73546
2512788,2021,PIB,30616
2512788,2023,PIB,35322
2512804,2021,PIB,92854
2512804,2023,PIB,111761
2512903,2021,PIB,323318
2512903,2023,PIB,393104
2513000,2021,PIB,33513
2513000,2023,PIB,40278
2513109,2021,PIB,129057
2513109,2023,PIB,177321
2513158,2021,PIB,65826
2513158,2023,PIB,90463
2513208,2021,PIB,62329
2513208,2023,PIB,74312
2513307,2021,PIB,62387
2513307,2023,PIB,84256
2513356,2021,PIB,36845
2513356,2023,PIB,40015
2513406,2021,PIB,372903
2513406,2023,PIB,573425
2513505,2021,PIB,51164
2513505,2023,PIB,60940
2513604,2021,PIB,67491
2513604,2023,PIB,81502
2513653,2021,PIB,33077
2513653,2023,PIB,43129
2513703,2021,PIB,2580592
2513703,2023,PIB,3163544
2513802,2021,PIB,57292
2513802,2023,PIB,66909
2513851,2021,PIB,29441
2513851,2023,PIB,40211
2513901,2021,PIB,568731
2513901,2023,PIB,724346
2513927,2021,PIB,55647
2513927,2023,PIB,64264
2513943,2021,PIB,28821
2513943,2023,PIB,39709
2513968,2021,PIB,36270
2513968,2023,PIB,44068
2513984,2021,PIB,39305
2513984,2023,PIB,48447
2514008,2021,PIB,55476
2514008,2023,PIB,71555
2514107,2021,PIB,41004
2514107,2023,PIB,51496
2514206,2021,PIB,72192
2514206,2023,PIB,87269
2514305,2021,PIB,55708
2514305,2023,PIB,63973
2514404,2021,PIB,55035
2514404,2023,PIB,66469
2514453,2021,PIB,86773
2514453,2023,PIB,78200
2514503,2021,PIB,230936
2514503,2023,PIB,289437
2514552,2021,PIB,34093
2514552,2023,PIB,43362
2514602,2021,PIB,32491
2514602,2023,PIB,41022
2514651,2021,PIB,29166
2514651,2023,PIB,36303
2514701,2021,PIB,125303
2514701,2023,PIB,129591
2514800,2021,PIB,37037
2514800,2023,PIB,44795
2514909,2021,PIB,82591
2514909,2023,PIB,101241
2515005,2021,PIB,82966
2515005,2023,PIB,122551
2515104,2021,PIB,106031
2515104,2023,PIB,133993
2515203,2021,PIB,40497
2515203,2023,PIB,46472
2515302,2021,PIB,677858
2515302,2023,PIB,852471
2515401,2021,PIB,90035
2515401,2023,PIB,112003
2515500,2021,PIB,148076
2515500,2023,PIB,187052
2515609,2021,PIB,37107
2515609,2023,PIB,47507
2515708,2021,PIB,33251
2515708,2023,PIB,40406
2515807,2021,PIB,71258
2515807,2023,PIB,74715
2515906,2021,PIB,67798
2515906,2023,PIB,79579
2515930,2021,PIB,55027
2515930,2023,PIB,71175
2515971,2021,PIB,113089
2515971,2023,PIB,135262
2516003,2021,PIB,353670
2516003,2023,PIB,428475
2516102,2021,PIB,253441
2516102,2023,PIB,319643
2516151,2021,PIB,38789
2516151,2023,PIB,47775
2516201,2021,PIB,1320173
2516201,2023,PIB,1714770
2516300,2021,PIB,201613
2516300,2023,PIB,255601
2516409,2021,PIB,91865
2516409,2023,PIB,106670
2516508,2021,PIB,139501
2516508,2023,PIB,169781
2516607,2021,PIB,140211
2516607,2023,PIB,167333
2516706,2021,PIB,169461
2516706,2023,PIB,222479
2516755,2021,PIB,34675
2516755,2023,PIB,40231
2516805,2021,PIB,87702
2516805,2023,PIB,121796
2516904,2021,PIB,193071
2516904,2023,PIB,245510
2517001,2021,PIB,91270
2517001,2023,PIB,118557
2517100,2021,PIB,37673
2517100,2023,PIB,46408
2517209,2021,PIB,52851
2517209,2023,PIB,59242
2517407,2021,PIB,27048
2517407,2023,PIB,35337
2600054,2021,PIB,1724258
2600054,2023,PIB,2129775
2600104,2021,PIB,541816
2600104,2023,PIB,651001
2600203,2021,PIB,209815
2600203,2023,PIB,271668
2600302,2021,PIB,352858
2600302,2023,PIB,368076
2600401,2021,PIB,259866
2600401,2023,PIB,263642
2600500,2021,PIB,401111
2600500,2023,PIB,489637
2600609,2021,PIB,144945
2600609,2023,PIB,199751
2600708,2021,PIB,413314
2600708,2023,PIB,472449
2600807,2021,PIB,222589
2600807,2023,PIB,302022
2600906,2021,PIB,294407
2600906,2023,PIB,307792
2601003,2021,PIB,142260
2601003,2023,PIB,186927
2601052,2021,PIB,161884
2601052,2023,PIB,203113
2601102,2021,PIB,1272092
2601102,2023,PIB,1777713
2601201,2021,PIB,1215383
2601201,2023,PIB,1503621
2601300,2021,PIB,146943
2601300,2023,PIB,197017
2601409,2021,PIB,503988
2601409,2023,PIB,645437
2601508,2021,PIB,99499
2601508,2023,PIB,110733
2601607,2021,PIB,366293
2601607,2023,PIB,715390
2601706,2021,PIB,2765036
2601706,2023,PIB,3429628
2601805,2021,PIB,105307
2601805,2023,PIB,125498
2601904,2021,PIB,962826
2601904,2023,PIB,1089685
2602001,2021,PIB,317010
2602001,2023,PIB,388247
2602100,2021,PIB,643151
2602100,2023,PIB,801671
2602209,2021,PIB,366988
2602209,2023,PIB,419042
2602308,2021,PIB,539340
2602308,2023,PIB,736191
2602407,2021,PIB,183679
2602407,2023,PIB,226948
2602506,2021,PIB,83879
2602506,2023,PIB,95683
2602605,2021,PIB,461357
2602605,2023,PIB,530035
2602704,2021,PIB,133152
2602704,2023,PIB,163217
2602803,2021,PIB,549015
2602803,2023,PIB,647063
2602902,2021,PIB,13706389
2602902,2023,PIB,15897620
2603009,2021,PIB,440863
2603009,2023,PIB,536175
2603108,2021,PIB,254369
2603108,2023,PIB,290338
2603207,2021,PIB,423727
2603207,2023,PIB,503212
2603306,2021,PIB,115299
2603306,2023,PIB,134331
2603405,2021,PIB,50300
2603405,2023,PIB,62249
2603454,2021,PIB,2229680
2603454,2023,PIB,2436552
2603504,2021,PIB,181161
2603504,2023,PIB,209246
2603603,2021,PIB,285369
2603603,2023,PIB,427495
2603702,2021,PIB,253171
2603702,2023,PIB,364996
2603801,2021,PIB,244054
2603801,2023,PIB,266090
2603900,2021,PIB,193546
2603900,2023,PIB,212891
2603926,2021,PIB,83423
2603926,2023,PIB,107059
2604007,2021,PIB,1744915
2604007,2023,PIB,1937470
2604106,2021,PIB,8663525
2604106,2023,PIB,11238434
2604155,2021,PIB,101521
2604155,2023,PIB,125631
2604205,2021,PIB,360566
2604205,2023,PIB,390075
2604304,2021,PIB,125401
2604304,2023,PIB,133554
2604403,2021,PIB,168758
2604403,2023,PIB,190273
2604502,2021,PIB,251193
2604502,2023,PIB,325129
2604601,2021,PIB,250915
2604601,2023,PIB,294987
2604700,2021,PIB,192016
2604700,2023,PIB,211880
2604809,2021,PIB,121502
2604809,2023,PIB,147761
2604908,2021,PIB,109260
2604908,2023,PIB,163890
2605004,2021,PIB,283576
2605004,2023,PIB,355809
2605103,2021,PIB,593880
2605103,2023,PIB,759609
2605152,2021,PIB,246023
2605152,2023,PIB,311854
2605202,2021,PIB,1306431
2605202,2023,PIB,1582303
2605301,2021,PIB,325117
2605301,2023,PIB,440315
2605400,2021,PIB,247550
2605400,2023,PIB,274542
2605459,2021,PIB,229561
2605459,2023,PIB,304923
2605509,2021,PIB,132503
2605509,2023,PIB,171423
2605608,2021,PIB,192902
2605608,2023,PIB,245679
2605707,2021,PIB,445213
2605707,2023,PIB,583259
2605806,2021,PIB,131441
2605806,2023,PIB,152032
2605905,2021,PIB,274258
2605905,2023,PIB,248184
2606002,2021,PIB,3077112
2606002,2023,PIB,3834635
2606101,2021,PIB,554616
2606101,2023,PIB,626114
2606200,2021,PIB,10662964
2606200,2023,PIB,13893623
2606309,2021,PIB,78432
2606309,2023,PIB,91071
2606408,2021,PIB,1359681
2606408,2023,PIB,1637743
2606507,2021,PIB,195800
2606507,2023,PIB,236013
2606606,2021,PIB,330119
2606606,2023,PIB,425355
2606705,2021,PIB,85527
2606705,2023,PIB,99153
2606804,2021,PIB,3471427
2606804,2023,PIB,3770816
2606903,2021,PIB,112369
2606903,2023,PIB,122068
2607000,2021,PIB,196880
2607000,2023,PIB,276204
2607109,2021,PIB,50497
2607109,2023,PIB,65457
2607208,2021,PIB,14929346
2607208,2023,PIB,17972323
2607307,2021,PIB,340374
2607307,2023,PIB,412535
2607406,2021,PIB,71286
2607406,2023,PIB,82430
2607505,2021,PIB,283413
2607505,2023,PIB,390249
2607604,2021,PIB,299232
2607604,2023,PIB,298295
2607653,2021,PIB,522657
2607653,2023,PIB,586823
2607703,2021,PIB,139873
2607703,2023,PIB,170269
2607752,2021,PIB,2383641
2607752,2023,PIB,3258624
2607802,2021,PIB,160857
2607802,2023,PIB,223249
2607901,2021,PIB,16133556
2607901,2023,PIB,20281298
2607950,2021,PIB,111801
2607950,2023,PIB,129334
2608008,2021,PIB,154862
2608008,2023,PIB,192384
2608057,2021,PIB,153793
2608057,2023,PIB,183614
2608107,2021,PIB,316644
2608107,2023,PIB,354879
2608206,2021,PIB,181310
2608206,2023,PIB,164491
2608255,2021,PIB,129270
2608255,2023,PIB,142790
2608305,2021,PIB,214224
2608305,2023,PIB,247150
2608404,2021,PIB,132840
2608404,2023,PIB,146166
2608453,2021,PIB,300635
2608453,2023,PIB,327921
2608503,2021,PIB,482859
2608503,2023,PIB,551074
2608602,2021,PIB,139223
2608602,2023,PIB,150180
2608701,2021,PIB,135443
2608701,2023,PIB,168831
2608750,2021,PIB,456844
2608750,2023,PIB,713609
2608800,2021,PIB,585576
2608800,2023,PIB,706467
2608909,2021,PIB,838343
2608909,2023,PIB,991140
2609006,2021,PIB,283578
2609006,2023,PIB,359208
2609105,2021,PIB,216295
2609105,2023,PIB,271714
2609154,2021,PIB,139153
2609154,2023,PIB,183154
2609204,2021,PIB,92490
2609204,2023,PIB,110045
2609303,2021,PIB,163406
2609303,2023,PIB,221207
2609402,2021,PIB,892506
2609402,2023,PIB,1118309
2609501,2021,PIB,688468
2609501,2023,PIB,777087
2609600,2021,PIB,5788250
2609600,2023,PIB,7024917
2609709,2021,PIB,398794
2609709,2023,PIB,582870
2609808,2021,PIB,186448
2609808,2023,PIB,192309
2609907,2021,PIB,780513
2609907,2023,PIB,1016704
2610004,2021,PIB,924146
2610004,2023,PIB,1156052
2610103,2021,PIB,79959
2610103,2023,PIB,91362
2610202,2021,PIB,229556
2610202,2023,PIB,239945
2610301,2021,PIB,285773
2610301,2023,PIB,306364
2610400,2021,PIB,213190
2610400,2023,PIB,268156
2610509,2021,PIB,264547
2610509,2023,PIB,293500
2610608,2021,PIB,926328
2610608,2023,PIB,1151981
2610707,2021,PIB,5591652
2610707,2023,PIB,6999013
2610806,2021,PIB,306398
2610806,2023,PIB,426036
2610905,2021,PIB,869651
2610905,2023,PIB,1082144
2611002,2021,PIB,1675876
2611002,2023,PIB,1568603
2611101,2021,PIB,7994040
2611101,2023,PIB,10577530
2611200,2021,PIB,102107
2611200,2023,PIB,132807
2611309,2021,PIB,532583
2611309,2023,PIB,635845
2611408,2021,PIB,291696
2611408,2023,PIB,320399
2611507,2021,PIB,192325
2611507,2023,PIB,211463
2611533,2021,PIB,67064
2611533,2023,PIB,75902
2611606,2021,PIB,54970302
2611606,2023,PIB,66351305
2611705,2021,PIB,260563
2611705,2023,PIB,289327
2611804,2021,PIB,576407
2611804,2023,PIB,601649
2611903,2021,PIB,379871
2611903,2023,PIB,374545
2612000,2021,PIB,176225
2612000,2023,PIB,204199
2612109,2021,PIB,80938
2612109,2023,PIB,76619
2612208,2021,PIB,1002105
2612208,2023,PIB,1389969
2612307,2021,PIB,171051
2612307,2023,PIB,251854
2612406,2021,PIB,248264
2612406,2023,PIB,269694
2612455,2021,PIB,133592
2612455,2023,PIB,156125
2612471,2021,PIB,113554
2612471,2023,PIB,143723
2612505,2021,PIB,1925734
2612505,2023,PIB,2125695
2612554,2021,PIB,111830
2612554,2023,PIB,133150
2612604,2021,PIB,564000
2612604,2023,PIB,781893
2612703,2021,PIB,122262
2612703,2023,PIB,151435
2612802,2021,PIB,114824
2612802,2023,PIB,122739
2612901,2021,PIB,117017
2612901,2023,PIB,129076
2613008,2021,PIB,1485706
2613008,2023,PIB,1909078
2613107,2021,PIB,447679
2613107,2023,PIB,575982
2613206,2021,PIB,390211
2613206,2023,PIB,374387
2613305,2021,PIB,185467
2613305,2023,PIB,258411
2613404,2021,PIB,291007
2613404,2023,PIB,389471
2613503,2021,PIB,341544
2613503,2023,PIB,529903
2613602,2021,PIB,441117
2613602,2023,PIB,471426
2613701,2021,PIB,1444200
2613701,2023,PIB,1791059
2613800,2021,PIB,209528
2613800,2023,PIB,384212
2613909,2021,PIB,1693347
2613909,2023,PIB,2003113
2614006,2021,PIB,161153
2614006,2023,PIB,195989
2614105,2021,PIB,367389
2614105,2023,PIB,404067
2614204,2021,PIB,722495
2614204,2023,PIB,861417
2614303,2021,PIB,90987
2614303,2023,PIB,106462
2614402,2021,PIB,56661
2614402,2023,PIB,63051
2614501,2021,PIB,915558
2614501,2023,PIB,1131954
2614600,2021,PIB,314903
2614600,2023,PIB,358223
2614709,2021,PIB,149159
2614709,2023,PIB,221749
2614808,2021,PIB,251978
2614808,2023,PIB,262198
2614857,2021,PIB,395834
2614857,2023,PIB,432297
2615003,2021,PIB,334642
2615003,2023,PIB,402088
2615102,2021,PIB,75618
2615102,2023,PIB,91621
2615201,2021,PIB,95262
2615201,2023,PIB,125359
2615300,2021,PIB,746607
2615300,2023,PIB,905265
2615409,2021,PIB,764572
2615409,2023,PIB,812755
2615508,2021,PIB,176619
2615508,2023,PIB,198570
2615607,2021,PIB,419024
2615607,2023,PIB,654211
2615706,2021,PIB,157358
2615706,2023,PIB,202205
2615805,2021,PIB,227130
2615805,2023,PIB,275931
2615904,2021,PIB,89139
2615904,2023,PIB,95042
2616001,2021,PIB,247349
2616001,2023,PIB,291065
2616100,2021,PIB,80931
2616100,2023,PIB,103221
2616183,2021,PIB,74060
2616183,2023,PIB,93452
2616209,2021,PIB,194511
2616209,2023,PIB,228836
2616308,2021,PIB,519426
2616308,2023,PIB,615581
2616407,2021,PIB,4551843
2616407,2023,PIB,6095992
2616506,2021,PIB,141411
2616506,2023,PIB,201330
2700102,2021,PIB,202705
2700102,2023,PIB,246052
2700201,2021,PIB,250500
2700201,2023,PIB,276952
2700300,2021,PIB,5916238
2700300,2023,PIB,6880940
2700409,2021,PIB,1500460
2700409,2023,PIB,1637107
2700508,2021,PIB,262047
2700508,2023,PIB,358501
2700607,2021,PIB,238456
2700607,2023,PIB,304436
2700706,2021,PIB,229982
2700706,2023,PIB,308733
2700805,2021,PIB,191336
2700805,2023,PIB,187160
2700904,2021,PIB,151407
2700904,2023,PIB,196377
2701001,2021,PIB,506081
2701001,2023,PIB,565491
2701100,2021,PIB,775435
2701100,2023,PIB,849267
2701209,2021,PIB,140487
2701209,2023,PIB,195083
2701308,2021,PIB,207919
2701308,2023,PIB,223748
2701357,2021,PIB,87777
2701357,2023,PIB,109805
2701407,2021,PIB,734766
2701407,2023,PIB,884685
2701506,2021,PIB,106142
2701506,2023,PIB,113470
2701605,2021,PIB,166521
2701605,2023,PIB,235141
2701704,2021,PIB,248032
2701704,2023,PIB,250653
2701803,2021,PIB,90803
2701803,2023,PIB,97601
2701902,2021,PIB,175489
2701902,2023,PIB,289693
2702009,2021,PIB,211514
2702009,2023,PIB,234385
2702108,2021,PIB,397415
2702108,2023,PIB,367109
2702207,2021,PIB,96056
2702207,2023,PIB,115662
2702306,2021,PIB,1782568
2702306,2023,PIB,2400819
2702355,2021,PIB,480753
2702355,2023,PIB,450187
2702405,2021,PIB,673915
2702405,2023,PIB,911191
2702504,2021,PIB,105272
2702504,2023,PIB,140027
2702553,2021,PIB,154359
2702553,2023,PIB,177063
2702603,2021,PIB,427598
2702603,2023,PIB,500385
2702702,2021,PIB,164034
2702702,2023,PIB,218958
2702801,2021,PIB,297791
2702801,2023,PIB,251580
2702900,2021,PIB,549600
2702900,2023,PIB,602812
2703007,2021,PIB,196489
2703007,2023,PIB,223883
2703106,2021,PIB,311967
2703106,2023,PIB,328695
2703205,2021,PIB,571877
2703205,2023,PIB,697572
2703304,2021,PIB,174776
2703304,2023,PIB,210039
2703403,2021,PIB,74960
2703403,2023,PIB,78412
2703502,2021,PIB,194531
2703502,2023,PIB,144753
2703601,2021,PIB,252002
2703601,2023,PIB,329293
2703700,2021,PIB,77897
2703700,2023,PIB,81577
2703759,2021,PIB,382025
2703759,2023,PIB,456621
2703809,2021,PIB,520994
2703809,2023,PIB,541697
2703908,2021,PIB,54801
2703908,2023,PIB,92728
2704005,2021,PIB,550087
2704005,2023,PIB,705482
2704104,2021,PIB,273062
2704104,2023,PIB,333780
2704203,2021,PIB,685194
2704203,2023,PIB,806003
2704302,2021,PIB,27485311
2704302,2023,PIB,33749576
2704401,2021,PIB,283475
2704401,2023,PIB,296433
2704500,2021,PIB,1118908
2704500,2023,PIB,1219926
2704609,2021,PIB,90758
2704609,2023,PIB,134024
2704708,2021,PIB,3409648
2704708,2023,PIB,3185683
2704807,2021,PIB,188010
2704807,2023,PIB,222264
2704906,2021,PIB,50951
2704906,2023,PIB,51607
2705002,2021,PIB,354641
2705002,2023,PIB,400974
2705101,2021,PIB,385920
2705101,2023,PIB,514991
2705200,2021,PIB,221131
2705200,2023,PIB,351253
2705309,2021,PIB,74515
2705309,2023,PIB,90125
2705408,2021,PIB,78347
2705408,2023,PIB,109208
2705507,2021,PIB,588158
2705507,2023,PIB,1080389
2705606,2021,PIB,187256
2705606,2023,PIB,240603
2705705,2021,PIB,271809
2705705,2023,PIB,343111
2705804,2021,PIB,92959
2705804,2023,PIB,100592
2705903,2021,PIB,70179
2705903,2023,PIB,72758
2706000,2021,PIB,108872
2706000,2023,PIB,135134
2706109,2021,PIB,110475
2706109,2023,PIB,150495
2706208,2021,PIB,45927
2706208,2023,PIB,48822
2706307,2021,PIB,1181612
2706307,2023,PIB,1367252
2706406,2021,PIB,266647
2706406,2023,PIB,282237
2706422,2021,PIB,145004
2706422,2023,PIB,119510
2706448,2021,PIB,236831
2706448,2023,PIB,302559
2706505,2021,PIB,337360
2706505,2023,PIB,378391
2706604,2021,PIB,105576
2706604,2023,PIB,108187
2706703,2021,PIB,983959
2706703,2023,PIB,1159276
2706802,2021,PIB,458416
2706802,2023,PIB,480484
2706901,2021,PIB,676236
2706901,2023,PIB,957605
2707008,2021,PIB,59445
2707008,2023,PIB,53808
2707107,2021,PIB,344069
2707107,2023,PIB,358241
2707206,2021,PIB,125628
2707206,2023,PIB,146801
2707305,2021,PIB,412903
2707305,2023,PIB,544520
2707404,2021,PIB,333231
2707404,2023,PIB,451598
2707503,2021,PIB,268907
2707503,2023,PIB,294351
2707602,2021,PIB,189081
2707602,2023,PIB,195018
2707701,2021,PIB,1423072
2707701,2023,PIB,2032761
2707800,2021,PIB,204149
2707800,2023,PIB,247076
2707909,2021,PIB,277405
2707909,2023,PIB,199948
2708006,2021,PIB,646336
2708006,2023,PIB,863267
2708105,2021,PIB,1408592
2708105,2023,PIB,1127361
2708204,2021,PIB,129340
2708204,2023,PIB,123934
2708303,2021,PIB,588009
2708303,2023,PIB,816993
2708402,2021,PIB,332854
2708402,2023,PIB,421128
2708501,2021,PIB,943729
2708501,2023,PIB,1052903
2708600,2021,PIB,1373077
2708600,2023,PIB,1594206
2708709,2021,PIB,243495
2708709,2023,PIB,308510
2708808,2021,PIB,858876
2708808,2023,PIB,736908
2708907,2021,PIB,261004
2708907,2023,PIB,369184
2708956,2021,PIB,121201
2708956,2023,PIB,137332
2709004,2021,PIB,92175
2709004,2023,PIB,92869
2709103,2021,PIB,510846
2709103,2023,PIB,664759
2709152,2021,PIB,1357798
2709152,2023,PIB,941856
2709202,2021,PIB,297000
2709202,2023,PIB,357715
2709301,2021,PIB,1416193
2709301,2023,PIB,1693998
2709400,2021,PIB,594195
2709400,2023,PIB,596814
2800100,2021,PIB,37967
2800100,2023,PIB,49412
2800209,2021,PIB,287874
2800209,2023,PIB,362299
2800308,2021,PIB,18405678
2800308,2023,PIB,22291877
2800407,2021,PIB,140122
2800407,2023,PIB,203787
2800506,2021,PIB,252263
2800506,2023,PIB,353834
2800605,2021,PIB,2581592
2800605,2023,PIB,2478982
2800670,2021,PIB,333080
2800670,2023,PIB,436636
2800704,2021,PIB,95886
2800704,2023,PIB,122926
2801009,2021,PIB,237677
2801009,2023,PIB,354386
2801108,2021,PIB,84436
2801108,2023,PIB,95135
2801207,2021,PIB,2895222
2801207,2023,PIB,2967957
2801306,2021,PIB,385290
2801306,2023,PIB,595061
2801405,2021,PIB,379818
2801405,2023,PIB,723769
2801504,2021,PIB,422601
2801504,2023,PIB,464417
2801603,2021,PIB,64293
2801603,2023,PIB,84949
2801702,2021,PIB,250777
2801702,2023,PIB,589914
2801900,2021,PIB,69489
2801900,2023,PIB,82671
2802007,2021,PIB,188619
2802007,2023,PIB,240797
2802106,2021,PIB,2126563
2802106,2023,PIB,1473225
2802205,2021,PIB,114918
2802205,2023,PIB,169357
2802304,2021,PIB,324741
2802304,2023,PIB,551019
2802403,2021,PIB,179511
2802403,2023,PIB,217566
2802502,2021,PIB,43532
2802502,2023,PIB,50397
2802601,2021,PIB,100982
2802601,2023,PIB,139799
2802700,2021,PIB,101815
2802700,2023,PIB,118392
2802809,2021,PIB,229670
2802809,2023,PIB,322888
2802908,2021,PIB,2213275
2802908,2023,PIB,2942686
2803005,2021,PIB,535797
2803005,2023,PIB,865772
2803104,2021,PIB,81127
2803104,2023,PIB,101138
2803203,2021,PIB,880245
2803203,2023,PIB,562366
2803302,2021,PIB,527939
2803302,2023,PIB,549070
2803401,2021,PIB,210654
2803401,2023,PIB,298620
2803500,2021,PIB,1798319
2803500,2023,PIB,2177825
2803609,2021,PIB,1162007
2803609,2023,PIB,638033
2803708,2021,PIB,89535
2803708,2023,PIB,136318
2803807,2021,PIB,52760
2803807,2023,PIB,67244
2803906,2021,PIB,173218
2803906,2023,PIB,224467
2804003,2021,PIB,448414
2804003,2023,PIB,320963
2804102,2021,PIB,206468
2804102,2023,PIB,280140
2804201,2021,PIB,218953
2804201,2023,PIB,337201
2804300,2021,PIB,96660
2804300,2023,PIB,112544
2804409,2021,PIB,330966
2804409,2023,PIB,382705
2804458,2021,PIB,109900
2804458,2023,PIB,209605
2804508,2021,PIB,790790
2804508,2023,PIB,1048320
2804607,2021,PIB,415736
2804607,2023,PIB,540610
2804706,2021,PIB,91165
2804706,2023,PIB,115910
2804805,2021,PIB,3232698
2804805,2023,PIB,2852077
2804904,2021,PIB,236643
2804904,2023,PIB,219432
2805000,2021,PIB,48012
2805000,2023,PIB,74512
2805109,2021,PIB,98936
2805109,2023,PIB,128570
2805208,2021,PIB,91574
2805208,2023,PIB,141417
2805307,2021,PIB,137922
2805307,2023,PIB,155336
2805406,2021,PIB,416245
2805406,2023,PIB,763539
2805505,2021,PIB,322302
2805505,2023,PIB,388823
2805604,2021,PIB,366553
2805604,2023,PIB,637808
2805703,2021,PIB,554299
2805703,2023,PIB,614880
2805802,2021,PIB,328904
2805802,2023,PIB,419339
2805901,2021,PIB,222401
2805901,2023,PIB,240563
2806008,2021,PIB,339443
2806008,2023,PIB,372071
2806107,2021,PIB,468956
2806107,2023,PIB,391878
2806206,2021,PIB,217519
2806206,2023,PIB,320943
2806305,2021,PIB,192690
2806305,2023,PIB,238278
2806404,2021,PIB,106773
2806404,2023,PIB,160615
2806503,2021,PIB,55084
2806503,2023,PIB,59186
2806602,2021,PIB,167665
2806602,2023,PIB,227942
2806701,2021,PIB,1031740
2806701,2023,PIB,1392938
2806800,2021,PIB,135227
2806800,2023,PIB,161345
2806909,2021,PIB,56034
2806909,2023,PIB,61511
2807006,2021,PIB,49842
2807006,2023,PIB,79123
2807105,2021,PIB,790408
2807105,2023,PIB,925387
2807204,2021,PIB,176736
2807204,2023,PIB,201981
2807303,2021,PIB,44121
2807303,2023,PIB,53467
2807402,2021,PIB,655791
2807402,2023,PIB,1150010
2807501,2021,PIB,146965
2807501,2023,PIB,208833
2807600,2021,PIB,401569
2807600,2023,PIB,721872
2900108,2021,PIB,70037
2900108,2023,PIB,84854
2900207,2021,PIB,208481
2900207,2023,PIB,224239
2900306,2021,PIB,144341
2900306,2023,PIB,186446
2900355,2021,PIB,240507
2900355,2023,PIB,275494
2900405,2021,PIB,158357
2900405,2023,PIB,174798
2900504,2021,PIB,77947
2900504,2023,PIB,102934
2900603,2021,PIB,53699
2900603,2023,PIB,75418
2900702,2021,PIB,4533420
2900702,2023,PIB,5705227
2900801,2021,PIB,347521
2900801,2023,PIB,439082
2900900,2021,PIB,62839
2900900,2023,PIB,79711
2901007,2021,PIB,463246
2901007,2023,PIB,608765
2901106,2021,PIB,437827
2901106,2023,PIB,521349
2901155,2021,PIB,167876
2901155,2023,PIB,198616
2901205,2021,PIB,224788
2901205,2023,PIB,299895
2901304,2021,PIB,134354
2901304,2023,PIB,178408
2901353,2021,PIB,223255
2901353,2023,PIB,252206
2901403,2021,PIB,190379
2901403,2023,PIB,229298
2901502,2021,PIB,78771
2901502,2023,PIB,118552
2901601,2021,PIB,160611
2901601,2023,PIB,197870
2901700,2021,PIB,124246
2901700,2023,PIB,138793
2901809,2021,PIB,82589
2901809,2023,PIB,108500
2901908,2021,PIB,148460
2901908,2023,PIB,191758
2901957,2021,PIB,74216
2901957,2023,PIB,90729
2902005,2021,PIB,145622
2902005,2023,PIB,174004
2902054,2021,PIB,298903
2902054,2023,PIB,325622
2902104,2021,PIB,490958
2902104,2023,PIB,642812
2902203,2021,PIB,103680
2902203,2023,PIB,138749
2902252,2021,PIB,101344
2902252,2023,PIB,135073
2902302,2021,PIB,79992
2902302,2023,PIB,107370
2902401,2021,PIB,136886
2902401,2023,PIB,180021
2902500,2021,PIB,263675
2902500,2023,PIB,362686
2902609,2021,PIB,194474
2902609,2023,PIB,226704
2902658,2021,PIB,113493
2902658,2023,PIB,152081
2902708,2021,PIB,430282
2902708,2023,PIB,558493
2902807,2021,PIB,376926
2902807,2023,PIB,589439
2902906,2021,PIB,573207
2902906,2023,PIB,540750
2903003,2021,PIB,115644
2903003,2023,PIB,143356
2903102,2021,PIB,77839
2903102,2023,PIB,107927
2903201,2021,PIB,7007583
2903201,2023,PIB,9499499
2903235,2021,PIB,112747
2903235,2023,PIB,137538
2903276,2021,PIB,345869
2903276,2023,PIB,289668
2903300,2021,PIB,79870
2903300,2023,PIB,112869
2903409,2021,PIB,373616
2903409,2023,PIB,432368
2903508,2021,PIB,169334
2903508,2023,PIB,217596
2903607,2021,PIB,145254
2903607,2023,PIB,234654
2903706,2021,PIB,111525
2903706,2023,PIB,144910
2903805,2021,PIB,155182
2903805,2023,PIB,187249
2903904,2021,PIB,1357111
2903904,2023,PIB,1554154
2903953,2021,PIB,69906
2903953,2023,PIB,92366
2904001,2021,PIB,117753
2904001,2023,PIB,146376
2904050,2021,PIB,270624
2904050,2023,PIB,265009
2904100,2021,PIB,188737
2904100,2023,PIB,221071
2904209,2021,PIB,109884
2904209,2023,PIB,132225
2904308,2021,PIB,144196
2904308,2023,PIB,168676
2904407,2021,PIB,126161
2904407,2023,PIB,146903
2904506,2021,PIB,96352
2904506,2023,PIB,141253
2904605,2021,PIB,1781802
2904605,2023,PIB,1931839
2904704,2021,PIB,209117
2904704,2023,PIB,237932
2904753,2021,PIB,154805
2904753,2023,PIB,191820
2904803,2021,PIB,77336
2904803,2023,PIB,97532
2904852,2021,PIB,141050
2904852,2023,PIB,186028
2904902,2021,PIB,479138
2904902,2023,PIB,521416
2905008,2021,PIB,363603
2905008,2023,PIB,429993
2905107,2021,PIB,92224
2905107,2023,PIB,127401
2905156,2021,PIB,102468
2905156,2023,PIB,114113
2905206,2021,PIB,1098344
2905206,2023,PIB,1216743
2905305,2021,PIB,217329
2905305,2023,PIB,277214
2905404,2021,PIB,1508842
2905404,2023,PIB,1442325
2905503,2021,PIB,101885
2905503,2023,PIB,138755
2905602,2021,PIB,354111
2905602,2023,PIB,470760
2905701,2021,PIB,33990890
2905701,2023,PIB,27418878
2905800,2021,PIB,468117
2905800,2023,PIB,557662
2905909,2021,PIB,295119
2905909,2023,PIB,383421
2906006,2021,PIB,2072121
2906006,2023,PIB,1617786
2906105,2021,PIB,84823
2906105,2023,PIB,110069
2906204,2021,PIB,258494
2906204,2023,PIB,305656
2906303,2021,PIB,394907
2906303,2023,PIB,510979
2906402,2021,PIB,67739
2906402,2023,PIB,84961
2906501,2021,PIB,6824935
2906501,2023,PIB,5750026
2906600,2021,PIB,140513
2906600,2023,PIB,170088
2906709,2021,PIB,244448
2906709,2023,PIB,289057
2906808,2021,PIB,352265
2906808,2023,PIB,510493
2906824,2021,PIB,152935
2906824,2023,PIB,203667
2906857,2021,PIB,129342
2906857,2023,PIB,164342
2906873,2021,PIB,579390
2906873,2023,PIB,801016
2906899,2021,PIB,86125
2906899,2023,PIB,123402
2906907,2021,PIB,357855
2906907,2023,PIB,413319
2907004,2021,PIB,117844
2907004,2023,PIB,140042
2907103,2021,PIB,288403
2907103,2023,PIB,377035
2907202,2021,PIB,874879
2907202,2023,PIB,1135276
2907301,2021,PIB,316840
2907301,2023,PIB,431938
2907400,2021,PIB,80904
2907400,2023,PIB,93082
2907509,2021,PIB,695021
2907509,2023,PIB,928641
2907558,2021,PIB,78181
2907558,2023,PIB,105134
2907608,2021,PIB,154454
2907608,2023,PIB,180701
2907707,2021,PIB,105377
2907707,2023,PIB,137581
2907806,2021,PIB,399480
2907806,2023,PIB,503222
2907905,2021,PIB,155100
2907905,2023,PIB,214616
2908002,2021,PIB,190857
2908002,2023,PIB,256643
2908101,2021,PIB,559255
2908101,2023,PIB,733217
2908200,2021,PIB,375845
2908200,2023,PIB,430602
2908309,2021,PIB,200105
2908309,2023,PIB,236507
2908408,2021,PIB,883550
2908408,2023,PIB,1122063
2908507,2021,PIB,2761495
2908507,2023,PIB,2634469
2908606,2021,PIB,288432
2908606,2023,PIB,365282
2908705,2021,PIB,170758
2908705,2023,PIB,203311
2908804,2021,PIB,50705
2908804,2023,PIB,63627
2908903,2021,PIB,225909
2908903,2023,PIB,325844
2909000,2021,PIB,70616
2909000,2023,PIB,79050
2909109,2021,PIB,168999
2909109,2023,PIB,207786
2909208,2021,PIB,175063
2909208,2023,PIB,258088
2909307,2021,PIB,3280617
2909307,2023,PIB,3806363
2909406,2021,PIB,171261
2909406,2023,PIB,214457
2909505,2021,PIB,45856
2909505,2023,PIB,57703
2909604,2021,PIB,205809
2909604,2023,PIB,262120
2909703,2021,PIB,157829
2909703,2023,PIB,218525
2909802,2021,PIB,1041984
2909802,2023,PIB,1279175
2909901,2021,PIB,354901
2909901,2023,PIB,499932
2910008,2021,PIB,126035
2910008,2023,PIB,155287
2910057,2021,PIB,3052173
2910057,2023,PIB,2377818
2910107,2021,PIB,142114
2910107,2023,PIB,177243
2910206,2021,PIB,43268
2910206,2023,PIB,60840
2910305,2021,PIB,76577
2910305,2023,PIB,104130
2910404,2021,PIB,255982
2910404,2023,PIB,254828
2910503,2021,PIB,680875
2910503,2023,PIB,790786
2910602,2021,PIB,731443
2910602,2023,PIB,810980
2910701,2021,PIB,794576
2910701,2023,PIB,959548
2910727,2021,PIB,3204764
2910727,2023,PIB,4264493
2910750,2021,PIB,279797
2910750,2023,PIB,298891
2910776,2021,PIB,63006
2910776,2023,PIB,83140
2910800,2021,PIB,17287746
2910800,2023,PIB,21846455
2910859,2021,PIB,139019
2910859,2023,PIB,201628
2910909,2021,PIB,70961
2910909,2023,PIB,88592
2911006,2021,PIB,101470
2911006,2023,PIB,134079
2911105,2021,PIB,4609105
2911105,2023,PIB,5334933
2911204,2021,PIB,460710
2911204,2023,PIB,598643
2911253,2021,PIB,49892
2911253,2023,PIB,64349
2911303,2021,PIB,133421
2911303,2023,PIB,563487
2911402,2021,PIB,254116
2911402,2023,PIB,297615
2911501,2021,PIB,76384
2911501,2023,PIB,91564
2911600,2021,PIB,221824
2911600,2023,PIB,284847
2911659,2021,PIB,68553
2911659,2023,PIB,86286
2911709,2021,PIB,1652174
2911709,2023,PIB,2028013
2911808,2021,PIB,279298
2911808,2023,PIB,318837
2911857,2021,PIB,140497
2911857,2023,PIB,170531
2911907,2021,PIB,236733
2911907,2023,PIB,309737
2912004,2021,PIB,98696
2912004,2023,PIB,121230
2912103,2021,PIB,206488
2912103,2023,PIB,265632
2912202,2021,PIB,442996
2912202,2023,PIB,517754
2912301,2021,PIB,196041
2912301,2023,PIB,224503
2912400,2021,PIB,177643
2912400,2023,PIB,201181
2912509,2021,PIB,117147
2912509,2023,PIB,155050
2912608,2021,PIB,37302
2912608,2023,PIB,48874
2912707,2021,PIB,285725
2912707,2023,PIB,385351
2912806,2021,PIB,450754
2912806,2023,PIB,486182
2912905,2021,PIB,206991
2912905,2023,PIB,274185
2913002,2021,PIB,113539
2913002,2023,PIB,145140
2913101,2021,PIB,155356
2913101,2023,PIB,181670
2913200,2021,PIB,415176
2913200,2023,PIB,544229
2913309,2021,PIB,56326
2913309,2023,PIB,72148
2913408,2021,PIB,198181
2913408,2023,PIB,237186
2913457,2021,PIB,211118
2913457,2023,PIB,248015
2913507,2021,PIB,246107
2913507,2023,PIB,282578
2913606,2021,PIB,5165434
2913606,2023,PIB,7234381
2913705,2021,PIB,625516
2913705,2023,PIB,728057
2913804,2021,PIB,105039
2913804,2023,PIB,141404
2913903,2021,PIB,567652
2913903,2023,PIB,714938
2914000,2021,PIB,664074
2914000,2023,PIB,799164
2914109,2021,PIB,100298
2914109,2023,PIB,138064
2914208,2021,PIB,77968
2914208,2023,PIB,81310
2914307,2021,PIB,102575
2914307,2023,PIB,128688
2914406,2021,PIB,897724
2914406,2023,PIB,695113
2914505,2021,PIB,285797
2914505,2023,PIB,385665
2914604,2021,PIB,1531592
2914604,2023,PIB,1963173
2914653,2021,PIB,513989
2914653,2023,PIB,669663
2914703,2021,PIB,995761
2914703,2023,PIB,1267187
2914802,2021,PIB,4200887
2914802,2023,PIB,5152367
2914901,2021,PIB,427090
2914901,2023,PIB,563115
2915007,2021,PIB,126615
2915007,2023,PIB,151142
2915106,2021,PIB,128429
2915106,2023,PIB,162850
2915205,2021,PIB,1102618
2915205,2023,PIB,746823
2915304,2021,PIB,127478
2915304,2023,PIB,153619
2915353,2021,PIB,152646
2915353,2023,PIB,173901
2915403,2021,PIB,89468
2915403,2023,PIB,110197
2915502,2021,PIB,255369
2915502,2023,PIB,382795
2915601,2021,PIB,1109786
2915601,2023,PIB,1395506
2915700,2021,PIB,103343
2915700,2023,PIB,118906
2915809,2021,PIB,294534
2915809,2023,PIB,403898
2915908,2021,PIB,81829
2915908,2023,PIB,110577
2916005,2021,PIB,293429
2916005,2023,PIB,341096
2916104,2021,PIB,246765
2916104,2023,PIB,298514
2916203,2021,PIB,106333
2916203,2023,PIB,135712
2916302,2021,PIB,335601
2916302,2023,PIB,329116
2916401,2021,PIB,1466169
2916401,2023,PIB,1938472
2916500,2021,PIB,438660
2916500,2023,PIB,534863
2916609,2021,PIB,94612
2916609,2023,PIB,124199
2916708,2021,PIB,100679
2916708,2023,PIB,105758
2916807,2021,PIB,330772
2916807,2023,PIB,375540
2916856,2021,PIB,430369
2916856,2023,PIB,513401
2916906,2021,PIB,120556
2916906,2023,PIB,152011
2917003,2021,PIB,351480
2917003,2023,PIB,429678
2917102,2021,PIB,250715
2917102,2023,PIB,281112
2917201,2021,PIB,256554
2917201,2023,PIB,341991
2917300,2021,PIB,367367
2917300,2023,PIB,420873
2917334,2021,PIB,133299
2917334,2023,PIB,179353
2917359,2021,PIB,1344176
2917359,2023,PIB,1527845
2917409,2021,PIB,122734
2917409,2023,PIB,150696
2917508,2021,PIB,1866382
2917508,2023,PIB,2030142
2917607,2021,PIB,677732
2917607,2023,PIB,807069
2917706,2021,PIB,1197315
2917706,2023,PIB,805704
2917805,2021,PIB,206796
2917805,2023,PIB,261121
2917904,2021,PIB,168106
2917904,2023,PIB,217807
2918001,2021,PIB,3175607
2918001,2023,PIB,3882707
2918100,2021,PIB,501169
2918100,2023,PIB,623856
2918209,2021,PIB,150225
2918209,2023,PIB,195943
2918308,2021,PIB,175501
2918308,2023,PIB,253023
2918357,2021,PIB,296792
2918357,2023,PIB,347835
2918407,2021,PIB,5182686
2918407,2023,PIB,6159604
2918456,2021,PIB,127605
2918456,2023,PIB,152424
2918506,2021,PIB,113552
2918506,2023,PIB,151838
2918555,2021,PIB,71426
2918555,2023,PIB,90404
2918605,2021,PIB,68637
2918605,2023,PIB,87228
2918704,2021,PIB,55228
2918704,2023,PIB,70953
2918753,2021,PIB,119480
2918753,2023,PIB,147332
2918803,2021,PIB,292274
2918803,2023,PIB,344541
2918902,2021,PIB,112925
2918902,2023,PIB,132126
2919009,2021,PIB,60929
2919009,2023,PIB,66280
2919058,2021,PIB,78267
2919058,2023,PIB,102350
2919108,2021,PIB,64992
2919108,2023,PIB,83252
2919157,2021,PIB,302184
2919157,2023,PIB,381812
2919207,2021,PIB,7322788
2919207,2023,PIB,8918480
2919306,2021,PIB,170248
2919306,2023,PIB,210370
2919405,2021,PIB,157145
2919405,2023,PIB,165212
2919504,2021,PIB,574693
2919504,2023,PIB,705491
2919553,2021,PIB,8833179
2919553,2023,PIB,11559024
2919603,2021,PIB,90666
2919603,2023,PIB,108592
2919702,2021,PIB,226872
2919702,2023,PIB,269681
2919801,2021,PIB,430548
2919801,2023,PIB,549586
2919900,2021,PIB,67455
2919900,2023,PIB,80972
2919926,2021,PIB,515753
2919926,2023,PIB,710438
2919959,2021,PIB,50031
2919959,2023,PIB,81860
2920007,2021,PIB,204964
2920007,2023,PIB,210896
2920106,2021,PIB,158649
2920106,2023,PIB,211982
2920205,2021,PIB,187955
2920205,2023,PIB,238293
2920304,2021,PIB,80501
2920304,2023,PIB,111365
2920403,2021,PIB,139733
2920403,2023,PIB,165432
2920452,2021,PIB,93635
2920452,2023,PIB,117787
2920502,2021,PIB,655865
2920502,2023,PIB,692349
2920601,2021,PIB,402216
2920601,2023,PIB,479212
2920700,2021,PIB,343435
2920700,2023,PIB,434712
2920809,2021,PIB,94273
2920809,2023,PIB,119538
2920908,2021,PIB,161322
2920908,2023,PIB,193317
2921005,2021,PIB,1307567
2921005,2023,PIB,1734857
2921054,2021,PIB,91646
2921054,2023,PIB,123261
2921104,2021,PIB,514264
2921104,2023,PIB,505592
2921203,2021,PIB,272751
2921203,2023,PIB,340200
2921302,2021,PIB,144021
2921302,2023,PIB,181064
2921401,2021,PIB,141314
2921401,2023,PIB,167191
2921450,2021,PIB,78529
2921450,2023,PIB,102822
2921500,2021,PIB,459587
2921500,2023,PIB,590805
2921609,2021,PIB,78576
2921609,2023,PIB,102667
2921708,2021,PIB,626444
2921708,2023,PIB,1565321
2921807,2021,PIB,106587
2921807,2023,PIB,132840
2921906,2021,PIB,774984
2921906,2023,PIB,599591
2922003,2021,PIB,2213929
2922003,2023,PIB,3127407
2922052,2021,PIB,212754
2922052,2023,PIB,283456
2922102,2021,PIB,198985
2922102,2023,PIB,219477
2922201,2021,PIB,66760
2922201,2023,PIB,86329
2922250,2021,PIB,210272
2922250,2023,PIB,266937
2922300,2021,PIB,276522
2922300,2023,PIB,375977
2922409,2021,PIB,470758
2922409,2023,PIB,511682
2922508,2021,PIB,330399
2922508,2023,PIB,463721
2922607,2021,PIB,185842
2922607,2023,PIB,201028
2922656,2021,PIB,160704
2922656,2023,PIB,184562
2922706,2021,PIB,174011
2922706,2023,PIB,227966
2922730,2021,PIB,95116
2922730,2023,PIB,121799
2922755,2021,PIB,101835
2922755,2023,PIB,127888
2922805,2021,PIB,73231
2922805,2023,PIB,89840
2922854,2021,PIB,75482
2922854,2023,PIB,93115
2922904,2021,PIB,271385
2922904,2023,PIB,341842
2923001,2021,PIB,575879
2923001,2023,PIB,699744
2923035,2021,PIB,105117
2923035,2023,PIB,137372
2923050,2021,PIB,103840
2923050,2023,PIB,130774
2923100,2021,PIB,241905
2923100,2023,PIB,296049
2923209,2021,PIB,291778
2923209,2023,PIB,420124
2923308,2021,PIB,80572
2923308,2023,PIB,110003
2923357,2021,PIB,279796
2923357,2023,PIB,318032
2923407,2021,PIB,237973
2923407,2023,PIB,291639
2923506,2021,PIB,107772
2923506,2023,PIB,153919
2923605,2021,PIB,270522
2923605,2023,PIB,310453
2923704,2021,PIB,260302
2923704,2023,PIB,327813
2923803,2021,PIB,454229
2923803,2023,PIB,559999
2923902,2021,PIB,105694
2923902,2023,PIB,135359
2924009,2021,PIB,3964729
2924009,2023,PIB,4258891
2924058,2021,PIB,131268
2924058,2023,PIB,166031
2924108,2021,PIB,52230
2924108,2023,PIB,68924
2924207,2021,PIB,119243
2924207,2023,PIB,178830
2924306,2021,PIB,242589
2924306,2023,PIB,220692
2924405,2021,PIB,291131
2924405,2023,PIB,367179
2924504,2021,PIB,296449
2924504,2023,PIB,285213
2924603,2021,PIB,156836
2924603,2023,PIB,215103
2924652,2021,PIB,109216
2924652,2023,PIB,132345
2924678,2021,PIB,116891
2924678,2023,PIB,157001
2924702,2021,PIB,79283
2924702,2023,PIB,92317
2924801,2021,PIB,187717
2924801,2023,PIB,218911
2924900,2021,PIB,79136
2924900,2023,PIB,88316
2925006,2021,PIB,309692
2925006,2023,PIB,324874
2925105,2021,PIB,572944
2925105,2023,PIB,681871
2925204,2021,PIB,1843255
2925204,2023,PIB,3036559
2925253,2021,PIB,142450
2925253,2023,PIB,246410
2925303,2021,PIB,3775003
2925303,2023,PIB,5009894
2925402,2021,PIB,114890
2925402,2023,PIB,151243
2925501,2021,PIB,625403
2925501,2023,PIB,776982
2925600,2021,PIB,132058
2925600,2023,PIB,167733
2925709,2021,PIB,100235
2925709,2023,PIB,122014
2925758,2021,PIB,337994
2925758,2023,PIB,417933
2925808,2021,PIB,257595
2925808,2023,PIB,321603
2925907,2021,PIB,227708
2925907,2023,PIB,277904
2925931,2021,PIB,76980
2925931,2023,PIB,117642
2925956,2021,PIB,396593
2925956,2023,PIB,422266
2926004,2021,PIB,486107
2926004,2023,PIB,573383
2926103,2021,PIB,149704
2926103,2023,PIB,175548
2926202,2021,PIB,1539859
2926202,2023,PIB,1896806
2926301,2021,PIB,409527
2926301,2023,PIB,565913
2926400,2021,PIB,317645
2926400,2023,PIB,406700
2926509,2021,PIB,192311
2926509,2023,PIB,199747
2926608,2021,PIB,715512
2926608,2023,PIB,918880
2926657,2021,PIB,110954
2926657,2023,PIB,134074
2926707,2021,PIB,155831
2926707,2023,PIB,198436
2926806,2021,PIB,115515
2926806,2023,PIB,143762
2926905,2021,PIB,100333
2926905,2023,PIB,119203
2927002,2021,PIB,1030915
2927002,2023,PIB,1275892
2927101,2021,PIB,143383
2927101,2023,PIB,162518
2927200,2021,PIB,392238
2927200,2023,PIB,537946
2927309,2021,PIB,201345
2927309,2023,PIB,250081
2927408,2021,PIB,62981326
2927408,2023,PIB,76698777
2927507,2021,PIB,180434
2927507,2023,PIB,229692
2927606,2021,PIB,119246
2927606,2023,PIB,161580
2927705,2021,PIB,549713
2927705,2023,PIB,649502
2927804,2021,PIB,71169
2927804,2023,PIB,77737
2927903,2021,PIB,76085
2927903,2023,PIB,113748
2928000,2021,PIB,521838
2928000,2023,PIB,678133
2928059,2021,PIB,124187
2928059,2023,PIB,165145
2928109,2021,PIB,600085
2928109,2023,PIB,696761
2928208,2021,PIB,343471
2928208,2023,PIB,426643
2928307,2021,PIB,68800
2928307,2023,PIB,84482
2928406,2021,PIB,285736
2928406,2023,PIB,389400
2928505,2021,PIB,101309
2928505,2023,PIB,165369
2928604,2021,PIB,1137499
2928604,2023,PIB,1375771
2928703,2021,PIB,2449482
2928703,2023,PIB,3028414
2928802,2021,PIB,913473
2928802,2023,PIB,1295366
2928901,2021,PIB,5846224
2928901,2023,PIB,8525862
2928950,2021,PIB,88333
2928950,2023,PIB,109020
2929008,2021,PIB,172669
2929008,2023,PIB,198066
2929057,2021,PIB,238009
2929057,2023,PIB,276484
2929107,2021,PIB,211989
2929107,2023,PIB,282891
2929206,2021,PIB,13095067
2929206,2023,PIB,26505737
2929255,2021,PIB,152707
2929255,2023,PIB,193553
2929305,2021,PIB,1156472
2929305,2023,PIB,1673386
2929354,2021,PIB,67107
2929354,2023,PIB,71407
2929370,2021,PIB,126577
2929370,2023,PIB,154211
2929404,2021,PIB,176578
2929404,2023,PIB,207568
2929503,2021,PIB,849766
2929503,2023,PIB,957089
2929602,2021,PIB,213065
2929602,2023,PIB,343805
2929701,2021,PIB,257706
2929701,2023,PIB,352993
2929750,2021,PIB,146219
2929750,2023,PIB,179572
2929800,2021,PIB,102999
2929800,2023,PIB,120918
2929909,2021,PIB,625080
2929909,2023,PIB,861825
2930006,2021,PIB,107168
2930006,2023,PIB,123933
2930105,2021,PIB,997788
2930105,2023,PIB,1260522
2930154,2021,PIB,411279
2930154,2023,PIB,521086
2930204,2021,PIB,1714711
2930204,2023,PIB,1566194
2930303,2021,PIB,199802
2930303,2023,PIB,261412
2930402,2021,PIB,138171
2930402,2023,PIB,175258
2930501,2021,PIB,1085465
2930501,2023,PIB,1420689
2930600,2021,PIB,118127
2930600,2023,PIB,153750
2930709,2021,PIB,6340237
2930709,2023,PIB,8508321
2930758,2021,PIB,119916
2930758,2023,PIB,154008
2930766,2021,PIB,103227
2930766,2023,PIB,168209
2930774,2021,PIB,842992
2930774,2023,PIB,908544
2930808,2021,PIB,135851
2930808,2023,PIB,177203
2930907,2021,PIB,268071
2930907,2023,PIB,341963
2931004,2021,PIB,252999
2931004,2023,PIB,315577
2931053,2021,PIB,182572
2931053,2023,PIB,297435
2931103,2021,PIB,66752
2931103,2023,PIB,83841
2931202,2021,PIB,221530
2931202,2023,PIB,254682
2931301,2021,PIB,148710
2931301,2023,PIB,174265
2931350,2021,PIB,2875560
2931350,2023,PIB,3670771
2931400,2021,PIB,177343
2931400,2023,PIB,123381
2931509,2021,PIB,191244
2931509,2023,PIB,238098
2931608,2021,PIB,216597
2931608,2023,PIB,279612
2931707,2021,PIB,170369
2931707,2023,PIB,164871
2931806,2021,PIB,133571
2931806,2023,PIB,172959
2931905,2021,PIB,544589
2931905,2023,PIB,823511
2932002,2021,PIB,234752
2932002,2023,PIB,318312
2932101,2021,PIB,228976
2932101,2023,PIB,305087
2932200,2021,PIB,244475
2932200,2023,PIB,316059
2932309,2021,PIB,223669
2932309,2023,PIB,264213
2932408,2021,PIB,175916
2932408,2023,PIB,177265
2932457,2021,PIB,263228
2932457,2023,PIB,238955
2932507,2021,PIB,333870
2932507,2023,PIB,453711
2932606,2021,PIB,199656
2932606,2023,PIB,232370
2932705,2021,PIB,296011
2932705,2023,PIB,384146
2932804,2021,PIB,185676
2932804,2023,PIB,297919
2932903,2021,PIB,1740629
2932903,2023,PIB,2194454
2933000,2021,PIB,268418
2933000,2023,PIB,350571
2933059,2021,PIB,111965
2933059,2023,PIB,152110
2933109,2021,PIB,116185
2933109,2023,PIB,154661
2933158,2021,PIB,231719
2933158,2023,PIB,573060
2933174,2021,PIB,135059
2933174,2023,PIB,172935
2933208,2021,PIB,601816
2933208,2023,PIB,709330
2933257,2021,PIB,92690
2933257,2023,PIB,116334
2933307,2021,PIB,8218063
2933307,2023,PIB,12666571
2933406,2021,PIB,89462
2933406,2023,PIB,115311
2933455,2021,PIB,167534
2933455,2023,PIB,230492
2933505,2021,PIB,331451
2933505,2023,PIB,424520
2933604,2021,PIB,460817
2933604,2023,PIB,780080
