"especificacao","tratamento","outcome","n_obs","coef_ss","se_ss","t_stat","p_value","f_stat","r2_ss","erro"
"Amostra completa, sem FE","Distância até ferrovia (km)","População (2003)",1048,-0.00356677444415365,0.00140926239013761,-2.53095127572756,0.0113753649262835,334.475015987707,0.00466212258215881,NA
"Amostra completa, sem FE","Dummy atendimento (≤25km)","População (2003)",1048,0.739653753621297,0.201819707604468,3.66492332389506,0.000247412695323579,127.346967631984,0.0138114332847807,NA
"Amostra completa, sem FE","Densidade de ferrovias (km/1000km²)","População (2003)",1048,0.0228978101258399,0.0079707628882165,2.87272503861464,0.00406948131614104,29.1692935753887,0.0450274684994002,NA
"Amostra completa, sem FE","Distância até ferrovia (km)","População (2010)",1048,-0.00340165767528422,0.00135277271494613,-2.51458181976983,0.0119173646257917,334.475015987707,0.00413739867281926,NA
"Amostra completa, sem FE","Dummy atendimento (≤25km)","População (2010)",1048,0.767329883445413,0.204108272126973,3.75942569818075,0.000170303845616671,127.346967631984,0.014689400175249,NA
"Amostra completa, sem FE","Densidade de ferrovias (km/1000km²)","População (2010)",1048,0.0232342767819931,0.00806757296058988,2.87995868094315,0.00397727291677241,29.1692935753887,0.0455030246181359,NA
"Amostra completa, sem FE","Distância até ferrovia (km)","PIB Total (2003)",1048,-0.00367020642005378,0.00179802991782895,-2.04123768112013,0.0412272080003604,334.475015987707,0.00407503470791937,NA
"Amostra completa, sem FE","Dummy atendimento (≤25km)","PIB Total (2003)",1048,1.55378490867143,0.26373340730458,5.89149825405698,3.82709708368623e-09,127.346967631984,0.0427773877252822,NA
"Amostra completa, sem FE","Densidade de ferrovias (km/1000km²)","PIB Total (2003)",1048,0.0326065716954073,0.0109379177440886,2.98105841150887,0.00287253996420445,29.1692935753887,0.0613098164030952,NA
"Amostra completa, sem FE","Distância até ferrovia (km)","PIB Valor Adicionado (2003)",1048,-0.00351876365034309,0.00175967119753577,-1.99967110632415,0.0455357901536768,334.475015987707,0.00371718940996157,NA
"Amostra completa, sem FE","Dummy atendimento (≤25km)","PIB Valor Adicionado (2003)",1048,1.4987760069294,0.257354655675746,5.82377654289567,5.75324898832719e-09,127.346967631984,0.041416818787284,NA
"Amostra completa, sem FE","Densidade de ferrovias (km/1000km²)","PIB Valor Adicionado (2003)",1048,0.0317120093214407,0.0106672090746344,2.97284970225706,0.00295048890183214,29.1692935753887,0.0604333375805665,NA
"Amostra completa, sem FE","Distância até ferrovia (km)","PIB Agropecuária (2003)",1048,-0.000657999176633783,0.00269053148424491,-0.244561039514633,0.806796334020429,334.475015987707,0.0143799420834673,NA
"Amostra completa, sem FE","Dummy atendimento (≤25km)","PIB Agropecuária (2003)",1048,0.628840210048899,0.227317795874884,2.76634835222058,0.00566879437009526,127.346967631984,0.0220353705608985,NA
"Amostra completa, sem FE","Densidade de ferrovias (km/1000km²)","PIB Agropecuária (2003)",1048,0.0145495628622193,0.00656066366421596,2.21769680734854,0.026575512091441,29.1692935753887,0.0278415708882709,NA
"Amostra completa, sem FE","Distância até ferrovia (km)","PIB Indústria (2003)",1048,-0.00715421004138872,0.00268108761990645,-2.66839844705946,0.00762138146382418,334.475015987707,0.0138976251340964,NA
"Amostra completa, sem FE","Dummy atendimento (≤25km)","PIB Indústria (2003)",1048,2.84060624111521,0.430739650496721,6.5947173375831,4.26065849268298e-11,127.346967631984,0.0641619882802296,NA
"Amostra completa, sem FE","Densidade de ferrovias (km/1000km²)","PIB Indústria (2003)",1048,0.0528659943790336,0.0171600751830424,3.08075540550521,0.00206476186787441,29.1692935753887,0.0713909062477798,NA
"Amostra completa + FE Estado","Distância até ferrovia (km)","População (2003)",1048,-0.00441497070040436,0.00145929931346398,-3.02540449356097,0.00248300809977331,310.252036343356,0.171574564306772,NA
"Amostra completa + FE Estado","Dummy atendimento (≤25km)","População (2003)",1048,0.755938795954235,0.193730840635195,3.90200544980706,9.53990092424917e-05,123.523217818321,0.178489236107507,NA
"Amostra completa + FE Estado","Densidade de ferrovias (km/1000km²)","População (2003)",1048,0.0210154899133037,0.00677423717154286,3.1022666288664,0.00192044901390909,32.0296815041895,0.203952687174924,NA
"Amostra completa + FE Estado","Distância até ferrovia (km)","População (2010)",1048,-0.00432073479079317,0.00140950048558057,-3.06543689413024,0.00217352239876867,310.252036343356,0.170073640859609,NA
"Amostra completa + FE Estado","Dummy atendimento (≤25km)","População (2010)",1048,0.7974975190213,0.196178173020868,4.06516946682172,4.79975732445848e-05,123.523217818321,0.178767210844026,NA
"Amostra completa + FE Estado","Densidade de ferrovias (km/1000km²)","População (2010)",1048,0.0214742636805883,0.00689336594190809,3.11520726761885,0.00183815697884615,32.0296815041895,0.203834208421722,NA
"Amostra completa + FE Estado","Distância até ferrovia (km)","PIB Total (2003)",1048,-0.00328770538080354,0.00163103808108329,-2.0157134397622,0.0438299494283827,310.252036343356,0.107389969242993,NA
"Amostra completa + FE Estado","Dummy atendimento (≤25km)","PIB Total (2003)",1048,1.49325309159704,0.26161492089714,5.70782846206296,1.14426654818089e-08,123.523217818321,0.141773284026204,NA
"Amostra completa + FE Estado","Densidade de ferrovias (km/1000km²)","PIB Total (2003)",1048,0.0302860845997439,0.00948284792929532,3.19377520609408,0.0014042541814252,32.0296815041895,0.159097820431693,NA
"Amostra completa + FE Estado","Distância até ferrovia (km)","PIB Valor Adicionado (2003)",1048,-0.00315963694615971,0.00161191981651312,-1.96017004927366,0.0499759179281447,310.252036343356,0.108538300415081,NA
"Amostra completa + FE Estado","Dummy atendimento (≤25km)","PIB Valor Adicionado (2003)",1048,1.4430678321235,0.255129836867714,5.65620959837691,1.54752468617403e-08,123.523217818321,0.142144833153858,NA
"Amostra completa + FE Estado","Densidade de ferrovias (km/1000km²)","PIB Valor Adicionado (2003)",1048,0.0294049695233827,0.00923769685173024,3.18314943598469,0.00145682405736203,32.0296815041895,0.159561170096458,NA
"Amostra completa + FE Estado","Distância até ferrovia (km)","PIB Agropecuária (2003)",1048,-0.000795036889430903,0.00273737950435943,-0.290437218575196,0.771481773866091,310.252036343356,0.212981845723224,NA
"Amostra completa + FE Estado","Dummy atendimento (≤25km)","PIB Agropecuária (2003)",1048,0.605834675337934,0.212004689143329,2.8576475255618,0.00426794188374813,123.523217818321,0.219637877708909,NA
"Amostra completa + FE Estado","Densidade de ferrovias (km/1000km²)","PIB Agropecuária (2003)",1048,0.0110687517637016,0.00513317797476438,2.15631560372884,0.0310590296720354,32.0296815041895,0.22093630451769,NA
"Amostra completa + FE Estado","Distância até ferrovia (km)","PIB Indústria (2003)",1048,-0.00617373170234189,0.00223719668981003,-2.75958378199913,0.00578750449079046,310.252036343356,0.0881790639422455,NA
"Amostra completa + FE Estado","Dummy atendimento (≤25km)","PIB Indústria (2003)",1048,2.80978648034203,0.435701430360854,6.44888055110337,1.12679421349071e-10,123.523217818321,0.136153728735671,NA
"Amostra completa + FE Estado","Densidade de ferrovias (km/1000km²)","PIB Indústria (2003)",1048,0.0511740486300212,0.015401982672865,3.32256240751257,0.000891947167924068,32.0296815041895,0.145606860467213,NA
"Amostra completa + FE Estado (sem lag espacial)","Distância até ferrovia (km)","População (2003)",1048,-0.00184077727078073,0.000505727407984669,-3.63986060814116,0.000272785670534237,2173.50278910788,0.169616119251308,NA
"Amostra completa + FE Estado (sem lag espacial)","Dummy atendimento (≤25km)","População (2003)",1048,0.669648616540488,0.154668656918369,4.32956896298593,1.4940147982756e-05,193.740813884716,0.178861003299369,NA
"Amostra completa + FE Estado (sem lag espacial)","Densidade de ferrovias (km/1000km²)","População (2003)",1048,0.0198954563619919,0.00594878949883598,3.3444545929697,0.000824445241689453,38.4207360852758,0.203617869474335,NA
"Amostra completa + FE Estado (sem lag espacial)","Distância até ferrovia (km)","População (2010)",1048,-0.0017882502850517,0.000513272523034801,-3.48401717371973,0.000493947792065352,2173.50278910788,0.168255766213046,NA
"Amostra completa + FE Estado (sem lag espacial)","Dummy atendimento (≤25km)","População (2010)",1048,0.696481439966911,0.156357051246938,4.45442936159587,8.41166170251206e-06,193.740813884716,0.179303050674063,NA
"Amostra completa + FE Estado (sem lag espacial)","Densidade de ferrovias (km/1000km²)","População (2010)",1048,0.0202734899681572,0.00603791423095334,3.35769757447451,0.00078594552311273,38.4207360852758,0.203699641916952,NA
"Amostra completa + FE Estado (sem lag espacial)","Distância até ferrovia (km)","PIB Total (2003)",1048,-0.00118104169644919,0.00082539923941137,-1.43087325509464,0.152466543369511,2173.50278910788,0.107007495543542,NA
"Amostra completa + FE Estado (sem lag espacial)","Dummy atendimento (≤25km)","PIB Total (2003)",1048,1.16415814587994,0.204771283120901,5.68516311534074,1.30687862753831e-08,193.740813884716,0.141185666596016,NA
"Amostra completa + FE Estado (sem lag espacial)","Densidade de ferrovias (km/1000km²)","PIB Total (2003)",1048,0.0277850640950803,0.00810662433251905,3.42745179194043,0.000609274472626709,38.4207360852758,0.159859790244117,NA
"Amostra completa + FE Estado (sem lag espacial)","Distância até ferrovia (km)","PIB Valor Adicionado (2003)",1048,-0.00108132089129828,0.000816543399307345,-1.32426628176229,0.185414624609286,2173.50278910788,0.108124423056921,NA
"Amostra completa + FE Estado (sem lag espacial)","Dummy atendimento (≤25km)","PIB Valor Adicionado (2003)",1048,1.11941998142685,0.199646790767995,5.60700213171823,2.0586112592369e-08,193.740813884716,0.141394251626287,NA
"Amostra completa + FE Estado (sem lag espacial)","Densidade de ferrovias (km/1000km²)","PIB Valor Adicionado (2003)",1048,0.026923121206295,0.00789077827377229,3.41197284630126,0.000644945374031147,38.4207360852758,0.160276521050077,NA
"Amostra completa + FE Estado (sem lag espacial)","Distância até ferrovia (km)","PIB Agropecuária (2003)",1048,0.00157478303347632,0.000906449687061721,1.73730881697474,0.0823326761005196,2173.50278910788,0.211614154685253,NA
"Amostra completa + FE Estado (sem lag espacial)","Dummy atendimento (≤25km)","PIB Agropecuária (2003)",1048,0.279314634164642,0.163838486134254,1.70481698625904,0.0882285624993115,193.740813884716,0.209007985576576,NA
"Amostra completa + FE Estado (sem lag espacial)","Densidade de ferrovias (km/1000km²)","PIB Agropecuária (2003)",1048,0.00842931472351718,0.0040763520486675,2.06785739378732,0.0386534348477272,38.4207360852758,0.212343334144535,NA
"Amostra completa + FE Estado (sem lag espacial)","Distância até ferrovia (km)","PIB Indústria (2003)",1048,-0.00317720208487445,0.00114042927317469,-2.78597030049032,0.0053367761102967,2173.50278910788,0.0881461338285381,NA
"Amostra completa + FE Estado (sem lag espacial)","Dummy atendimento (≤25km)","PIB Indústria (2003)",1048,2.28422925713681,0.338069249404351,6.7566904152372,1.41180400703433e-11,193.740813884716,0.136650079939369,NA
"Amostra completa + FE Estado (sem lag espacial)","Densidade de ferrovias (km/1000km²)","PIB Indústria (2003)",1048,0.0479124955106393,0.013222217773231,3.6236353335248,0.000290491096715195,38.4207360852758,0.145862511298873,NA
"Dist ≤200km + FE Estado","Distância até ferrovia (km)","População (2003)",999,-0.0062396802104948,0.00203710579659999,-3.06301234865125,0.00219121017498081,209.371932422432,0.175232803658804,NA
"Dist ≤200km + FE Estado","Dummy atendimento (≤25km)","População (2003)",999,0.814241868151818,0.21431006459173,3.79936364492719,0.000145068101250256,93.39124383217,0.18320755844428,NA
"Dist ≤200km + FE Estado","Densidade de ferrovias (km/1000km²)","População (2003)",999,0.0217998856636765,0.00731142673686387,2.9816185606788,0.00286728999458785,27.5973546113066,0.209662526756015,NA
"Dist ≤200km + FE Estado","Distância até ferrovia (km)","População (2010)",999,-0.0064555827068679,0.00205040072974078,-3.14844928273315,0.00164139203239522,209.371932422432,0.174834167313706,NA
"Dist ≤200km + FE Estado","Dummy atendimento (≤25km)","População (2010)",999,0.843238586839484,0.217252071775578,3.88138340844249,0.000103863943626381,93.39124383217,0.183213663833867,NA
"Dist ≤200km + FE Estado","Densidade de ferrovias (km/1000km²)","População (2010)",999,0.0221425820581481,0.00741387124427038,2.98664238001981,0.00282059460776041,27.5973546113066,0.209370034948939,NA
"Dist ≤200km + FE Estado","Distância até ferrovia (km)","PIB Total (2003)",999,-0.00755330356187429,0.00299754132915018,-2.51983300060644,0.0117410523958354,209.371932422432,0.12487294511207,NA
"Dist ≤200km + FE Estado","Dummy atendimento (≤25km)","PIB Total (2003)",999,1.37455423472151,0.281909273355934,4.87587449096084,1.08327471770586e-06,93.39124383217,0.145349740196583,NA
"Dist ≤200km + FE Estado","Densidade de ferrovias (km/1000km²)","PIB Total (2003)",999,0.0294785623824089,0.00979403591098233,3.00984830465587,0.00261378197337137,27.5973546113066,0.168342523107778,NA
"Dist ≤200km + FE Estado","Distância até ferrovia (km)","PIB Valor Adicionado (2003)",999,-0.00727149274019061,0.00293027896188955,-2.48150187567865,0.0130830021789761,209.371932422432,0.126029840421116,NA
"Dist ≤200km + FE Estado","Dummy atendimento (≤25km)","PIB Valor Adicionado (2003)",999,1.32162202030075,0.274523990969225,4.81423141064895,1.47767497171714e-06,93.39124383217,0.145844427278144,NA
"Dist ≤200km + FE Estado","Densidade de ferrovias (km/1000km²)","PIB Valor Adicionado (2003)",999,0.0285862191171927,0.00953296431693209,2.99867052543341,0.00271160365045664,27.5973546113066,0.168926390745849,NA
"Dist ≤200km + FE Estado","Distância até ferrovia (km)","PIB Agropecuária (2003)",999,-0.000108585824651378,0.00245401857989652,-0.0442481672881046,0.964706587683096,209.371932422432,0.221888974718787,NA
"Dist ≤200km + FE Estado","Dummy atendimento (≤25km)","PIB Agropecuária (2003)",999,0.228494865637084,0.221671399239939,1.03078189798297,0.302643108937786,93.39124383217,0.222755466681314,NA
"Dist ≤200km + FE Estado","Densidade de ferrovias (km/1000km²)","PIB Agropecuária (2003)",999,0.008387020685111,0.00471927743648302,1.77718322306588,0.0755380988512,27.5973546113066,0.226672117910181,NA
"Dist ≤200km + FE Estado","Distância até ferrovia (km)","PIB Indústria (2003)",999,-0.0125877195585311,0.00482230497324367,-2.61031179661457,0.00904597317616718,209.371932422432,0.095311430089639,NA
"Dist ≤200km + FE Estado","Dummy atendimento (≤25km)","PIB Indústria (2003)",999,2.79681736883671,0.481664861756682,5.80656300863722,6.376828176613e-09,93.39124383217,0.131277179647283,NA
"Dist ≤200km + FE Estado","Densidade de ferrovias (km/1000km²)","PIB Indústria (2003)",999,0.0507598241013983,0.0161267619734199,3.14755213632225,0.00164643741648751,27.5973546113066,0.145889626962911,NA
"Dist ≤200km + Excl. pontas + FE Estado","Distância até ferrovia (km)","População (2003)",998,-0.00593713480772551,0.00198500551048482,-2.99099159995552,0.00278073142409196,209.212211237002,0.174715676150167,NA
"Dist ≤200km + Excl. pontas + FE Estado","Dummy atendimento (≤25km)","População (2003)",998,0.794899264472409,0.213523698782362,3.72276833440688,0.000197050310032365,92.9572904625977,0.182606935875061,NA
"Dist ≤200km + Excl. pontas + FE Estado","Densidade de ferrovias (km/1000km²)","População (2003)",998,0.0217641320656125,0.00730009473050329,2.98134926587618,0.00286981285214072,27.5470361669584,0.209820421485614,NA
"Dist ≤200km + Excl. pontas + FE Estado","Distância até ferrovia (km)","População (2010)",998,-0.00617475721797502,0.00200347163244629,-3.08202877344237,0.00205594963191991,209.212211237002,0.174387220594356,NA
"Dist ≤200km + Excl. pontas + FE Estado","Dummy atendimento (≤25km)","População (2010)",998,0.825154303988424,0.216599580611253,3.80958403363389,0.000139200789351701,92.9572904625977,0.182677085546912,NA
"Dist ≤200km + Excl. pontas + FE Estado","Densidade de ferrovias (km/1000km²)","População (2010)",998,0.0221097747778819,0.00740373176096982,2.98630143442497,0.00282374152833098,27.5470361669584,0.209541636016273,NA
"Dist ≤200km + Excl. pontas + FE Estado","Distância até ferrovia (km)","PIB Total (2003)",998,-0.00715785499761715,0.00292223197843464,-2.44944790503984,0.0143075404970485,209.212211237002,0.123892170616016,NA
"Dist ≤200km + Excl. pontas + FE Estado","Dummy atendimento (≤25km)","PIB Total (2003)",998,1.35031965499756,0.280826726375919,4.80837302212468,1.52163632627378e-06,92.9572904625977,0.144124944387561,NA
"Dist ≤200km + Excl. pontas + FE Estado","Densidade de ferrovias (km/1000km²)","PIB Total (2003)",998,0.0294292488532624,0.00977755219845907,3.0098789815615,0.00261351800363463,27.5470361669584,0.168144952170625,NA
"Dist ≤200km + Excl. pontas + FE Estado","Distância até ferrovia (km)","PIB Valor Adicionado (2003)",998,-0.00689272375268767,0.002859108458889,-2.41079478158938,0.0159178021727129,209.212211237002,0.125111575643326,NA
"Dist ≤200km + Excl. pontas + FE Estado","Dummy atendimento (≤25km)","PIB Valor Adicionado (2003)",998,1.29843786914657,0.27353498200401,4.74688048904668,2.0657792758616e-06,92.9572904625977,0.144684893362513,NA
"Dist ≤200km + Excl. pontas + FE Estado","Densidade de ferrovias (km/1000km²)","PIB Valor Adicionado (2003)",998,0.0285390985454308,0.00951721762206882,2.99868088329235,0.00271151147614401,27.5470361669584,0.168754109813795,NA
"Dist ≤200km + Excl. pontas + FE Estado","Distância até ferrovia (km)","PIB Agropecuária (2003)",998,1.66846562730701e-05,0.00243878411403872,0.00684138303879617,0.994541408679965,209.212211237002,0.221394747868939,NA
"Dist ≤200km + Excl. pontas + FE Estado","Dummy atendimento (≤25km)","PIB Agropecuária (2003)",998,0.218858009112045,0.222041880530172,0.985660941933456,0.324299521950326,92.9572904625977,0.222189899640642,NA
"Dist ≤200km + Excl. pontas + FE Estado","Densidade de ferrovias (km/1000km²)","PIB Agropecuária (2003)",998,0.00836868052438581,0.00471522356025738,1.77482157896433,0.0759273521137971,27.5470361669584,0.226166050600159,NA
"Dist ≤200km + Excl. pontas + FE Estado","Distância até ferrovia (km)","PIB Indústria (2003)",998,-0.0119536161711114,0.00470225723691445,-2.54210171176326,0.0110188103371081,209.212211237002,0.0942128278739421,NA
"Dist ≤200km + Excl. pontas + FE Estado","Dummy atendimento (≤25km)","PIB Indústria (2003)",998,2.76174777390288,0.480216749708326,5.75104424320958,8.86938988919894e-09,92.9572904625977,0.129859739901821,NA
"Dist ≤200km + Excl. pontas + FE Estado","Densidade de ferrovias (km/1000km²)","PIB Indústria (2003)",998,0.0506826678957257,0.0160994908715734,3.14809134649191,0.0016434032907664,27.5470361669584,0.145580366519962,NA
