ano_tratamento,variavel_endogena,variavel_instrumento,coeficiente,erro_padrao,t_estatistica,p_valor,F_stat_1estagio,R2_1estagio,n_observacoes
1858,densidade_buffer_real_10km_1858,densidade_buffer_sintetica_10km_1858,0.7679843165059451,0.06394538728544358,12.010003365493226,1.372168182617641e-31,144.24018083915863,0.9709960903608751,1321
1860,densidade_buffer_real_10km_1860,densidade_buffer_sintetica_10km_1860,0.5480102879311526,0.13625099091887732,4.022064604707596,6.101374971960648e-5,16.177003684441672,0.713925325267903,1318
1862,densidade_buffer_real_10km_1862,densidade_buffer_sintetica_10km_1862,0.5093478165064329,0.1320173413543386,3.8581887143093403,1.1983905555029797e-4,14.885620155223961,0.30191146508138345,1317
1863,densidade_buffer_real_10km_1863,densidade_buffer_sintetica_10km_1863,0.5157524734309127,0.13732352096522263,3.7557475209329048,1.8048397591494445e-4,14.10563944099366,0.25094986100898864,1316
1873,densidade_buffer_real_10km_1873,densidade_buffer_sintetica_10km_1873,0.5152355444142082,0.13747483286111528,3.7478535793873466,1.8620738649729475e-4,14.046406452526547,0.24760970355299328,1314
1875,densidade_buffer_real_10km_1875,densidade_buffer_sintetica_10km_1875,0.50586430980795,0.13827142225779754,3.658487788350082,2.6391154293694543e-4,13.384532897506675,0.2372450185941548,1312
1876,densidade_buffer_real_10km_1876,densidade_buffer_sintetica_10km_1876,0.6037263050278658,0.1335869029613295,4.519352508700883,6.771133319180129e-6,20.424547097900962,0.31159976398294487,1310
1880,densidade_buffer_real_10km_1880,densidade_buffer_sintetica_10km_1880,0.5784336490187382,0.13638466945664282,4.241192586551118,2.3818614232865635e-5,17.98771455621616,0.21608590174124942,1310
1881,densidade_buffer_real_10km_1881,densidade_buffer_sintetica_10km_1881,0.7299963126586314,0.14414696563794516,5.0642502908605636,4.6980147645533605e-7,25.646631008481304,0.24780333337989824,1303
1882,densidade_buffer_real_10km_1882,densidade_buffer_sintetica_10km_1882,0.6152782621728253,0.11012644254367888,5.587016596207498,2.8199760219447517e-8,31.214754446298013,0.25623016121728537,1297
1883,densidade_buffer_real_10km_1883,densidade_buffer_sintetica_10km_1883,0.4556723894547496,0.07806498133163042,5.837090865608392,6.731702314967613e-9,34.071629773368926,0.27011793997254463,1293
1884,densidade_buffer_real_10km_1884,densidade_buffer_sintetica_10km_1884,0.5095926716118511,0.07095684352811645,7.181726895869127,1.1685841015909555e-12,51.57720120685,0.30837840367315683,1290
1885,densidade_buffer_real_10km_1885,densidade_buffer_sintetica_10km_1885,0.4906742126721633,0.07279477717353096,6.740513972623001,2.389243683569058e-11,45.434528615125906,0.285936295676231,1288
1886,densidade_buffer_real_10km_1886,densidade_buffer_sintetica_10km_1886,0.49588813764570844,0.07319903453092604,6.774517462196847,1.9056950845473425e-11,45.89408684561001,0.2913056810265663,1287
1887,densidade_buffer_real_10km_1887,densidade_buffer_sintetica_10km_1887,0.3479544894892337,0.059910432164431884,5.807911525896322,7.988666188463237e-9,33.73183629263934,0.2625996926809193,1287
1888,densidade_buffer_real_10km_1888,densidade_buffer_sintetica_10km_1888,0.3383102906381887,0.060082905687415554,5.630724525845431,2.2079111435641417e-8,31.705058685957255,0.263639745398048,1286
1891,densidade_buffer_real_10km_1891,densidade_buffer_sintetica_10km_1891,0.3354540022362079,0.06023985690486274,5.5686387629703855,3.13151280904013e-8,31.009737672456346,0.2569101162332593,1286
1892,densidade_buffer_real_10km_1892,densidade_buffer_sintetica_10km_1892,0.33477735916071905,0.06025372047840236,5.556127596813184,3.358581550768652e-8,30.870553872069046,0.2565284492023747,1286
1894,densidade_buffer_real_10km_1894,densidade_buffer_sintetica_10km_1894,0.37906275477176393,0.055582214549820534,6.819856996377771,1.408226226314712e-11,46.51044945104283,0.2916834731346969,1284
1895,densidade_buffer_real_10km_1895,densidade_buffer_sintetica_10km_1895,0.39713109927531864,0.054558307037843375,7.279021671252663,5.892476981480262e-13,52.984156490565915,0.3048916580697665,1282
1896,densidade_buffer_real_10km_1896,densidade_buffer_sintetica_10km_1896,0.3995099537442686,0.05427480571847508,7.3608730322599,3.2838625904720306e-13,54.18245179705106,0.3050844726459019,1281
1900,densidade_buffer_real_10km_1900,densidade_buffer_sintetica_10km_1900,0.3993914010728175,0.054281412620081966,7.357793060180209,3.3573140990817897e-13,54.13711871643605,0.30501320536153886,1281
1901,densidade_buffer_real_10km_1901,densidade_buffer_sintetica_10km_1901,0.39389527980857925,0.05109142113313139,7.7096168216223075,2.546391574907653e-14,59.43819153624165,0.3202749519352819,1280
1902,densidade_buffer_real_10km_1902,densidade_buffer_sintetica_10km_1902,0.3981415480514021,0.05048097032433535,7.886963057432953,6.669105814564646e-15,62.20418626931216,0.3245635462453662,1279
1904,densidade_buffer_real_10km_1904,densidade_buffer_sintetica_10km_1904,0.3870590484387673,0.04933853062001125,7.844965052157021,9.182567865999969e-15,61.54347666956501,0.3217049496537632,1279
1905,densidade_buffer_real_10km_1905,densidade_buffer_sintetica_10km_1905,0.3903573698181835,0.0493711230305954,7.906592879734133,5.750456701062646e-15,62.514210965862496,0.3226155391595572,1276
1906,densidade_buffer_real_10km_1906,densidade_buffer_sintetica_10km_1906,0.389459772658671,0.04941457962109045,7.881474974492086,6.970756476538857e-15,62.11764777354503,0.3175829135532373,1275
1907,densidade_buffer_real_10km_1907,densidade_buffer_sintetica_10km_1907,0.412052800119378,0.046863074601774274,8.792696672611774,4.725795782819055e-18,77.31151477655816,0.34923985816845116,1273
1908,densidade_buffer_real_10km_1908,densidade_buffer_sintetica_10km_1908,0.41248544109459573,0.04678025619482781,8.817511374386221,3.836944437149872e-18,77.74850683743038,0.3502425362785655,1273
1910,densidade_buffer_real_10km_1910,densidade_buffer_sintetica_10km_1910,0.39627277810862793,0.04738302494983419,8.363180242886004,1.6075152312765922e-16,69.94278377499882,0.3325857692912968,1272
1911,densidade_buffer_real_10km_1911,densidade_buffer_sintetica_10km_1911,0.39494766779336204,0.047624596864647394,8.292934613511425,2.826252182549084e-16,68.77276450397589,0.33186113226900615,1269
1912,densidade_buffer_real_10km_1912,densidade_buffer_sintetica_10km_1912,0.4158983781197252,0.0451361722197708,9.214303244295737,1.2861963869496356e-19,84.90338427783894,0.3622967098664136,1269
1913,densidade_buffer_real_10km_1913,densidade_buffer_sintetica_10km_1913,0.42176652250727625,0.04182507509684169,10.084058941453636,4.8447658551641e-23,101.68824473471102,0.38137183636083016,1264
1914,densidade_buffer_real_10km_1914,densidade_buffer_sintetica_10km_1914,0.41253720908894287,0.042074744392496415,9.804865485113073,6.5069576395033575e-22,96.13538718116162,0.3680831394388079,1264
1915,densidade_buffer_real_10km_1915,densidade_buffer_sintetica_10km_1915,0.41304507101862886,0.0428820824010053,9.632113178555565,3.156718418080827e-21,92.7776042845038,0.36842523080665857,1262
1916,densidade_buffer_real_10km_1916,densidade_buffer_sintetica_10km_1916,0.3878177402573605,0.04174576318784376,9.289990423993299,6.69608553733586e-20,86.3039220778872,0.36371334616358086,1260
1917,densidade_buffer_real_10km_1917,densidade_buffer_sintetica_10km_1917,0.38638103962257325,0.041742581817036176,9.256280344999686,9.029880314090078e-20,85.6787258252275,0.3608989560073276,1257
1918,densidade_buffer_real_10km_1918,densidade_buffer_sintetica_10km_1918,0.38489100991275077,0.04178356838326581,9.211539961888427,1.3349423878079095e-19,84.85246846946744,0.3544218347266156,1257
1919,densidade_buffer_real_10km_1919,densidade_buffer_sintetica_10km_1919,0.36943297630587835,0.04043061477823448,9.137456314534198,2.5467458002873023e-19,83.49310790002089,0.3497408608267182,1255
1920,densidade_buffer_real_10km_1920,densidade_buffer_sintetica_10km_1920,0.3711098839499087,0.04048951967576064,9.165578819451309,1.9978274379842499e-19,84.00783509557445,0.34698440159214405,1254
1921,densidade_buffer_real_10km_1921,densidade_buffer_sintetica_10km_1921,0.3707597374888576,0.0404892095424546,9.157001128908204,2.149892451380044e-19,83.85066967482612,0.3421839634575865,1255
1922,densidade_buffer_real_10km_1922,densidade_buffer_sintetica_10km_1922,0.3694662236103776,0.04049634941287158,9.12344517387398,2.8750326619141164e-19,83.23725184068442,0.34157224639383066,1255
1923,densidade_buffer_real_10km_1923,densidade_buffer_sintetica_10km_1923,0.360216882509866,0.04056969294214423,8.878964970811225,2.333590835057892e-18,78.83601895289277,0.33466336634005533,1251
1924,densidade_buffer_real_10km_1924,densidade_buffer_sintetica_10km_1924,0.35897463127106227,0.04060774474565356,8.840053381922546,3.2398326589941233e-18,78.14654379524025,0.33300355193344944,1251
1925,densidade_buffer_real_10km_1925,densidade_buffer_sintetica_10km_1925,0.34449518992836325,0.03904170796036229,8.823773546949264,3.715196355847817e-18,77.85897960784159,0.3288997289635427,1251
1926,densidade_buffer_real_10km_1926,densidade_buffer_sintetica_10km_1926,0.30044248199553897,0.03736768004985631,8.04016951533212,2.0951459593772796e-15,64.64432583527595,0.30902974939422767,1246
1927,densidade_buffer_real_10km_1927,densidade_buffer_sintetica_10km_1927,0.2968309954614672,0.036773667498684125,8.071835518502166,1.6395061540099448e-15,65.15452863775313,0.30818716753644937,1245
1929,densidade_buffer_real_10km_1929,densidade_buffer_sintetica_10km_1929,0.29879347503212794,0.03678499546884909,8.122699791689723,1.1025845247061618e-15,65.97825190591627,0.30865745911253684,1245
1931,densidade_buffer_real_10km_1931,densidade_buffer_sintetica_10km_1931,0.29569860407971077,0.03683427166243769,8.027811891859773,2.3071764952006247e-15,64.4457637710852,0.31117552896531864,1245
1932,densidade_buffer_real_10km_1932,densidade_buffer_sintetica_10km_1932,0.2970334454107732,0.03680941330623754,8.069496868629509,1.6707344479126163e-15,65.11677971282145,0.31189576195471713,1244
1933,densidade_buffer_real_10km_1933,densidade_buffer_sintetica_10km_1933,0.27297810817120205,0.03489557953958809,7.822713127934034,1.1117627263825791e-14,61.19484068195148,0.3029692728250124,1241
1934,densidade_buffer_real_10km_1934,densidade_buffer_sintetica_10km_1934,0.27490971925541113,0.034863154852897954,7.885394205296932,6.9112943384240606e-15,62.17944177293044,0.3121156358306453,1240
1936,densidade_buffer_real_10km_1936,densidade_buffer_sintetica_10km_1936,0.2786024574226985,0.03478094302872334,8.010204242956227,2.6525419493747527e-15,64.16337201387395,0.31133964982195206,1240
1937,densidade_buffer_real_10km_1937,densidade_buffer_sintetica_10km_1937,0.27787768527403073,0.03478761877140683,7.987832886751887,3.1543787045137967e-15,63.80547422667499,0.3105781496741975,1239
1940,densidade_buffer_real_10km_1940,densidade_buffer_sintetica_10km_1940,0.2777790766643728,0.034858086356330024,7.968856173710458,3.652936348108365e-15,63.502668717283285,0.30888279315938205,1238
1941,densidade_buffer_real_10km_1941,densidade_buffer_sintetica_10km_1941,0.27798327043784354,0.034824496554693135,7.982406005532937,3.2933862221421565e-15,63.718805637168295,0.30950373010946364,1237
1944,densidade_buffer_real_10km_1944,densidade_buffer_sintetica_10km_1944,0.2734146848729144,0.0348039793020493,7.855845519848802,8.669504721194127e-15,61.71430883172849,0.30426985987629385,1237
1947,densidade_buffer_real_10km_1947,densidade_buffer_sintetica_10km_1947,0.273291446065886,0.034695757606482976,7.8767971913321455,7.397482277049134e-15,62.043933993377976,0.3027668859219318,1236
1948,densidade_buffer_real_10km_1948,densidade_buffer_sintetica_10km_1948,0.24710560903111006,0.03385748071105244,7.298405074493474,5.243213321840955e-13,53.26671663139209,0.27747489934449254,1235
1949,densidade_buffer_real_10km_1949,densidade_buffer_sintetica_10km_1949,0.23214534029436462,0.03242304622786919,7.159886787405693,1.3964130869179442e-12,51.26397880846661,0.2682611448093212,1231
1950,densidade_buffer_real_10km_1950,densidade_buffer_sintetica_10km_1950,0.2256407541904757,0.03226238342967569,6.993926988758248,4.4063319100850205e-12,48.91501472408101,0.2599225933958105,1232
1951,densidade_buffer_real_10km_1951,densidade_buffer_sintetica_10km_1951,0.21759167911110025,0.03218454400865353,6.760750720985697,2.1265943456049437e-11,45.707750311308615,0.24774684309090955,1234
1953,densidade_buffer_real_10km_1953,densidade_buffer_sintetica_10km_1953,0.21889029574091126,0.03242977987592899,6.749669488302097,2.2883593724396848e-11,45.55803820131629,0.24780393770769027,1235
1955,densidade_buffer_real_10km_1955,densidade_buffer_sintetica_10km_1955,0.2182755672434935,0.03244666676246154,6.7272108053953525,2.6559549678244974e-11,45.255365220227986,0.24683087459001296,1235
1956,densidade_buffer_real_10km_1956,densidade_buffer_sintetica_10km_1956,0.21819361061695103,0.03244750089385816,6.724512045802945,2.7038469343019182e-11,45.21906225414891,0.24679821318896933,1235
1957,densidade_buffer_real_10km_1957,densidade_buffer_sintetica_10km_1957,0.2222887411582976,0.0325097293204484,6.83760664283598,1.2716372851491966e-11,46.75286460215472,0.24960169467686477,1235
1958,densidade_buffer_real_10km_1958,densidade_buffer_sintetica_10km_1958,0.2215629206196042,0.03272416453199049,6.7706211537657035,1.98995478918352e-11,45.841310807819625,0.23324556343275582,1236
1961,densidade_buffer_real_10km_1961,densidade_buffer_sintetica_10km_1961,0.22189072461609,0.032722822764842424,6.780916371752946,1.8579719238374322e-11,45.98082684070714,0.23336115996201934,1236
1962,densidade_buffer_real_10km_1962,densidade_buffer_sintetica_10km_1962,0.2201110396150328,0.03295151602375592,6.679845608813474,3.6298728199579847e-11,44.620337357584646,0.2306627102959019,1236
1966,densidade_buffer_real_10km_1966,densidade_buffer_sintetica_10km_1966,0.21814972201610905,0.03282106610842016,6.646637293727132,4.5159642037706746e-11,44.17778731436433,0.2290288175210673,1235
1969,densidade_buffer_real_10km_1969,densidade_buffer_sintetica_10km_1969,0.21649094590072004,0.03289096926216346,6.582078630007512,6.87922403590034e-11,43.323759091601566,0.22589141289446013,1236
1972,densidade_buffer_real_10km_1972,densidade_buffer_sintetica_10km_1972,0.2187063463022637,0.03282892097063059,6.6620022783545885,4.0830067063856614e-11,44.38227435680173,0.2247483700812295,1235
1985,densidade_buffer_real_10km_1985,densidade_buffer_sintetica_10km_1985,0.216475601401168,0.032709004373177523,6.618226557170454,5.439867832693938e-11,43.80092276203628,0.2193894302399383,1234
1996,densidade_buffer_real_10km_1996,densidade_buffer_sintetica_10km_1996,0.21660200080885833,0.03265905421992784,6.632219027233573,4.966220477797834e-11,43.986329225199036,0.21871632406470565,1233
2003,densidade_buffer_real_10km_2003,densidade_buffer_sintetica_10km_2003,0.21660588271774867,0.032659071570774814,6.632334365303264,4.9624759873952086e-11,43.98785913318265,0.21867049199619526,1233
1858,densidade_buffer_real_20km_1858,densidade_buffer_sintetica_20km_1858,0.8780767178592462,0.072525551199688093,12.107136082862649,4.7503915287047583e-32,146.58274412895472,0.9624388171981174,1321
1860,densidade_buffer_real_20km_1860,densidade_buffer_sintetica_20km_1860,0.7609297480614441,0.08193647673729898,9.286825335449834,6.466285590789912e-20,86.24512481115292,0.8467482340065856,1318
1862,densidade_buffer_real_20km_1862,densidade_buffer_sintetica_20km_1862,0.7604419564343949,0.08698172975319342,8.742548102827035,6.924591311268779e-18,76.43214733024459,0.5636324347974409,1317
1863,densidade_buffer_real_20km_1863,densidade_buffer_sintetica_20km_1863,0.7646509187699851,0.09094335427724899,8.407991159407626,1.0850211242798578e-16,70.6943153366768,0.4810714140503084,1316
1873,densidade_buffer_real_20km_1873,densidade_buffer_sintetica_20km_1873,0.7620891614180021,0.09096923176050856,8.377438686349764,1.3903721428574058e-16,70.18147894354966,0.46979700491216303,1314
1875,densidade_buffer_real_20km_1875,densidade_buffer_sintetica_20km_1875,0.7348483300987345,0.09189312017371593,7.996771996745435,2.8128591278421237e-15,63.94836236793198,0.4148658676228324,1312
1876,densidade_buffer_real_20km_1876,densidade_buffer_sintetica_20km_1876,0.7545846747578807,0.0724533903531233,10.414760042010267,1.913201540241769e-24,108.46722673265369,0.48337330719295235,1310
1880,densidade_buffer_real_20km_1880,densidade_buffer_sintetica_20km_1880,0.71210093212147485,0.07502079246116101,9.49204758787554,1.0525423300160361e-20,90.09896741049386,0.38501450454475394,1310
1881,densidade_buffer_real_20km_1881,densidade_buffer_sintetica_20km_1881,0.7625386910747444,0.07620141485262305,10.006883632666511,9.446445065895642e-23,100.13772003772891,0.364548361727387,1303
1882,densidade_buffer_real_20km_1882,densidade_buffer_sintetica_20km_1882,0.6358815052908806,0.06668069594317359,9.536215786241785,7.185486901723642e-21,90.93941152176703,0.3639814513168733,1297
1883,densidade_buffer_real_20km_1883,densidade_buffer_sintetica_20km_1883,0.6261512708278799,0.047131247060946374,13.285268476308106,8.141006590100869e-38,176.4983584875859,0.4650157673072358,1293
1884,densidade_buffer_real_20km_1884,densidade_buffer_sintetica_20km_1884,0.6188234903211024,0.042216762568346666,14.658241245269826,4.5655377881019526e-45,214.86403640452951,0.4813537521570911,1290
1885,densidade_buffer_real_20km_1885,densidade_buffer_sintetica_20km_1885,0.6079933714729091,0.04286963572965142,14.18237783281143,1.7268787573844127e-42,201.139840992621,0.4632680251674488,1288
1886,densidade_buffer_real_20km_1886,densidade_buffer_sintetica_20km_1886,0.6102022048745224,0.04297343883729622,14.199520014789552,1.4057546693568644e-42,201.6263686504091,0.46521860998184317,1287
1887,densidade_buffer_real_20km_1887,densidade_buffer_sintetica_20km_1887,0.4959580778867269,0.04056982753176743,12.224801239255365,1.440351742695127e-32,149.4457653392995,0.4493780067892197,1287
1888,densidade_buffer_real_20km_1888,densidade_buffer_sintetica_20km_1888,0.4931055525749882,0.04055396355478485,12.159244358664125,2.968362143399077e-32,147.84722337370536,0.4513374773326648,1286
1891,densidade_buffer_real_20km_1891,densidade_buffer_sintetica_20km_1891,0.490269979523079,0.04064018664176208,12.063674407914132,8.434788839752805e-32,145.53224022016238,0.4448503818869245,1286
1892,densidade_buffer_real_20km_1892,densidade_buffer_sintetica_20km_1892,0.4931964496681471,0.04067950443766705,12.123954224267136,4.368396681352327e-32,146.99026603212494,0.44678395331018117,1286
1894,densidade_buffer_real_20km_1894,densidade_buffer_sintetica_20km_1894,0.519381148271874,0.038424033580097376,13.517090734089395,5.479693454770335e-39,182.71174191360538,0.47497337921990035,1284
1895,densidade_buffer_real_20km_1895,densidade_buffer_sintetica_20km_1895,0.5399516399945598,0.037523508474022936,14.389689609338147,1.3747816436361214e-43,207.06316705309422,0.4963649852038583,1282
1896,densidade_buffer_real_20km_1896,densidade_buffer_sintetica_20km_1896,0.5414594433571469,0.037124951149841615,14.584785342120428,1.2112329610229244e-44,212.7159634757309,0.4966135299987938,1281
1900,densidade_buffer_real_20km_1900,densidade_buffer_sintetica_20km_1900,0.54112037773999,0.037149184982111644,14.566143994829345,1.5300179032131082e-44,212.17255087810298,0.49659685765008676,1281
1901,densidade_buffer_real_20km_1901,densidade_buffer_sintetica_20km_1901,0.5824407314116932,0.03519182719935057,16.550454402732505,7.9140491083751585e-56,273.91754093692776,0.5469128646260529,1280
1902,densidade_buffer_real_20km_1902,densidade_buffer_sintetica_20km_1902,0.593710135788689,0.034856272717612206,17.03309302743373,1.0381596918520985e-58,290.1262580812115,0.556725286511569,1279
1904,densidade_buffer_real_20km_1904,densidade_buffer_sintetica_20km_1904,0.6042142441067343,0.033732134161386824,17.912126200374786,4.265234033882639e-64,320.84426501815284,0.5728233931801339,1279
1905,densidade_buffer_real_20km_1905,densidade_buffer_sintetica_20km_1905,0.6039868344972134,0.03371405686992101,17.914985337646446,4.2449059228892915e-64,320.94669964808713,0.5721561978449383,1276
1906,densidade_buffer_real_20km_1906,densidade_buffer_sintetica_20km_1906,0.6038641205996076,0.03353005552395629,18.009636762103288,1.1062454143007447e-64,324.3470163029022,0.5709737447527168,1275
1907,densidade_buffer_real_20km_1907,densidade_buffer_sintetica_20km_1907,0.613724384190866,0.03276599485460031,18.730528003629342,3.2339893473831863e-69,350.832679294743,0.5865388318831505,1273
1908,densidade_buffer_real_20km_1908,densidade_buffer_sintetica_20km_1908,0.6094979796304522,0.03265084502848363,18.6671425838671,8.192034089458563e-69,348.4622122464245,0.5867101462089324,1273
1910,densidade_buffer_real_20km_1910,densidade_buffer_sintetica_20km_1910,0.5936151251422447,0.03322126454557384,17.86852888540432,8.656224213670219e-64,319.28432452852854,0.5699120721379377,1272
1911,densidade_buffer_real_20km_1911,densidade_buffer_sintetica_20km_1911,0.5820728497548177,0.033792956489711715,17.22467964387875,7.985111690216142e-60,296.689588834251,0.5646820419393759,1269
1912,densidade_buffer_real_20km_1912,densidade_buffer_sintetica_20km_1912,0.5960119158703664,0.03249640340493172,18.340857861824624,1.004468366991172e-66,336.3870671076541,0.5983403266838985,1269
1913,densidade_buffer_real_20km_1913,densidade_buffer_sintetica_20km_1913,0.5973239418147351,0.030858394753759063,19.356935011727114,3.4866253763733226e-73,374.69093304822695,0.5961489099628758,1264
1914,densidade_buffer_real_20km_1914,densidade_buffer_sintetica_20km_1914,0.5933370924616741,0.030922780151998817,19.187702061236607,4.328141045374034e-72,368.1679103907835,0.5920831264930486,1264
1915,densidade_buffer_real_20km_1915,densidade_buffer_sintetica_20km_1915,0.5951083202269596,0.030979134421904884,19.20997249704199,3.20764410211244e-72,369.0230433371096,0.5945648722201972,1262
1916,densidade_buffer_real_20km_1916,densidade_buffer_sintetica_20km_1916,0.5593209128518175,0.03136536831809128,17.832435671708847,1.6746882838968896e-63,317.99576198563415,0.5707920985352367,1260
1917,densidade_buffer_real_20km_1917,densidade_buffer_sintetica_20km_1917,0.5551641515705722,0.03144721384618933,17.653842222268768,2.190006261088325e-62,311.6581452087595,0.5665326627338401,1257
1918,densidade_buffer_real_20km_1918,densidade_buffer_sintetica_20km_1918,0.5544698624830745,0.03152683565901748,17.587234839551108,5.613824598933618e-62,309.3108293015203,0.5598178154152731,1257
1919,densidade_buffer_real_20km_1919,densidade_buffer_sintetica_20km_1919,0.5248420156025018,0.030360443902258918,17.2870336577474,3.889204935217618e-60,298.8415326840915,0.5491997320743547,1255
1920,densidade_buffer_real_20km_1920,densidade_buffer_sintetica_20km_1920,0.5264608830765372,0.030487378581674537,17.268158417299418,5.117780000008608e-60,298.1892951249487,0.5441865625378228,1254
1921,densidade_buffer_real_20km_1921,densidade_buffer_sintetica_20km_1921,0.5267075746083463,0.0305807237474916,17.223515668151894,9.434728273911317e-60,296.64949197107376,0.535182220427098,1255
1922,densidade_buffer_real_20km_1922,densidade_buffer_sintetica_20km_1922,0.5217903290745138,0.03067278267421936,17.01150934418094,1.790902177592395e-58,289.3914501671554,0.5320940084690863,1255
1923,densidade_buffer_real_20km_1923,densidade_buffer_sintetica_20km_1923,0.5065702999675674,0.03083750006907711,16.427087112536093,5.5218781761908514e-55,269.8491910028494,0.5165201872685773,1251
1924,densidade_buffer_real_20km_1924,densidade_buffer_sintetica_20km_1924,0.5052201347826374,0.030886514063022293,16.357305125200032,1.417170270363422e-54,267.56143095889524,0.5147672369416167,1251
1925,densidade_buffer_real_20km_1925,densidade_buffer_sintetica_20km_1925,0.47823438324138123,0.03003166320909634,15.924338918948985,4.636075032440059e-52,253.58457000555333,0.5072627247446351,1251
1926,densidade_buffer_real_20km_1926,densidade_buffer_sintetica_20km_1926,0.4127116308388029,0.029658505007868034,13.915456316133117,5.561071671680483e-41,193.63992448620905,0.47528526763500034,1246
1927,densidade_buffer_real_20km_1927,densidade_buffer_sintetica_20km_1927,0.4104869072888778,0.02947778337131119,13.925297642575732,4.963269008194066e-41,193.91391443432522,0.4749205295343145,1245
1929,densidade_buffer_real_20km_1929,densidade_buffer_sintetica_20km_1929,0.4150481411666458,0.02946197612704402,14.08758663631055,6.925776460925655e-42,198.46009723555562,0.4761186944194653,1245
1931,densidade_buffer_real_20km_1931,densidade_buffer_sintetica_20km_1931,0.40820892499783473,0.029670201379531785,13.75821214612452,3.70604663068266e-40,189.2884014577683,0.4797556563181009,1245
1932,densidade_buffer_real_20km_1932,densidade_buffer_sintetica_20km_1932,0.4133444803269455,0.029679780881075722,13.926803637236425,4.899149504441465e-41,193.95585955014172,0.48009778907187395,1244
1933,densidade_buffer_real_20km_1933,densidade_buffer_sintetica_20km_1933,0.3977846666274535,0.029217771271457815,13.614476714589124,2.1002503920171106e-39,185.35397621208946,0.46937580723653194,1241
1934,densidade_buffer_real_20km_1934,densidade_buffer_sintetica_20km_1934,0.40152834278084365,0.029286795271797568,13.710217832113067,6.745374225782695e-40,187.9700730039911,0.4786838588474125,1240
1936,densidade_buffer_real_20km_1936,densidade_buffer_sintetica_20km_1936,0.40859273238155785,0.029383188407968337,13.90566356205077,6.456847654136131e-41,193.3674791009465,0.4733306350927283,1240
1937,densidade_buffer_real_20km_1937,densidade_buffer_sintetica_20km_1937,0.40713492653193173,0.02941903312352034,13.83916748121915,1.4457553265629017e-40,191.52255657323357,0.4718461247589846,1239
1940,densidade_buffer_real_20km_1940,densidade_buffer_sintetica_20km_1940,0.41360650961359247,0.029349881397351413,14.092271924850676,6.795677874813196e-42,198.5921280039346,0.4749220720271805,1238
1941,densidade_buffer_real_20km_1941,densidade_buffer_sintetica_20km_1941,0.4191546206353352,0.029377968740742954,14.267651529427525,7.999350938980828e-43,203.5658801651756,0.47795643994746406,1237
1944,densidade_buffer_real_20km_1944,densidade_buffer_sintetica_20km_1944,0.41414071719777085,0.029527430332245457,14.025626765953557,1.53626694482673e-41,196.71820617783285,0.4642124275366385,1237
1947,densidade_buffer_real_20km_1947,densidade_buffer_sintetica_20km_1947,0.41594740762310234,0.029371681511072383,14.161511572509074,2.952801974586854e-42,200.54841001830843,0.46192798126535084,1236
1948,densidade_buffer_real_20km_1948,densidade_buffer_sintetica_20km_1948,0.36073622696399765,0.02953574870286387,12.213546052043016,1.919629463214722e-32,149.17070716537555,0.42469131553265693,1235
1949,densidade_buffer_real_20km_1949,densidade_buffer_sintetica_20km_1949,0.33021316981649657,0.028157584919197932,11.72732571930756,3.671364580005607e-30,137.53016852673258,0.40586593170957275,1231
1950,densidade_buffer_real_20km_1950,densidade_buffer_sintetica_20km_1950,0.3179513425270782,0.02832078055462911,11.226785996020444,6.773794917802585e-28,126.04072380044076,0.39625175212924246,1232
1951,densidade_buffer_real_20km_1951,densidade_buffer_sintetica_20km_1951,0.315467750961678,0.028485512271811415,11.07467360781352,3.1788996125492858e-27,122.64839551960131,0.3820602263421118,1234
1953,densidade_buffer_real_20km_1953,densidade_buffer_sintetica_20km_1953,0.3165894295118335,0.02848498780911744,11.114255397732695,2.1218786005468025e-27,123.52667304603034,0.3826258506747837,1235
1955,densidade_buffer_real_20km_1955,densidade_buffer_sintetica_20km_1955,0.31630056929968453,0.02846559238140499,11.111680553196791,2.1781689176847048e-27,123.46944471629175,0.38286224600790875,1235
1956,densidade_buffer_real_20km_1956,densidade_buffer_sintetica_20km_1956,0.3170119653444818,0.028433088376393807,11.149403158317362,1.4835098180174343e-27,124.30919078669717,0.3832932827585108,1235
1957,densidade_buffer_real_20km_1957,densidade_buffer_sintetica_20km_1957,0.31896549063547813,0.02849959432116833,11.191930911050324,9.609494103964802e-28,125.25931751772374,0.3865397844631583,1235
1958,densidade_buffer_real_20km_1958,densidade_buffer_sintetica_20km_1958,0.32245265277589946,0.028808325091925425,11.193037142804199,9.47896090336988e-28,125.28408048019439,0.37633244002356037,1236
1961,densidade_buffer_real_20km_1961,densidade_buffer_sintetica_20km_1961,0.3231663243172457,0.028799539461900746,11.221232365356615,7.1022075920816e-28,125.9160557973268,0.3767666920938908,1236
1962,densidade_buffer_real_20km_1962,densidade_buffer_sintetica_20km_1962,0.3185461638197581,0.02917100831749934,10.919957251826158,1.5062658375985964e-26,119.2454663817107,0.3699802350214686,1236
1966,densidade_buffer_real_20km_1966,densidade_buffer_sintetica_20km_1966,0.31480592413974745,0.029017587001044894,10.848797459568626,3.0753250039209977e-26,117.69640631874267,0.36671392920784573,1235
1969,densidade_buffer_real_20km_1969,densidade_buffer_sintetica_20km_1969,0.3123171838090487,0.02932071993750839,10.651756998965038,2.1590703784340426e-25,113.45992716500066,0.36102761390654126,1236
1972,densidade_buffer_real_20km_1972,densidade_buffer_sintetica_20km_1972,0.316109804952518,0.029270176705256435,10.799723149459155,5.0127313423934926e-26,116.63402010496397,0.35951085056735377,1235
1985,densidade_buffer_real_20km_1985,densidade_buffer_sintetica_20km_1985,0.31591064824796944,0.02923411857913201,10.806231335241069,4.70848833371474e-26,116.77463567074598,0.3529458924108513,1234
1996,densidade_buffer_real_20km_1996,densidade_buffer_sintetica_20km_1996,0.3161292487327241,0.02916760305567938,10.838369136101118,3.426655696471163e-26,117.47024553038929,0.3518006074933714,1233
2003,densidade_buffer_real_20km_2003,densidade_buffer_sintetica_20km_2003,0.31612489914666575,0.029168685455017176,10.837817824673017,3.4455320875012126e-26,117.45829520080017,0.35170219350476073,1233
1858,densidade_buffer_real_50km_1858,densidade_buffer_sintetica_50km_1858,0.9385335891630412,0.028091783453480446,33.40954093275132,2.955680733561453e-177,1116.197425337186,0.9651720133660072,1321
1860,densidade_buffer_real_50km_1860,densidade_buffer_sintetica_50km_1860,0.8109843582118531,0.042275296497626666,19.18341029866891,2.0575420790128487e-72,368.00323068707644,0.8777595819682825,1318
1862,densidade_buffer_real_50km_1862,densidade_buffer_sintetica_50km_1862,0.732890299300154,0.04429802232681297,16.544537674688602,6.175276896441915e-56,273.72172686919055,0.6491808094552753,1317
1863,densidade_buffer_real_50km_1863,densidade_buffer_sintetica_50km_1863,0.7757349895903018,0.04410534833771575,17.588229519251946,2.86184244836249e-62,309.34581762188554,0.6114797780176328,1316
1873,densidade_buffer_real_50km_1873,densidade_buffer_sintetica_50km_1873,0.7650354070871845,0.04406064043475978,17.36323847175953,7.115495889596206e-61,301.4820502271902,0.5642182457276985,1314
1875,densidade_buffer_real_50km_1875,densidade_buffer_sintetica_50km_1875,0.8232619982075481,0.03676238931161061,22.394137422061913,3.9485664430192145e-94,501.4973908781938,0.5662682380766474,1312
1876,densidade_buffer_real_50km_1876,densidade_buffer_sintetica_50km_1876,0.894686948167854,0.022786509940017848,39.26388685774989,1.54988264016039e-222,1541.6528111781845,0.684672102078188,1310
1880,densidade_buffer_real_50km_1880,densidade_buffer_sintetica_50km_1880,0.8815139787656405,0.023649658998826952,37.273855779880996,4.9551284869769555e-207,1389.340324699368,0.6355156678512605,1310
1881,densidade_buffer_real_50km_1881,densidade_buffer_sintetica_50km_1881,0.751605496690975,0.03018197067121945,24.902465941618637,5.291786045821422e-112,620.1328099734761,0.5451504038643711,1303
1882,densidade_buffer_real_50km_1882,densidade_buffer_sintetica_50km_1882,0.7685644947001404,0.02768408726715516,27.761958965213115,3.938112556972033e-133,770.7263655861768,0.5460268015692191,1297
1883,densidade_buffer_real_50km_1883,densidade_buffer_sintetica_50km_1883,0.7816288860495479,0.02268686702002038,34.45292315416612,2.299447012441674e-184,1187.003913866876,0.7141130405037948,1293
1884,densidade_buffer_real_50km_1884,densidade_buffer_sintetica_50km_1884,0.746585180040821,0.023361352315268608,31.958131959375688,5.6784551988173e-165,1021.3221983328698,0.744681707845169,1290
1885,densidade_buffer_real_50km_1885,densidade_buffer_sintetica_50km_1885,0.7272529612353289,0.02383607070094206,30.51060597863498,8.482220606252324e-154,930.8970771835167,0.732317515986881,1288
1886,densidade_buffer_real_50km_1886,densidade_buffer_sintetica_50km_1886,0.7276304922978277,0.02384003610541728,30.52136704325229,7.479376391382872e-154,931.5538461889271,0.7317183672305743,1287
1887,densidade_buffer_real_50km_1887,densidade_buffer_sintetica_50km_1887,0.7406530371840228,0.023975113752747357,30.892576561775428,1.0758288412592556e-156,954.3512866251565,0.7518287003445611,1287
1888,densidade_buffer_real_50km_1888,densidade_buffer_sintetica_50km_1888,0.7407357881169065,0.02389517498897121,30.99938746875854,1.7459075824887597e-157,960.9620234382239,0.7506696042020974,1286
1891,densidade_buffer_real_50km_1891,densidade_buffer_sintetica_50km_1891,0.7384414323222315,0.023901262913058986,30.895498493461098,1.0915552435023813e-156,954.531827159457,0.7482734953632189,1286
1892,densidade_buffer_real_50km_1892,densidade_buffer_sintetica_50km_1892,0.7383335551684307,0.023909258748748156,30.880654349315133,1.418258455144292e-156,953.6148130418757,0.7482717934717731,1286
1894,densidade_buffer_real_50km_1894,densidade_buffer_sintetica_50km_1894,0.7539974182535847,0.023108802062037782,32.628148193463545,6.133585334100828e-170,1064.5960545346184,0.7447994540426636,1284
1895,densidade_buffer_real_50km_1895,densidade_buffer_sintetica_50km_1895,0.7506472708273867,0.023305776452482652,32.20863601596178,1.2064466868610174e-166,1037.3962340087103,0.740498397758093,1282
1896,densidade_buffer_real_50km_1896,densidade_buffer_sintetica_50km_1896,0.751737600859954,0.023132524578728185,32.49699782233125,7.889045019036357e-169,1056.0548674646022,0.7396461760541901,1281
1900,densidade_buffer_real_50km_1900,densidade_buffer_sintetica_50km_1900,0.7478520793855439,0.023183450893722236,32.258013822612234,5.42503595589338e-167,1040.579455779842,0.7369875285229703,1281
1901,densidade_buffer_real_50km_1901,densidade_buffer_sintetica_50km_1901,0.8193632497938459,0.02105353020733232,38.91809315230593,2.788146786827965e-218,1514.6179746115615,0.7939193799585713,1280
1902,densidade_buffer_real_50km_1902,densidade_buffer_sintetica_50km_1902,0.8222702558532756,0.02078145361644214,39.56750432523648,3.2699556010681062e-223,1565.5873985276073,0.7975572358479023,1279
1904,densidade_buffer_real_50km_1904,densidade_buffer_sintetica_50km_1904,0.8225251844479355,0.020777732636406525,39.58685958864999,2.3234684813412125e-223,1567.1194520914898,0.7976119914857686,1279
1905,densidade_buffer_real_50km_1905,densidade_buffer_sintetica_50km_1905,0.8230911765704546,0.020780169472706625,39.60945446819047,2.285662828514029e-223,1568.9088832676541,0.7969230620993006,1276
1906,densidade_buffer_real_50km_1906,densidade_buffer_sintetica_50km_1906,0.8103086787572108,0.021346475626288563,37.95983435126412,1.1630133096151283e-210,1440.9490239754116,0.78923981131227,1275
1907,densidade_buffer_real_50km_1907,densidade_buffer_sintetica_50km_1907,0.8127697246482527,0.021069991220210808,38.57475383609205,2.8070744552298783e-215,1488.0116335150983,0.7862721873564895,1273
1908,densidade_buffer_real_50km_1908,densidade_buffer_sintetica_50km_1908,0.8099783935620664,0.0212166880808925,38.17647648275149,3.184426954867947e-212,1457.4433566380776,0.7841314388750664,1273
1910,densidade_buffer_real_50km_1910,densidade_buffer_sintetica_50km_1910,0.7761773670938921,0.022525237323653826,34.45812161449796,1.3651764786480336e-183,1187.3621451995316,0.754975935277733,1272
1911,densidade_buffer_real_50km_1911,densidade_buffer_sintetica_50km_1911,0.7054706076508904,0.025230538105459284,27.960981438530773,5.0256681434423065e-134,781.8164830058624,0.7424680813415593,1269
1912,densidade_buffer_real_50km_1912,densidade_buffer_sintetica_50km_1912,0.7097155773147333,0.02434514538459824,29.152242309619936,5.6231802414691385e-143,849.8532316787947,0.7643832760713098,1269
1913,densidade_buffer_real_50km_1913,densidade_buffer_sintetica_50km_1913,0.7282369240237887,0.024204388931119515,30.08697827886481,6.504059739557145e-150,905.2262619528829,0.7562404895938415,1264
1914,densidade_buffer_real_50km_1914,densidade_buffer_sintetica_50km_1914,0.7310792265556304,0.024527569580237583,29.80642758606941,8.639723558040329e-148,888.4231254435996,0.7636868849871561,1264
1915,densidade_buffer_real_50km_1915,densidade_buffer_sintetica_50km_1915,0.685862733145038,0.02582757305004763,26.555446453137538,1.9159030817544984e-123,705.191736325455,0.7468702441567223,1262
1916,densidade_buffer_real_50km_1916,densidade_buffer_sintetica_50km_1916,0.6827144162506752,0.026420862967754154,25.83997415542055,3.7107261067856755e-118,667.7042643528019,0.7511158797864308,1260
1917,densidade_buffer_real_50km_1917,densidade_buffer_sintetica_50km_1917,0.6572989413471253,0.02686803106605647,24.463978760896964,3.836549189475437e-108,598.4862568136177,0.7354812657852814,1257
1918,densidade_buffer_real_50km_1918,densidade_buffer_sintetica_50km_1918,0.6584428205439086,0.026534788124269192,24.814323651662587,1.1599171419652313e-110,615.7506582894613,0.7328009527598679,1257
1919,densidade_buffer_real_50km_1919,densidade_buffer_sintetica_50km_1919,0.6221120796787286,0.02600904482085485,23.91906676941477,3.20384772989467e-104,572.1217551197219,0.7149727667484913,1255
1920,densidade_buffer_real_50km_1920,densidade_buffer_sintetica_50km_1920,0.6242129859451637,0.02628471828389829,23.748133010333586,5.415537623678043e-103,563.9738214764957,0.7054834035765715,1254
1921,densidade_buffer_real_50km_1921,densidade_buffer_sintetica_50km_1921,0.626187241987768,0.026545527396480355,23.589180679484016,7.019383383191513e-102,556.449445129342,0.6924799041928248,1255
1922,densidade_buffer_real_50km_1922,densidade_buffer_sintetica_50km_1922,0.6229209953586224,0.026625535350555632,23.39562330511499,1.6366746006328935e-100,547.3551898348397,0.6908576058563073,1255
1923,densidade_buffer_real_50km_1923,densidade_buffer_sintetica_50km_1923,0.5871514216525777,0.02733996614471222,21.475938139233495,3.6932467998101576e-87,461.21591896018384,0.6626883597562024,1251
1924,densidade_buffer_real_50km_1924,densidade_buffer_sintetica_50km_1924,0.5815370632397191,0.02738077159362483,21.238885151619343,1.498127788256185e-85,451.0902424836766,0.6619412115033081,1251
1925,densidade_buffer_real_50km_1925,densidade_buffer_sintetica_50km_1925,0.577025299596008,0.028940767197520773,19.93814799924997,7.040974447213264e-77,397.5297456399956,0.6653408703981445,1251
1926,densidade_buffer_real_50km_1926,densidade_buffer_sintetica_50km_1926,0.4651399049040293,0.030738206313821518,15.13230473356794,1.4665905259760004e-47,228.9866465495627,0.6101410903840336,1246
1927,densidade_buffer_real_50km_1927,densidade_buffer_sintetica_50km_1927,0.4751561859426058,0.030951637317713544,15.351568676810357,8.789294483361215e-49,235.67066083882492,0.6185272006415077,1245
1929,densidade_buffer_real_50km_1929,densidade_buffer_sintetica_50km_1929,0.5049164066093244,0.030310255223644667,16.658269713791295,2.532772887191417e-56,277.4979498574163,0.629853114849049,1245
1931,densidade_buffer_real_50km_1931,densidade_buffer_sintetica_50km_1931,0.4900353546267388,0.030864840858341378,15.876814556596177,9.14167141552154e-52,252.07324046454426,0.6348007780035767,1245
1932,densidade_buffer_real_50km_1932,densidade_buffer_sintetica_50km_1932,0.5263968933469709,0.03043942846293651,17.29325811711345,4.028296416361819e-60,299.0567763051102,0.6379459159791461,1244
1933,densidade_buffer_real_50km_1933,densidade_buffer_sintetica_50km_1933,0.5764818349776789,0.029663605824165006,19.433977055751487,1.6106168480014188e-73,377.6794642034753,0.6578874017175466,1241
1934,densidade_buffer_real_50km_1934,densidade_buffer_sintetica_50km_1934,0.5759428839836278,0.029777273182002826,19.34169325926471,6.455794788830917e-73,374.10109813548587,0.6578836367215413,1240
1936,densidade_buffer_real_50km_1936,densidade_buffer_sintetica_50km_1936,0.5820182519204917,0.029943128064344748,19.437456590032728,1.5551151718000596e-73,377.81471868940673,0.6587284351084202,1240
1937,densidade_buffer_real_50km_1937,densidade_buffer_sintetica_50km_1937,0.5796789371495303,0.030008243406932113,19.317323219779684,9.421848982291645e-73,373.15897637743933,0.6563415320415902,1239
1940,densidade_buffer_real_50km_1940,densidade_buffer_sintetica_50km_1940,0.5741418995352293,0.029968858575534992,19.157950179788585,1.0125933661277849e-71,367.0270550912615,0.6617633427167865,1238
1941,densidade_buffer_real_50km_1941,densidade_buffer_sintetica_50km_1941,0.5738286869915137,0.02998300249694898,19.13846643777272,1.3716960471033388e-71,366.28089758975284,0.6615840523393184,1237
1944,densidade_buffer_real_50km_1944,densidade_buffer_sintetica_50km_1944,0.5394434207577867,0.03087746244171889,17.470458324610853,3.664252182206068e-61,305.21691407196465,0.6296239500800275,1237
1947,densidade_buffer_real_50km_1947,densidade_buffer_sintetica_50km_1947,0.5493953316464315,0.03037334600646953,18.088074047864538,5.912173732432286e-65,327.1784227610306,0.6243520642802389,1236
1948,densidade_buffer_real_50km_1948,densidade_buffer_sintetica_50km_1948,0.5652067401802303,0.02984021772506127,18.941106441912524,2.5806881366962073e-70,358.7655132438601,0.6458965332452338,1235
1949,densidade_buffer_real_50km_1949,densidade_buffer_sintetica_50km_1949,0.5018909649644994,0.029060633193978495,17.270475891368175,6.404695080041547e-60,298.2693375143294,0.6154538398228975,1231
1950,densidade_buffer_real_50km_1950,densidade_buffer_sintetica_50km_1950,0.525076180897442,0.02972924899891847,17.661938951654783,2.6375621619581605e-62,311.9440875319805,0.6252847135615135,1232
1951,densidade_buffer_real_50km_1951,densidade_buffer_sintetica_50km_1951,0.538401861130143,0.029732991663981887,18.10789399246209,4.572487544319244e-65,327.89582484224456,0.6117071451910776,1234
1953,densidade_buffer_real_50km_1953,densidade_buffer_sintetica_50km_1953,0.5387703215377773,0.029717799211558683,18.129549826429393,3.3097841255976367e-65,328.68057690898604,0.6118046105861534,1235
1955,densidade_buffer_real_50km_1955,densidade_buffer_sintetica_50km_1955,0.5128749257980721,0.030506866544315944,16.81178645643734,3.438874237251142e-57,282.6361638568499,0.6032342502269405,1235
1956,densidade_buffer_real_50km_1956,densidade_buffer_sintetica_50km_1956,0.5133780984848493,0.030522390089512474,16.81972142349516,3.0848608274554145e-57,282.90302876398204,0.6035411424374171,1235
1957,densidade_buffer_real_50km_1957,densidade_buffer_sintetica_50km_1957,0.5298123715016994,0.030901840605802124,17.14501017140778,3.494603693415806e-59,293.9513737776762,0.6100852599607639,1235
1958,densidade_buffer_real_50km_1958,densidade_buffer_sintetica_50km_1958,0.5291242602235271,0.03103070463807379,17.05163535262769,1.2577454255758643e-58,290.7582681989825,0.6268586380107495,1236
1961,densidade_buffer_real_50km_1961,densidade_buffer_sintetica_50km_1961,0.5277102629152941,0.030953092712999727,17.048708760971905,1.3096184230174027e-58,290.6584704164402,0.6287764944672858,1236
1962,densidade_buffer_real_50km_1962,densidade_buffer_sintetica_50km_1962,0.5058208083518198,0.0323700125237414,15.626216022648476,2.65031512348586e-50,244.17862718647598,0.6139503701188491,1236
1966,densidade_buffer_real_50km_1966,densidade_buffer_sintetica_50km_1966,0.5048616154293212,0.032230404821862,15.664141304451496,1.6269413845795929e-50,245.3653228058234,0.6091425842896068,1235
1969,densidade_buffer_real_50km_1969,densidade_buffer_sintetica_50km_1969,0.494423285560482,0.03219155037853204,15.358790730694471,8.558506010092849e-49,235.8924527092664,0.5982386505820539,1236
1972,densidade_buffer_real_50km_1972,densidade_buffer_sintetica_50km_1972,0.4991981048191566,0.03208042636119399,15.56083136797117,6.269878360514197e-50,242.13947286243553,0.5936688064941845,1235
1985,densidade_buffer_real_50km_1985,densidade_buffer_sintetica_50km_1985,0.5069634430844158,0.03169366578685711,15.99573386347268,2.0774920325349673e-52,255.86350183104662,0.5831927701725744,1234
1996,densidade_buffer_real_50km_1996,densidade_buffer_sintetica_50km_1996,0.5071952065225074,0.03161794494350402,16.04137167765901,1.143380369523419e-52,257.3256053008007,0.5800250702489973,1233
2003,densidade_buffer_real_50km_2003,densidade_buffer_sintetica_50km_2003,0.5070508995066649,0.03163031314699886,16.030536819227628,1.3203784987129279e-52,256.97811071261265,0.5798347335153432,1233
1860,densidade_buffer_real_5km_1860,densidade_buffer_sintetica_5km_1860,0.33576049977028627,0.1359464411758769,2.4697998481321446,0.01364661770892354,6.099911289833565,0.5926321836935876,1318
1862,densidade_buffer_real_5km_1862,densidade_buffer_sintetica_5km_1862,0.31295780805577517,0.13139199662351486,2.381863554083217,0.01736867289377361,5.6732739902699345,0.163352120282791,1317
1863,densidade_buffer_real_5km_1863,densidade_buffer_sintetica_5km_1863,0.29195727295545604,0.13656600953420037,2.1378472868268212,0.03271562313766127,4.570391021792801,0.12728103057562412,1316
1873,densidade_buffer_real_5km_1873,densidade_buffer_sintetica_5km_1873,0.29166876912418355,0.13679394057022362,2.132176088417121,0.03318009650347875,4.546174872017735,0.12535646598925465,1314
1875,densidade_buffer_real_5km_1875,densidade_buffer_sintetica_5km_1875,0.289419576501036,0.13736540228600913,2.1069321072451284,0.03531567105122274,4.439162904540397,0.12645378503619298,1312
1876,densidade_buffer_real_5km_1876,densidade_buffer_sintetica_5km_1876,0.5223778439808258,0.19749534507260957,2.645013449753828,0.008267897513151372,6.996096149378646,0.24470631579509405,1310
1880,densidade_buffer_real_5km_1880,densidade_buffer_sintetica_5km_1880,0.5057325580380516,0.1976844987806466,2.5582813076265496,0.010632414506158313,6.544803248951409,0.15593362379290399,1310
1881,densidade_buffer_real_5km_1881,densidade_buffer_sintetica_5km_1881,0.6168215609423696,0.19755588737396954,3.122263624443336,0.0018347448674431537,9.748530140522037,0.16236625348048284,1303
1882,densidade_buffer_real_5km_1882,densidade_buffer_sintetica_5km_1882,0.42862358955652496,0.14122709921916918,3.0349953509371987,0.0024540067522520956,9.21119678021041,0.13895716807287772,1297
1883,densidade_buffer_real_5km_1883,densidade_buffer_sintetica_5km_1883,0.27162197557086043,0.10186620599526543,2.66645815378149,0.00776255414107233,7.109999085867793,0.1358259610418624,1293
1884,densidade_buffer_real_5km_1884,densidade_buffer_sintetica_5km_1884,0.37385319529257793,0.09799483554596276,3.8150295697698136,1.427076756179184e-4,14.554450618218048,0.19040143731560422,1290
1885,densidade_buffer_real_5km_1885,densidade_buffer_sintetica_5km_1885,0.348939582372842,0.10063394062367292,3.467414474781664,5.430660845118939e-4,12.022963139925404,0.16717216646513822,1288
1886,densidade_buffer_real_5km_1886,densidade_buffer_sintetica_5km_1886,0.3498140189913671,0.10102010006508588,3.462816001627267,5.523569450292157e-4,11.991094661125851,0.16877244315660134,1287
1887,densidade_buffer_real_5km_1887,densidade_buffer_sintetica_5km_1887,0.2405769138569148,0.07255074721976572,3.3159812004165277,9.390640257312786e-4,10.995731321515835,0.15117572639238486,1287
1888,densidade_buffer_real_5km_1888,densidade_buffer_sintetica_5km_1888,0.2361950279478532,0.07257738445118357,3.25438881180295,0.0011663734406121408,10.591046538388216,0.1525034138550646,1286
1891,densidade_buffer_real_5km_1891,densidade_buffer_sintetica_5km_1891,0.2339730403581837,0.07269829945944348,3.218411463513136,0.0013216844576720364,10.358172348472767,0.14920917637083764,1286
1892,densidade_buffer_real_5km_1892,densidade_buffer_sintetica_5km_1892,0.23230143461110733,0.07266894210924138,3.1967086332685906,0.0014243933368056137,10.21894608601394,0.1476411048966184,1286
1894,densidade_buffer_real_5km_1894,densidade_buffer_sintetica_5km_1894,0.298977649614598,0.06601646111886061,4.5288348473617495,6.490502218373455e-6,20.51034507467812,0.18750168202559248,1284
1895,densidade_buffer_real_5km_1895,densidade_buffer_sintetica_5km_1895,0.3086158970452621,0.06577748667093042,4.691816496261041,3.002623431730661e-6,22.013142034587233,0.1938880035293864,1282
1896,densidade_buffer_real_5km_1896,densidade_buffer_sintetica_5km_1896,0.31107561418086865,0.0655714327481928,4.744072245233076,2.3331993880185994e-6,22.506221467990795,0.19393614018863026,1281
1900,densidade_buffer_real_5km_1900,densidade_buffer_sintetica_5km_1900,0.3109970972291399,0.06557762205549793,4.742427179899036,2.3518962642136754e-6,22.490615556645125,0.19391635407914076,1281
1901,densidade_buffer_real_5km_1901,densidade_buffer_sintetica_5km_1901,0.3116471526354127,0.06364067121958862,4.896980919011545,1.0993204033383018e-6,23.98042212116316,0.2139730532134383,1280
1902,densidade_buffer_real_5km_1902,densidade_buffer_sintetica_5km_1902,0.3146802939573736,0.06358057985472364,4.949314628403705,8.456158491930046e-7,24.495715290930907,0.21792482707635863,1279
1904,densidade_buffer_real_5km_1904,densidade_buffer_sintetica_5km_1904,0.28932549520010686,0.060620225872547416,4.772755149550363,2.0296318324571952e-6,22.77919171755951,0.20820028657585266,1279
1905,densidade_buffer_real_5km_1905,densidade_buffer_sintetica_5km_1905,0.28696790786963483,0.058996696248726964,4.864135216314372,1.2950267332429589e-6,23.65981140258966,0.20926454516290893,1276
1906,densidade_buffer_real_5km_1906,densidade_buffer_sintetica_5km_1906,0.2787773597110637,0.05932137719425881,4.699441801530597,2.896182871703207e-6,22.08475324597314,0.20282453611844808,1275
1907,densidade_buffer_real_5km_1907,densidade_buffer_sintetica_5km_1907,0.30034575364412547,0.05642569915655112,5.322853914682151,1.2092161872594826e-7,28.332773797047096,0.2265944573428137,1273
1908,densidade_buffer_real_5km_1908,densidade_buffer_sintetica_5km_1908,0.3009342594722008,0.0563373675047053,5.341645745997393,1.0928159906064573e-7,28.53317927573205,0.227146983514098,1273
1910,densidade_buffer_real_5km_1910,densidade_buffer_sintetica_5km_1910,0.29154621848455703,0.05705339363909991,5.110059189971728,3.720689301965509e-7,26.112704925014512,0.21701224052481205,1272
1911,densidade_buffer_real_5km_1911,densidade_buffer_sintetica_5km_1911,0.29128281910140474,0.05710661695025824,5.100684205389399,3.9071773690967743e-07,26.016979363108884,0.21757161859251428,1269
1912,densidade_buffer_real_5km_1912,densidade_buffer_sintetica_5km_1912,0.3051142241968609,0.05432258940216162,5.616709872536372,2.3964373473620685e-8,31.547429792247552,0.23618130303512563,1269
1913,densidade_buffer_real_5km_1913,densidade_buffer_sintetica_5km_1913,0.28411786712769066,0.0487433924816837,5.828848848271149,7.101792577217195e-9,33.9754788959919,0.23721354036811593,1264
1914,densidade_buffer_real_5km_1914,densidade_buffer_sintetica_5km_1914,0.2763962435080129,0.04902508790525389,5.6378530935462585,2.1282919735358585e-8,31.78538750440912,0.22575527004710016,1264
1915,densidade_buffer_real_5km_1915,densidade_buffer_sintetica_5km_1915,0.27804628691484334,0.05018232075784109,5.540721965741253,3.673792178707673e-8,30.699599901647613,0.2282147022236266,1262
1916,densidade_buffer_real_5km_1916,densidade_buffer_sintetica_5km_1916,0.2813001488403589,0.04886535942833531,5.756637260653052,1.0803684430041976e-8,33.13887255073907,0.24397048119552678,1260
1917,densidade_buffer_real_5km_1917,densidade_buffer_sintetica_5km_1917,0.280422389843631,0.04886918002686732,5.738225803859615,1.2018594303325095e-8,32.927235376080326,0.2423268601481513,1257
1918,densidade_buffer_real_5km_1918,densidade_buffer_sintetica_5km_1918,0.2789561212348908,0.04890666759962019,5.703846426802082,1.4637817785583094e-8,32.53386406054288,0.2379713659288072,1257
1919,densidade_buffer_real_5km_1919,densidade_buffer_sintetica_5km_1919,0.27070415876321224,0.04761061407181017,5.6857943137409315,1.62331657015827e-8,32.32825697816871,0.2358506164900953,1255
1920,densidade_buffer_real_5km_1920,densidade_buffer_sintetica_5km_1920,0.2712275757507452,0.0475135385171557,5.708427202339668,1.4266789608546144e-8,32.58614112441149,0.2341530921711682,1254
1921,densidade_buffer_real_5km_1921,densidade_buffer_sintetica_5km_1921,0.27087992476222666,0.0474905109448912,5.703874718816151,1.4640639278431382e-8,32.53418680795003,0.2315160626648659,1255
1922,densidade_buffer_real_5km_1922,densidade_buffer_sintetica_5km_1922,0.27032929715725185,0.04749659298511189,5.6915513338396355,1.5708634606161666e-8,32.39375658573174,0.23132364507720848,1255
1923,densidade_buffer_real_5km_1923,densidade_buffer_sintetica_5km_1923,0.2670014095153676,0.04796111833194674,5.56703885984074,3.177266912846968e-8,30.991921666976886,0.2279548629672603,1251
1924,densidade_buffer_real_5km_1924,densidade_buffer_sintetica_5km_1924,0.26604969322022154,0.047987886994908364,5.544101019668778,3.6115448791520214e-8,30.737056116292386,0.2269247686486794,1251
1925,densidade_buffer_real_5km_1925,densidade_buffer_sintetica_5km_1925,0.25941277223649434,0.0460472776320556,5.63361800255278,2.184699585061121e-8,31.73765179868677,0.2240739347987576,1251
1926,densidade_buffer_real_5km_1926,densidade_buffer_sintetica_5km_1926,0.22565437245286518,0.043624341044194825,5.172671198041934,2.693024053319095e-7,26.75652732305258,0.21000021448303086,1246
1927,densidade_buffer_real_5km_1927,densidade_buffer_sintetica_5km_1927,0.22415624018895114,0.042597783920834166,5.262157313289682,1.6792382365144725e-7,27.690299589808088,0.2102376635114389,1245
1929,densidade_buffer_real_5km_1929,densidade_buffer_sintetica_5km_1929,0.22544491062812053,0.04259545587352241,5.292698622536833,1.4268052057596656e-7,28.012658709003293,0.210441512816831,1245
1931,densidade_buffer_real_5km_1931,densidade_buffer_sintetica_5km_1931,0.2237286779797202,0.04263987539808521,5.246935547794002,1.8206906435852086e-7,27.53033264270434,0.21244462741395942,1245
1932,densidade_buffer_real_5km_1932,densidade_buffer_sintetica_5km_1932,0.22492375451784938,0.042619776291009444,5.277450378483019,1.548070199327996e-7,27.851482497350563,0.21309443596765054,1244
1933,densidade_buffer_real_5km_1933,densidade_buffer_sintetica_5km_1933,0.197907876274067,0.03942079935668882,5.020392267628802,5.921174886151755e-7,25.204338520867065,0.20454776252798346,1241
1934,densidade_buffer_real_5km_1934,densidade_buffer_sintetica_5km_1934,0.19744212679900988,0.03929632885494917,5.024442042100405,5.800723021397412e-7,25.245017834426083,0.20829007759254414,1240
1936,densidade_buffer_real_5km_1936,densidade_buffer_sintetica_5km_1936,0.19930300932266048,0.03927689557541667,5.074306571403363,4.492139900956393e-7,25.74858718058735,0.20788876189880245,1240
1937,densidade_buffer_real_5km_1937,densidade_buffer_sintetica_5km_1937,0.1988858854163977,0.03928259402371162,5.06295193480214,4.7629045333490136e-7,25.633482294116728,0.2074654523964813,1239
1940,densidade_buffer_real_5km_1940,densidade_buffer_sintetica_5km_1940,0.19910897063731767,0.03930138780552286,5.066207117737907,4.6844098049374e-7,25.66645455981823,0.20713968861387022,1238
1941,densidade_buffer_real_5km_1941,densidade_buffer_sintetica_5km_1941,0.1986673469178663,0.039309976965124775,5.053865767820749,4.991546688753984e-7,25.541559199150413,0.20736197241419618,1237
1944,densidade_buffer_real_5km_1944,densidade_buffer_sintetica_5km_1944,0.19643854484704515,0.039292532242380725,4.999386235412121,6.592433461121235e-7,24.99386273082818,0.205359107076168,1237
1947,densidade_buffer_real_5km_1947,densidade_buffer_sintetica_5km_1947,0.19611984007630795,0.03920221310243841,5.002774704678831,6.48058126355162e-7,25.027754745774367,0.2042973783028873,1236
1948,densidade_buffer_real_5km_1948,densidade_buffer_sintetica_5km_1948,0.18094809573029602,0.03820131334779991,4.736698293141725,2.4278490192386883e-6,22.43631072025173,0.18643366854266286,1235
1949,densidade_buffer_real_5km_1949,densidade_buffer_sintetica_5km_1949,0.172585949556037,0.03685247216076377,4.68315799285201,3.143453976739677e-6,21.931968786013666,0.18111397097899262,1231
1950,densidade_buffer_real_5km_1950,densidade_buffer_sintetica_5km_1950,0.15946237365022203,0.03632819096905556,4.389493927348391,1.2350246414003948e-5,19.2676569382284,0.1724184482684138,1232
1951,densidade_buffer_real_5km_1951,densidade_buffer_sintetica_5km_1951,0.15433475606450345,0.036014546786926956,4.285344946240611,1.9687462440726794e-5,18.36418130826994,0.16432464406152392,1234
1953,densidade_buffer_real_5km_1953,densidade_buffer_sintetica_5km_1953,0.15773586318406363,0.03629447471772353,4.346002095658851,1.5021182372765084e-5,18.887734215471124,0.165505298247128,1235
1955,densidade_buffer_real_5km_1955,densidade_buffer_sintetica_5km_1955,0.1564794750450146,0.03632315682046245,4.307981154238851,1.780327406811982e-5,18.558701625277102,0.16434321424588616,1235
1956,densidade_buffer_real_5km_1956,densidade_buffer_sintetica_5km_1956,0.15648117615060528,0.03632336386857518,4.308003430430723,1.7801508620776404e-5,18.55889355660288,0.1643436173644124,1235
1957,densidade_buffer_real_5km_1957,densidade_buffer_sintetica_5km_1957,0.16035155804121576,0.03626764885010077,4.421338662011729,1.0685357125876023e-5,19.54823556419967,0.16618721855771035,1235
1958,densidade_buffer_real_5km_1958,densidade_buffer_sintetica_5km_1958,0.16182559070952163,0.03622673403490091,4.467021248827413,8.669011487882273e-6,19.95427883747562,0.15311084040372192,1236
1961,densidade_buffer_real_5km_1961,densidade_buffer_sintetica_5km_1961,0.16201006316052544,0.03622589526590213,4.4722169589282315,8.464304947805823e-6,20.00072452772528,0.15316742952693307,1236
1962,densidade_buffer_real_5km_1962,densidade_buffer_sintetica_5km_1962,0.16133714205624464,0.03628048198702256,4.446940426920308,9.50560789366817e-6,19.77527916057817,0.15186847920131386,1236
1966,densidade_buffer_real_5km_1966,densidade_buffer_sintetica_5km_1966,0.16020969832511028,0.03614737391153393,4.432125518086128,1.0172464076541107e-5,19.643736608070228,0.15085327011077643,1235
1969,densidade_buffer_real_5km_1969,densidade_buffer_sintetica_5km_1969,0.15908597709787128,0.036195281526211875,4.39521314353266,1.2031197020607815e-5,19.317898577082243,0.14882707954433927,1236
1972,densidade_buffer_real_5km_1972,densidade_buffer_sintetica_5km_1972,0.16047781206733078,0.036140526251935784,4.440383932116515,9.795792907790106e-6,19.717009464598526,0.14785557221618018,1235
1985,densidade_buffer_real_5km_1985,densidade_buffer_sintetica_5km_1985,0.15860502450603747,0.03603694918763516,4.40117790438424,1.171177294402248e-5,19.37036694604005,0.14354549332022726,1234
1996,densidade_buffer_real_5km_1996,densidade_buffer_sintetica_5km_1996,0.15868766807019996,0.03599504715994775,4.4085973096535955,1.1324609763005849e-5,19.435730238684922,0.14308705960719692,1233
2003,densidade_buffer_real_5km_2003,densidade_buffer_sintetica_5km_2003,0.15868934353622194,0.035994933100783714,4.408657826697469,1.1321496365607612e-5,19.436263832900853,0.1430626410681357,1233
