ano,tratamento,variavel_endogena,variavel_instrumento,coeficiente,erro_padrao,t_estatistica,p_valor,F_estatistica,n_observacoes,significancia,coeficiente_sig
1858,Distancia,dist_rail_real_1858,dist_rail_sintetica_km,-0.05809161232071663,0.3310846445813817,-0.1754584915714432,0.8607193837041367,0.0307856822645262,1323,,-0.0581
1858,Dummy,dummy_atendida_real_1858,dummy_atendida_sintetica,-0.0023465946897829825,0.001687876817498604,-1.3902641860207452,0.16444866893419774,1.9328345069319253,1323,,-0.0023
1858,Densidade,densidade_real_1858,densidade_sintetica,0.005709073714421246,0.003629624607214632,1.5729102406549917,0.11573960353111712,2.474046625157344,1323,,+0.0057
1860,Distancia,dist_rail_real_1860,dist_rail_sintetica_km,0.356203066507639,0.312257246185197,1.140735950436129,0.25397982131912733,1.3012785086174186,1323,,+0.3562
1860,Dummy,dummy_atendida_real_1860,dummy_atendida_sintetica,0.00660645604471101,0.004466670158473633,1.4790561671938167,0.13912530386890576,2.1876071457140633,1323,,+0.0066
1860,Densidade,densidade_real_1860,densidade_sintetica,0.007623942560888362,0.0037345773495964514,2.0414472233952217,0.04120639464929576,4.16750676590806,1323,**,+0.0076**
1862,Distancia,dist_rail_real_1862,dist_rail_sintetica_km,0.35554871121679377,0.30781912984370863,1.1550572292154788,0.24806699153734946,1.3341572027629391,1323,,+0.3555
1862,Dummy,dummy_atendida_real_1862,dummy_atendida_sintetica,0.008583887050434304,0.005401254919794112,1.5892393856429035,0.11200635761260025,2.525681824878633,1323,,+0.0086
1862,Densidade,densidade_real_1862,densidade_sintetica,0.007457398494898935,0.003603310182271502,2.069596598036376,0.03849013691698766,4.283230078603742,1323,**,+0.0075**
1863,Distancia,dist_rail_real_1863,dist_rail_sintetica_km,0.34107127205607823,0.3164685505906524,1.0777414419837539,0.2811491586439785,1.1615266157692212,1323,,+0.3411
1863,Dummy,dummy_atendida_real_1863,dummy_atendida_sintetica,0.021770162609533763,0.0076142229411683545,2.859144364138262,0.004247854214125102,8.174706494983585,1323,***,+0.0218***
1863,Densidade,densidade_real_1863,densidade_sintetica,0.007801542338160621,0.004070778123642654,1.9164744678296461,0.05530473005888892,3.6728743858429254,1323,*,+0.0078*
1873,Distancia,dist_rail_real_1873,dist_rail_sintetica_km,-0.10444093557675661,0.28781275232798575,-0.3628780682300615,0.7166959706734366,0.1316804924023812,1323,,-0.1044
1873,Dummy,dummy_atendida_real_1873,dummy_atendida_sintetica,0.03161330871380993,0.008648664070181562,3.6552823022465093,2.5689912874793386e-4,13.361088709116542,1323,***,+0.0316***
1873,Densidade,densidade_real_1873,densidade_sintetica,0.00870015406165308,0.004105663569022991,2.1190616121825645,0.03408526037421633,4.490422116225769,1323,**,+0.0087**
1875,Distancia,dist_rail_real_1875,dist_rail_sintetica_km,-0.0780639663813919,0.27892482302308474,-0.279874575289884,0.7795737339938584,0.07832977789369296,1323,,-0.0781
1875,Dummy,dummy_atendida_real_1875,dummy_atendida_sintetica,0.043374492096173584,0.009410290453562193,4.609261776798239,4.04101264517287e-6,21.24529412705326,1323,***,+0.0434***
1875,Densidade,densidade_real_1875,densidade_sintetica,0.00862942646575209,0.004102104203889602,2.1036585217824784,0.03540824508421947,4.425379176268042,1323,**,+0.0086**
1876,Distancia,dist_rail_real_1876,dist_rail_sintetica_km,-0.10353362255632491,0.28179420296933233,-0.3674086317793857,0.713314233924109,0.13498910270600023,1323,,-0.1035
1876,Dummy,dummy_atendida_real_1876,dummy_atendida_sintetica,0.058316452288511456,0.01030794851235371,5.657425647656394,1.5366034888941726e-8,32.00646495876037,1323,***,+0.0583***
1876,Densidade,densidade_real_1876,densidade_sintetica,0.013625876273526294,0.004537601273244041,3.002880917252746,0.0026743705528586847,9.017293803200692,1323,***,+0.0136***
1880,Distancia,dist_rail_real_1880,dist_rail_sintetica_km,-0.13387990889072302,0.28361797282691203,-0.47204310628236523,0.6368960205883178,0.22282469418870435,1323,,-0.1339
1880,Dummy,dummy_atendida_real_1880,dummy_atendida_sintetica,0.07431193202678632,0.01124976191083343,6.605644867490443,3.957900673867698e-11,43.63454411540283,1323,***,+0.0743***
1880,Densidade,densidade_real_1880,densidade_sintetica,0.013240292433421709,0.004611025663184305,2.8714419308345733,0.004086038461301067,8.245178762154982,1323,***,+0.0132***
1881,Distancia,dist_rail_real_1881,dist_rail_sintetica_km,-0.13216227882945955,0.26429866832920107,-0.5000489774123376,0.6170405913768917,0.2500489798111245,1323,,-0.1322
1881,Dummy,dummy_atendida_real_1881,dummy_atendida_sintetica,0.0907551071605332,0.013083605820465425,6.936551620851625,4.0178971261184415e-12,48.115748388739306,1323,***,+0.0908***
1881,Densidade,densidade_real_1881,densidade_sintetica,0.02253617005229393,0.008455310570576528,2.6653272950986704,0.0076913426261793205,7.103969589997995,1323,***,+0.0225***
1882,Distancia,dist_rail_real_1882,dist_rail_sintetica_km,-0.3428176455244855,0.2501504321340101,-1.3704459456653342,0.17054773803620638,1.878122089990552,1323,,-0.3428
1882,Dummy,dummy_atendida_real_1882,dummy_atendida_sintetica,0.10607867179324924,0.01676092974933437,6.328925267255056,2.4687474287077293e-10,40.05529503849949,1323,***,+0.1061***
1882,Densidade,densidade_real_1882,densidade_sintetica,0.022575602162171804,0.008393723388589566,2.6895813832584827,0.007154170037777963,7.233848017170613,1323,***,+0.0226***
1883,Distancia,dist_rail_real_1883,dist_rail_sintetica_km,-0.2951352743758532,0.23080397655719517,-1.278726990662209,0.20099321158925787,1.635142716648029,1323,,-0.2951
1883,Dummy,dummy_atendida_real_1883,dummy_atendida_sintetica,0.13030001696325355,0.017730583640022564,7.348884820076218,1.9984014443252818e-13,54.00610809874666,1323,***,+0.1303***
1883,Densidade,densidade_real_1883,densidade_sintetica,0.02355592554889578,0.008880585392786437,2.652519457560748,0.007989352298664931,7.035859472738363,1323,***,+0.0236***
1884,Distancia,dist_rail_real_1884,dist_rail_sintetica_km,-0.2644336417172582,0.2313514723599138,-1.1429952834096444,0.25304054935149045,1.3064382178966933,1323,,-0.2644
1884,Dummy,dummy_atendida_real_1884,dummy_atendida_sintetica,0.17099889507366475,0.018919303153100045,9.038329461180261,0,81.69139944883906,1323,***,+0.1710***
1884,Densidade,densidade_real_1884,densidade_sintetica,0.03191319706451073,0.008998306512579067,3.546578127773052,3.9026900315008994e-4,12.578216416398206,1323,***,+0.0319***
1885,Distancia,dist_rail_real_1885,dist_rail_sintetica_km,-0.25150778706677485,0.2306932358387244,-1.0902261011354564,0.2756135584400097,1.1885929515970184,1323,,-0.2515
1885,Dummy,dummy_atendida_real_1885,dummy_atendida_sintetica,0.1868270394943528,0.019202037606507693,9.729542422676849,0,94.66399575466848,1323,***,+0.1868***
1885,Densidade,densidade_real_1885,densidade_sintetica,0.03641722365310626,0.011517640775498364,3.1618648612984286,0.0015676229566643496,9.99738940111373,1323,***,+0.0364***
1886,Distancia,dist_rail_real_1886,dist_rail_sintetica_km,-0.25173400460968504,0.23071086454361298,-1.0911233205582216,0.27521862255239715,1.1905501006659995,1323,,-0.2517
1886,Dummy,dummy_atendida_real_1886,dummy_atendida_sintetica,0.1868270394943528,0.019202037606507693,9.729542422676849,0,94.66399575466848,1323,***,+0.1868***
1886,Densidade,densidade_real_1886,densidade_sintetica,0.03906554134094698,0.011987589490266461,3.2588320923624345,0.001118718576694544,10.619986606211324,1323,***,+0.0391***
1887,Distancia,dist_rail_real_1887,dist_rail_sintetica_km,-0.32652782487710647,0.2515148673095864,-1.2982446261325284,0.19420328773834283,1.6854391092819885,1323,,-0.3265
1887,Dummy,dummy_atendida_real_1887,dummy_atendida_sintetica,0.18481941783837783,0.020702669207794164,8.927323138061675,0,79.69709841137136,1323,***,+0.1848***
1887,Densidade,densidade_real_1887,densidade_sintetica,0.03703796565554136,0.011967550087754665,3.0948661492078515,0.0019690173373239084,9.578196481512636,1323,***,+0.0370***
1888,Distancia,dist_rail_real_1888,dist_rail_sintetica_km,-0.3291255727099149,0.24388856710202297,-1.3494916002857802,0.1771791165194878,1.821127579241876,1323,,-0.3291
1888,Dummy,dummy_atendida_real_1888,dummy_atendida_sintetica,0.18773706140791843,0.020821480574640318,9.016508731688093,0,81.29742970860762,1323,***,+0.1877***
1888,Densidade,densidade_real_1888,densidade_sintetica,0.036893504174946114,0.011956277973930313,3.0857014411499453,0.0020307261595799986,9.52155338391485,1323,***,+0.0369***
1891,Distancia,dist_rail_real_1891,dist_rail_sintetica_km,-0.34598499709682734,0.239844095999668,-1.4425412293546982,0.1491497492834657,2.080925198388164,1323,,-0.3460
1891,Dummy,dummy_atendida_real_1891,dummy_atendida_sintetica,0.18302915867775604,0.021025775003015355,8.704989882727624,0,75.7768488583903,1323,***,+0.1830***
1891,Densidade,densidade_real_1891,densidade_sintetica,0.03649424680785997,0.011971049114598467,3.0485420666561236,0.0022995471517768262,9.29360873217199,1323,***,+0.0365***
1892,Distancia,dist_rail_real_1892,dist_rail_sintetica_km,-0.34581593650615805,0.2398436562338693,-1.441838996020625,0.14934779902965034,2.078899690445764,1323,,-0.3458
1892,Dummy,dummy_atendida_real_1892,dummy_atendida_sintetica,0.18302915867775604,0.021025775003015355,8.704989882727624,0,75.7768488583903,1323,***,+0.1830***
1892,Densidade,densidade_real_1892,densidade_sintetica,0.0369959811002922,0.012042386905908949,3.0721468583723253,0.0021252513706215836,9.438086319406947,1323,***,+0.0370***
1894,Distancia,dist_rail_real_1894,dist_rail_sintetica_km,-0.3214707851393991,0.2380991984249877,-1.3501548399402836,0.17696632057607964,1.822918091814173,1323,,-0.3215
1894,Dummy,dummy_atendida_real_1894,dummy_atendida_sintetica,0.19578261280084738,0.021362176165796606,9.164918933414599,0,83.9957390560614,1323,***,+0.1958***
1894,Densidade,densidade_real_1894,densidade_sintetica,0.03779380645609837,0.011959768164222893,3.160078518006464,0.0015772662702953077,9.98609623996593,1323,***,+0.0378***
1895,Distancia,dist_rail_real_1895,dist_rail_sintetica_km,-0.15889959588994798,0.2350236776800579,-0.6761003719219344,0.4989769205492791,0.45711171291297803,1323,,-0.1589
1895,Dummy,dummy_atendida_real_1895,dummy_atendida_sintetica,0.19447972374314904,0.022077661577246045,8.808891424605681,0,77.5965681304915,1323,***,+0.1945***
1895,Densidade,densidade_real_1895,densidade_sintetica,0.037829065780396375,0.011948353903799641,3.1660483180337105,0.0015452512353193448,10.023861952124086,1323,***,+0.0378***
1896,Distancia,dist_rail_real_1896,dist_rail_sintetica_km,-0.11288690490224251,0.23529526335797743,-0.47976700971874964,0.6313930735428617,0.23017638361447082,1323,,-0.1129
1896,Dummy,dummy_atendida_real_1896,dummy_atendida_sintetica,0.20065953108189782,0.022408316715118837,8.954690065876894,0,80.18647417591434,1323,***,+0.2007***
1896,Densidade,densidade_real_1896,densidade_sintetica,0.0378115285719684,0.011954379456613293,3.1629854740013834,0.0015616012331358675,10.004477108743757,1323,***,+0.0378***
1900,Distancia,dist_rail_real_1900,dist_rail_sintetica_km,-0.10854677294378362,0.23204630915391564,-0.46778064835232896,0.6399414607532197,0.21881873497292526,1323,,-0.1085
1900,Dummy,dummy_atendida_real_1900,dummy_atendida_sintetica,0.19868968553897906,0.022460763668383333,8.846078809807459,0,78.25311030932454,1323,***,+0.1987***
1900,Densidade,densidade_real_1900,densidade_sintetica,0.037771447843159785,0.011954627933630493,3.1595669938754,0.0015800377007102462,9.982863588786833,1323,***,+0.0378***
1901,Distancia,dist_rail_real_1901,dist_rail_sintetica_km,-0.10211475061157374,0.23188366158682702,-0.44037061478493894,0.65966870412912,0.19392627836606507,1323,,-0.1021
1901,Dummy,dummy_atendida_real_1901,dummy_atendida_sintetica,0.20624128477127407,0.022587416039153672,9.130804710630446,0,83.37159466367115,1323,***,+0.2062***
1901,Densidade,densidade_real_1901,densidade_sintetica,0.038480987971354755,0.011930585514004983,3.2254064920940375,0.0012579392108622578,10.403247039242364,1323,***,+0.0385***
1902,Distancia,dist_rail_real_1902,dist_rail_sintetica_km,-0.1020342759136248,0.23188517500184036,-0.44002069521182197,0.6599221184732325,0.19361821221469513,1323,,-0.1020
1902,Dummy,dummy_atendida_real_1902,dummy_atendida_sintetica,0.20624128477127407,0.022587416039153672,9.130804710630446,0,83.37159466367115,1323,***,+0.2062***
1902,Densidade,densidade_real_1902,densidade_sintetica,0.04002684493282967,0.012317672923844402,3.2495460124895983,0.001155893769476668,10.559549287287048,1323,***,+0.0400***
1904,Distancia,dist_rail_real_1904,dist_rail_sintetica_km,-0.10257954365343763,0.23166747878169675,-0.4427878448580159,0.6579191960863824,0.19606107555400637,1323,,-0.1026
1904,Dummy,dummy_atendida_real_1904,dummy_atendida_sintetica,0.21176382018388001,0.022700982324840767,9.328398972063663,0,87.01902738199841,1323,***,+0.2118***
1904,Densidade,densidade_real_1904,densidade_sintetica,0.037193711949825826,0.012455680110140291,2.986084390489931,0.0028257465089740474,8.916699987127624,1323,***,+0.0372***
1905,Distancia,dist_rail_real_1905,dist_rail_sintetica_km,-0.10249939636975644,0.23169756856957738,-0.4423844281256516,0.6582110453652659,0.1957039822480598,1323,,-0.1025
1905,Dummy,dummy_atendida_real_1905,dummy_atendida_sintetica,0.21176382018388001,0.022700982324840767,9.328398972063663,0,87.01902738199841,1323,***,+0.2118***
1905,Densidade,densidade_real_1905,densidade_sintetica,0.04217948194070379,0.012767465365366363,3.3036691883356797,9.54283675004941e-4,10.914230105958529,1323,***,+0.0422***
1906,Distancia,dist_rail_real_1906,dist_rail_sintetica_km,-0.09063758592700166,0.2315476416679158,-0.39144249224094246,0.6954701886464785,0.1532272247318003,1323,,-0.0906
1906,Dummy,dummy_atendida_real_1906,dummy_atendida_sintetica,0.23003561681002568,0.02299001909660068,10.00589063643009,0,100.11784742819935,1323,***,+0.2300***
1906,Densidade,densidade_real_1906,densidade_sintetica,0.044725038631980664,0.012900242770015682,3.4669920116492734,5.263175312901769e-4,12.020033608839876,1323,***,+0.0447***
1907,Distancia,dist_rail_real_1907,dist_rail_sintetica_km,-0.08494116997542865,0.23075501106583413,-0.3681010851426106,0.7127978617865378,0.13549840888316744,1323,,-0.0849
1907,Dummy,dummy_atendida_real_1907,dummy_atendida_sintetica,0.24375481321245213,0.023312631135361,10.455911724297847,0,109.32608998630917,1323,***,+0.2438***
1907,Densidade,densidade_real_1907,densidade_sintetica,0.04530254271652104,0.012861471052829839,3.522345346845326,4.277465315407625e-4,12.406916742442919,1323,***,+0.0453***
1908,Distancia,dist_rail_real_1908,dist_rail_sintetica_km,-0.08208911801330895,0.23072889643809247,-0.3557816956634841,0.7220040580909957,0.12658061496918402,1323,,-0.0821
1908,Dummy,dummy_atendida_real_1908,dummy_atendida_sintetica,0.2408885546980168,0.02343119284443133,10.280678252164464,0,105.69234532452737,1323,***,+0.2409***
1908,Densidade,densidade_real_1908,densidade_sintetica,0.04516200098859603,0.012867641899094256,3.509734055606175,4.485550860156007e-4,12.31823314108177,1323,***,+0.0452***
1910,Distancia,dist_rail_real_1910,dist_rail_sintetica_km,-0.06040549132788023,0.2266479212261251,-0.2665168557518517,0.7898411796960569,0.07103123439985332,1323,,-0.0604
1910,Dummy,dummy_atendida_real_1910,dummy_atendida_sintetica,0.22827316141928305,0.02399070882009406,9.51506531678992,0,90.53646798277846,1323,***,+0.2283***
1910,Densidade,densidade_real_1910,densidade_sintetica,0.04596264712804217,0.013374544259968799,3.4365766963448965,5.891155327164554e-4,11.810059389860802,1323,***,+0.0460***
1911,Distancia,dist_rail_real_1911,dist_rail_sintetica_km,0.14269790215766384,0.23309113396663428,0.6121978975746468,0.5404068324265594,0.3747862657948178,1323,,+0.1427
1911,Dummy,dummy_atendida_real_1911,dummy_atendida_sintetica,0.2223889531560464,0.024293995998851663,9.154070543460959,0,83.79700751465961,1323,***,+0.2224***
1911,Densidade,densidade_real_1911,densidade_sintetica,0.04599839625520443,0.013341776092607574,3.447696613698327,5.653887306391603e-4,11.88661194010691,1323,***,+0.0460***
1912,Distancia,dist_rail_real_1912,dist_rail_sintetica_km,0.15887159989102734,0.23326872255275086,0.6810668749433413,0.495829175935103,0.4638520881450889,1323,,+0.1589
1912,Dummy,dummy_atendida_real_1912,dummy_atendida_sintetica,0.21838472744061135,0.024829126215390372,8.795505953215754,0,77.36092497305377,1323,***,+0.2184***
1912,Densidade,densidade_real_1912,densidade_sintetica,0.04741907196062936,0.01321888173140379,3.5872226504589246,3.3421892609952764e-4,12.868166343965552,1323,***,+0.0474***
1913,Distancia,dist_rail_real_1913,dist_rail_sintetica_km,0.17206123478282925,0.23523684294007066,0.7314382927110779,0.4645114829312793,0.5350019760440964,1323,,+0.1721
1913,Dummy,dummy_atendida_real_1913,dummy_atendida_sintetica,0.23514013908771575,0.02541642661491922,9.25150268565647,0,85.59030194270889,1323,***,+0.2351***
1913,Densidade,densidade_real_1913,densidade_sintetica,0.04625736143009639,0.01345111746717288,3.4389233119840297,5.840326528718798e-4,11.826193545707207,1323,***,+0.0463***
1914,Distancia,dist_rail_real_1914,dist_rail_sintetica_km,0.18013033592153954,0.23499637102041274,0.7665239047708218,0.4433646337590349,0.5875588965851078,1323,,+0.1801
1914,Dummy,dummy_atendida_real_1914,dummy_atendida_sintetica,0.22783304588828274,0.025869844579265524,8.806896585335078,0,77.56142746478666,1323,***,+0.2278***
1914,Densidade,densidade_real_1914,densidade_sintetica,0.043517827508043526,0.013608340499155118,3.1978790882507204,0.0013844231449819944,10.226430663071259,1323,***,+0.0435***
1915,Distancia,dist_rail_real_1915,dist_rail_sintetica_km,0.1765060045612606,0.23545525947276488,0.7496371283295842,0.453473282977094,0.5619558241702255,1323,,+0.1765
1915,Dummy,dummy_atendida_real_1915,dummy_atendida_sintetica,0.23274030503432114,0.025941523566768307,8.971728450539693,0,80.49191139022336,1323,***,+0.2327***
1915,Densidade,densidade_real_1915,densidade_sintetica,0.04690331459415033,0.013829934373813484,3.391434357270717,6.952781596472057e-4,11.50182699967624,1323,***,+0.0469***
1916,Distancia,dist_rail_real_1916,dist_rail_sintetica_km,0.1803946865546544,0.2347220020307247,0.7685461311421544,0.44216279504719225,0.5906631556935736,1323,,+0.1804
1916,Dummy,dummy_atendida_real_1916,dummy_atendida_sintetica,0.250228401391133,0.02610156942190191,9.586718612451156,0,91.90517375431742,1323,***,+0.2502***
1916,Densidade,densidade_real_1916,densidade_sintetica,0.044112328489815736,0.013915794770734905,3.169946755939842,0.0015246687314687257,10.04856243549353,1323,***,+0.0441***
1917,Distancia,dist_rail_real_1917,dist_rail_sintetica_km,0.18362420085670714,0.23619981813866234,0.7774104243759815,0.4369166641575355,0.6043669679284437,1323,,+0.1836
1917,Dummy,dummy_atendida_real_1917,dummy_atendida_sintetica,0.2508681924623782,0.026314284425061913,9.533536554140515,0,90.8883192291334,1323,***,+0.2509***
1917,Densidade,densidade_real_1917,densidade_sintetica,0.04401859095848162,0.013921834652975432,3.1618383679821815,0.0015677655794945622,9.997221865244224,1323,***,+0.0440***
1918,Distancia,dist_rail_real_1918,dist_rail_sintetica_km,0.20222193559026114,0.23588371863505617,0.8572950128157241,0.3912818640307134,0.7349547389987124,1323,,+0.2022
1918,Dummy,dummy_atendida_real_1918,dummy_atendida_sintetica,0.2527949307856849,0.026329306053101884,9.601275866361195,0,92.18449826196992,1323,***,+0.2528***
1918,Densidade,densidade_real_1918,densidade_sintetica,0.04378451788235375,0.013936970662135846,3.141609388710857,0.0016802203080281686,9.869709551236205,1323,***,+0.0438***
1919,Distancia,dist_rail_real_1919,dist_rail_sintetica_km,0.0644766216440126,0.23628564950706524,0.2728757407761434,0.7849487351302427,0.07446116990412902,1323,,+0.0645
1919,Dummy,dummy_atendida_real_1919,dummy_atendida_sintetica,0.25897088019577136,0.026551102234938697,9.753677188399003,0,95.13421869549508,1323,***,+0.2590***
1919,Densidade,densidade_real_1919,densidade_sintetica,0.043854248825945095,0.01392957367503908,3.1482836337288016,0.001642322539188834,9.911689838404627,1323,***,+0.0439***
1920,Distancia,dist_rail_real_1920,dist_rail_sintetica_km,0.055105407498604514,0.2356080561828685,0.23388592220222787,0.8150735425914302,0.05470262460438659,1323,,+0.0551
1920,Dummy,dummy_atendida_real_1920,dummy_atendida_sintetica,0.2602510194859737,0.02676133102798604,9.724890709427438,0,94.5734993103081,1323,***,+0.2603***
1920,Densidade,densidade_real_1920,densidade_sintetica,0.04419164274938721,0.013918955606071764,3.1749251883603833,0.0014987513626461002,10.080149951685215,1323,***,+0.0442***
1921,Distancia,dist_rail_real_1921,dist_rail_sintetica_km,0.04734054342699254,0.22284677722432558,0.21243539626932922,0.8317673736678401,0.045128797588106936,1323,,+0.0473
1921,Dummy,dummy_atendida_real_1921,dummy_atendida_sintetica,0.26697208121219634,0.026995414834642018,9.889534309715549,0,97.80288886304099,1323,***,+0.2670***
1921,Densidade,densidade_real_1921,densidade_sintetica,0.04482509145068558,0.013927705653038842,3.2184117447158522,0.0012890263238198862,10.358174158524935,1323,***,+0.0448***
1922,Distancia,dist_rail_real_1922,dist_rail_sintetica_km,0.050789063088490294,0.22273722344399577,0.2280223408695786,0.819628872480501,0.05199418793564229,1323,,+0.0508
1922,Dummy,dummy_atendida_real_1922,dummy_atendida_sintetica,0.2674231602083441,0.02703276639661063,9.892556177375678,0,97.86266772253367,1323,***,+0.2674***
1922,Densidade,densidade_real_1922,densidade_sintetica,0.04473021069565625,0.01393880217818966,3.209042651143049,0.001331777347733043,10.297954736855209,1323,***,+0.0447***
1923,Distancia,dist_rail_real_1923,dist_rail_sintetica_km,0.07149139800346957,0.22478249953020926,0.31804699277250276,0.7504492910501339,0.10115388961163242,1323,,+0.0715
1923,Dummy,dummy_atendida_real_1923,dummy_atendida_sintetica,0.2808311752870795,0.027332718003178897,10.2745425923034,0,105.56622548105666,1323,***,+0.2808***
1923,Densidade,densidade_real_1923,densidade_sintetica,0.057398572941724506,0.013129112268683853,4.371854834285648,1.2319542971095387e-5,19.113114692066787,1323,***,+0.0574***
1924,Distancia,dist_rail_real_1924,dist_rail_sintetica_km,0.0701071339160293,0.22484891871319926,0.3117966246724664,0.7551950893883348,0.09721713515714288,1323,,+0.0701
1924,Dummy,dummy_atendida_real_1924,dummy_atendida_sintetica,0.2808311752870795,0.027332718003178897,10.2745425923034,0,105.56622548105666,1323,***,+0.2808***
1924,Densidade,densidade_real_1924,densidade_sintetica,0.057327039651602324,0.013134805863315497,4.36451366302355,1.2740588677395692e-5,19.04897951471925,1323,***,+0.0573***
1925,Distancia,dist_rail_real_1925,dist_rail_sintetica_km,0.07072201854244396,0.22492746303120967,0.31442144764968505,0.753200968669625,0.09886084674212363,1323,,+0.0707
1925,Dummy,dummy_atendida_real_1925,dummy_atendida_sintetica,0.2842565052825989,0.027358678508149055,10.389993990313906,0,107.95197511875908,1323,***,+0.2843***
1925,Densidade,densidade_real_1925,densidade_sintetica,0.05675173184596295,0.01320247508448518,4.29856761575369,1.7190545994250073e-5,18.477683547206365,1323,***,+0.0568***
1926,Distancia,dist_rail_real_1926,dist_rail_sintetica_km,0.06133506848179916,0.2261930698182717,0.2711624566176013,0.78626608682338,0.07352907787889251,1323,,+0.0613
1926,Dummy,dummy_atendida_real_1926,dummy_atendida_sintetica,0.2915001865541001,0.027549878348578614,10.580815743207792,0,111.95366179171386,1323,***,+0.2915***
1926,Densidade,densidade_real_1926,densidade_sintetica,0.05658064878102953,0.013199566443358977,4.286553579151581,1.8146644976013704e-5,18.374541586937234,1323,***,+0.0566***
1927,Distancia,dist_rail_real_1927,dist_rail_sintetica_km,0.059379609621719606,0.22531831070273564,0.26353654719193964,0.7921370582117231,0.06945151170584943,1323,,+0.0594
1927,Dummy,dummy_atendida_real_1927,dummy_atendida_sintetica,0.30308501385712583,0.02761343600003034,10.975997838762002,0,120.47252855650814,1323,***,+0.3031***
1927,Densidade,densidade_real_1927,densidade_sintetica,0.056640136245192624,0.01319753741093797,4.291720074856535,1.7729436583735492e-05,18.41886120092658,1323,***,+0.0566***
1929,Distancia,dist_rail_real_1929,dist_rail_sintetica_km,0.06346060552251837,0.22575031652050362,0.28110970784288847,0.7786262554973493,0.07902266784351411,1323,,+0.0635
1929,Dummy,dummy_atendida_real_1929,dummy_atendida_sintetica,0.3078740855242435,0.02765936484503566,11.130916680449413,0,123.89730614710699,1323,***,+0.3079***
1929,Densidade,densidade_real_1929,densidade_sintetica,0.05663085018051135,0.013198917626160524,4.290567740817464,1.782169113639931e-5,18.408971538543472,1323,***,+0.0566***
1931,Distancia,dist_rail_real_1931,dist_rail_sintetica_km,0.06865024209584401,0.22583366805014407,0.3039858613136502,0.7611386628053782,0.09240740387860176,1323,,+0.0687
1931,Dummy,dummy_atendida_real_1931,dummy_atendida_sintetica,0.31176838205945534,0.027645526252474142,11.277353855094495,0,127.17870997301466,1323,***,+0.3118***
1931,Densidade,densidade_real_1931,densidade_sintetica,0.05612304920870885,0.01321493231534088,4.246941858609221,2.1670816680696703e-5,18.03651515040714,1323,***,+0.0561***
1932,Distancia,dist_rail_real_1932,dist_rail_sintetica_km,0.10823206424286609,0.224745368186452,0.48157639517213635,0.6301068979494511,0.23191582438698963,1323,,+0.1082
1932,Dummy,dummy_atendida_real_1932,dummy_atendida_sintetica,0.3058590401495303,0.02815731171139374,10.862508583366136,0,117.99409272370298,1323,***,+0.3059***
1932,Densidade,densidade_real_1932,densidade_sintetica,0.05604157303713303,0.01321947978899141,4.239317577670639,2.242002981578395e-5,17.971813524347255,1323,***,+0.0560***
1933,Distancia,dist_rail_real_1933,dist_rail_sintetica_km,0.10748627559083163,0.2247318554186266,0.47828678044155354,0.6324461040313962,0.22875824434514683,1323,,+0.1075
1933,Dummy,dummy_atendida_real_1933,dummy_atendida_sintetica,0.302809685439549,0.028602687372111846,10.58675646452697,0,112.07941243920357,1323,***,+0.3028***
1933,Densidade,densidade_real_1933,densidade_sintetica,0.056162031607468105,0.013214782351023722,4.249939962357182,2.1382782109835574e-5,18.061989683640565,1323,***,+0.0562***
1934,Distancia,dist_rail_real_1934,dist_rail_sintetica_km,0.10909596857343232,0.22463789685553906,0.4856525550699495,0.6272135277536868,0.23585840424597032,1323,,+0.1091
1934,Dummy,dummy_atendida_real_1934,dummy_atendida_sintetica,0.30094611847927244,0.02857714354553359,10.53100769150555,0,110.90212299854906,1323,***,+0.3009***
1934,Densidade,densidade_real_1934,densidade_sintetica,0.05558430942998429,0.01323455751508394,4.199937124201749,2.6698911195444097e-5,17.639471847248053,1323,***,+0.0556***
1936,Distancia,dist_rail_real_1936,dist_rail_sintetica_km,0.11365035510513659,0.2251510890953971,0.504773730217146,0.6137177687487736,0.2547965187173321,1323,,+0.1137
1936,Dummy,dummy_atendida_real_1936,dummy_atendida_sintetica,0.3010373946136746,0.028856621726511867,10.43217731676117,0,108.83032356834627,1323,***,+0.3010***
1936,Densidade,densidade_real_1936,densidade_sintetica,0.05541752217035379,0.013248823148930373,4.1828260176322045,2.879077210482528e-5,17.49603349378089,1323,***,+0.0554***
1937,Distancia,dist_rail_real_1937,dist_rail_sintetica_km,0.10981369557433429,0.22508762148345035,0.4878708782411137,0.6256413031072239,0.2380179938357556,1323,,+0.1098
1937,Dummy,dummy_atendida_real_1937,dummy_atendida_sintetica,0.3034095849004982,0.02889282997774139,10.50120687846225,0,110.27534590426288,1323,***,+0.3034***
1937,Densidade,densidade_real_1937,densidade_sintetica,0.05543348384326567,0.013247916802129662,4.184317026685622,2.8602471715766242e-5,17.508508979811204,1323,***,+0.0554***
1940,Distancia,dist_rail_real_1940,dist_rail_sintetica_km,0.11106524908289693,0.22493205114715836,0.49377244601852754,0.6214668947627655,0.2438112284471197,1323,,+0.1111
1940,Dummy,dummy_atendida_real_1940,dummy_atendida_sintetica,0.3092941847089349,0.028883258911189275,10.708424061840036,0,114.67034588819466,1323,***,+0.3093***
1940,Densidade,densidade_real_1940,densidade_sintetica,0.055702054047071646,0.013219189506633679,4.213726871766165,2.5119102319504094e-5,17.755494149844274,1323,***,+0.0557***
1941,Distancia,dist_rail_real_1941,dist_rail_sintetica_km,0.11135691146550936,0.22500673298366775,0.4949047967982019,0.6206673245434329,0.24493075789386948,1323,,+0.1114
1941,Dummy,dummy_atendida_real_1941,dummy_atendida_sintetica,0.3111499324385668,0.02889746801051788,10.767377000826398,0,115.93640747792529,1323,***,+0.3111***
1941,Densidade,densidade_real_1941,densidade_sintetica,0.055503524677303503,0.013203872425464721,4.203579290137682,2.6272705988317213e-5,17.67007884847442,1323,***,+0.0555***
1944,Distancia,dist_rail_real_1944,dist_rail_sintetica_km,0.11246499231862171,0.22730671142916348,0.4947719828046944,0.6207610833629316,0.24479931496848883,1323,,+0.1125
1944,Dummy,dummy_atendida_real_1944,dummy_atendida_sintetica,0.2922097981345042,0.029599831127307793,9.872008961055235,0,97.45656092715485,1323,***,+0.2922***
1944,Densidade,densidade_real_1944,densidade_sintetica,0.055122955945428896,0.013222589541013113,4.168847242399191,3.0614407720008785e-5,17.379287330459338,1323,***,+0.0551***
1947,Distancia,dist_rail_real_1947,dist_rail_sintetica_km,0.08776867436611666,0.21743815217492207,0.4036489157409209,0.6864709097049793,0.16293244717882105,1323,,+0.0878
1947,Dummy,dummy_atendida_real_1947,dummy_atendida_sintetica,0.2956804418979756,0.029762313510241997,9.93472640479458,0,98.69878873812263,1323,***,+0.2957***
1947,Densidade,densidade_real_1947,densidade_sintetica,0.05505962841099909,0.013221740193767265,4.164325391672287,3.122744989703108e-5,17.34160596772655,1323,***,+0.0551***
1948,Distancia,dist_rail_real_1948,dist_rail_sintetica_km,0.09627140967101734,0.2183926331589912,0.44081802704824363,0.6593447417414358,0.19432053297070606,1323,,+0.0963
1948,Dummy,dummy_atendida_real_1948,dummy_atendida_sintetica,0.27443659308077417,0.030361467575637836,9.038976538175751,0,81.70309685769168,1323,***,+0.2744***
1948,Densidade,densidade_real_1948,densidade_sintetica,0.05416481200279121,0.013299045705798002,4.072834487603641,4.644443013912536e-5,16.587980763413615,1323,***,+0.0542***
1949,Distancia,dist_rail_real_1949,dist_rail_sintetica_km,0.07613067581067769,0.21010744638150916,0.36234163577639716,0.717096748143937,0.13129146101711525,1323,,+0.0761
1949,Dummy,dummy_atendida_real_1949,dummy_atendida_sintetica,0.2748295090516165,0.030726925971232753,8.944256555599416,0,79.99972533238314,1323,***,+0.2748***
1949,Densidade,densidade_real_1949,densidade_sintetica,0.05443173332358744,0.013291085880589684,4.09535637739574,4.2151947578172866e-5,16.77194385787596,1323,***,+0.0544***
1950,Distancia,dist_rail_real_1950,dist_rail_sintetica_km,0.07581316027535605,0.21003135094278894,0.36096116096499814,0.7181284814585458,0.1302929597251993,1323,,+0.0758
1950,Dummy,dummy_atendida_real_1950,dummy_atendida_sintetica,0.2745143648373706,0.03078698648511599,8.916571453658996,0,79.5052464882065,1323,***,+0.2745***
1950,Densidade,densidade_real_1950,densidade_sintetica,0.05433812275091577,0.013310980503564341,4.082202865248387,4.4610829256885864e-5,16.66438023304214,1323,***,+0.0543***
1951,Distancia,dist_rail_real_1951,dist_rail_sintetica_km,0.029381216893675857,0.19918290246600712,0.14750872956422606,0.8827304899069515,0.02175882529765198,1323,,+0.0294
1951,Dummy,dummy_atendida_real_1951,dummy_atendida_sintetica,0.2719725067113534,0.031040306930108084,8.761914220878692,0,76.77114081403626,1323,***,+0.2720***
1951,Densidade,densidade_real_1951,densidade_sintetica,0.054127457317035076,0.013329826817312204,4.060627197852013,4.894106513275709e-5,16.488693239935493,1323,***,+0.0541***
1953,Distancia,dist_rail_real_1953,dist_rail_sintetica_km,0.028980892412157122,0.19917650641961912,0.14550356833300934,0.8843132986110323,0.02117128839763872,1323,,+0.0290
1953,Dummy,dummy_atendida_real_1953,dummy_atendida_sintetica,0.2719725067113534,0.031040306930108084,8.761914220878692,0,76.77114081403626,1323,***,+0.2720***
1953,Densidade,densidade_real_1953,densidade_sintetica,0.053478708951015586,0.013364348148250622,4.001595016664983,6.291691997217796e-5,16.012762677398026,1323,***,+0.0535***
1955,Distancia,dist_rail_real_1955,dist_rail_sintetica_km,0.033453359171155383,0.1992129566763071,0.16792762744600176,0.8666402151946893,0.028199688059643162,1323,,+0.0335
1955,Dummy,dummy_atendida_real_1955,dummy_atendida_sintetica,0.271002429722356,0.03107351328866696,8.721332126328798,0,76.0616340577348,1323,***,+0.2710***
1955,Densidade,densidade_real_1955,densidade_sintetica,0.05356010518575161,0.013355685552093384,4.010284981391805,6.0645506040790664e-5,16.082385631976667,1323,***,+0.0536***
1956,Distancia,dist_rail_real_1956,dist_rail_sintetica_km,0.03338451165519382,0.1992275554502765,0.16756974997630775,0.8669217706690815,0.02807962110712229,1323,,+0.0334
1956,Dummy,dummy_atendida_real_1956,dummy_atendida_sintetica,0.27277249894751654,0.031068192439265566,8.779799451826902,0,77.08487841429996,1323,***,+0.2728***
1956,Densidade,densidade_real_1956,densidade_sintetica,0.053561762485860274,0.013358641145312744,4.0095217697088845,6.0841843945835805e-5,16.076264821769467,1323,***,+0.0536***
1957,Distancia,dist_rail_real_1957,dist_rail_sintetica_km,0.03368398075114791,0.19922379196579293,0.16907609487189917,0.8657367877385396,0.02858672585713145,1323,,+0.0337
1957,Dummy,dummy_atendida_real_1957,dummy_atendida_sintetica,0.28087087616284956,0.031015930931862497,9.05569711190943,0,82.00565018264479,1323,***,+0.2809***
1957,Densidade,densidade_real_1957,densidade_sintetica,0.05361504519885092,0.01333476980949281,4.02069521745199,5.8026640018526976e-5,16.165990031641304,1323,***,+0.0536***
1958,Distancia,dist_rail_real_1958,dist_rail_sintetica_km,0.04766147741063352,0.19975465205759738,0.23860008725549373,0.8114156974613849,0.05693000163832922,1323,,+0.0477
1958,Dummy,dummy_atendida_real_1958,dummy_atendida_sintetica,0.2873889781418426,0.031135582948461357,9.23024240842244,0,85.19737491824007,1323,***,+0.2874***
1958,Densidade,densidade_real_1958,densidade_sintetica,0.05329805470842374,0.013441857467340529,3.9650810788554476,7.337100360116366e-5,15.72186796189748,1323,***,+0.0533***
1961,Distancia,dist_rail_real_1961,dist_rail_sintetica_km,0.056982411155826945,0.1993863931968979,0.2857888657404807,0.7750398364794959,0.08167527578123049,1323,,+0.0570
1961,Dummy,dummy_atendida_real_1961,dummy_atendida_sintetica,0.29039047562098746,0.031101893367700768,9.336745907648092,0,87.1748241439834,1323,***,+0.2904***
1961,Densidade,densidade_real_1961,densidade_sintetica,0.05331833143754367,0.013443145025034681,3.9662096435209824,7.302463794056635e-5,15.730818936358839,1323,***,+0.0533***
1962,Distancia,dist_rail_real_1962,dist_rail_sintetica_km,0.058438312077836244,0.19955779934076098,0.29283902844633064,0.7696451948769991,0.08575469658139084,1323,,+0.0584
1962,Dummy,dummy_atendida_real_1962,dummy_atendida_sintetica,0.29595346804781775,0.031206736090232116,9.483640557349183,0,89.93943822099833,1323,***,+0.2960***
1962,Densidade,densidade_real_1962,densidade_sintetica,0.05391731292626105,0.013405464652529396,4.022039841497603,5.769629540308685e-5,16.17680448659406,1323,***,+0.0539***
1966,Distancia,dist_rail_real_1966,dist_rail_sintetica_km,0.06396479405083615,0.19914923772794027,0.3211902530012145,0.7480662181334023,0.10316317862298419,1323,,+0.0640
1966,Dummy,dummy_atendida_real_1966,dummy_atendida_sintetica,0.2999095742837805,0.031231397997447872,9.602822592452895,0,92.21420174212375,1323,***,+0.2999***
1966,Densidade,densidade_real_1966,densidade_sintetica,0.05379526007860584,0.013405810786333515,4.0128315203021625,5.999473450923887e-5,16.102816810330566,1323,***,+0.0538***
1969,Distancia,dist_rail_real_1969,dist_rail_sintetica_km,0.08156821572620471,0.19809012205646884,0.41177326198502895,0.6805056210189226,0.1695572192857913,1323,,+0.0816
1969,Dummy,dummy_atendida_real_1969,dummy_atendida_sintetica,0.30528134080829367,0.03128976575621475,9.756587607168614,0,95.19100173635617,1323,***,+0.3053***
1969,Densidade,densidade_real_1969,densidade_sintetica,0.05368371680049281,0.013405027477179572,4.004745002715049,6.208441567934209e-5,16.03798253677116,1323,***,+0.0537***
1972,Distancia,dist_rail_real_1972,dist_rail_sintetica_km,0.056796237597370625,0.19844193343184646,0.2862108658948181,0.7747166219248143,0.08191665975626154,1323,,+0.0568
1972,Dummy,dummy_atendida_real_1972,dummy_atendida_sintetica,0.3059977303587755,0.03139011695977467,9.748218866176916,0,95.02777106288757,1323,***,+0.3060***
1972,Densidade,densidade_real_1972,densidade_sintetica,0.05360743702610749,0.013400641654022646,4.00036344603062,6.324527421752713e-5,16.002907700337975,1323,***,+0.0536***
1985,Distancia,dist_rail_real_1985,dist_rail_sintetica_km,0.23249344317250342,0.16115148086517567,1.4427012517931166,0.1491046464679815,2.0813869019254256,1323,,+0.2325
1985,Dummy,dummy_atendida_real_1985,dummy_atendida_sintetica,0.3114415649942861,0.03155646854999607,9.869341510785906,0,97.40390185652184,1323,***,+0.3114***
1985,Densidade,densidade_real_1985,densidade_sintetica,0.05329603477483167,0.013402544479169606,3.9765609327143068,6.99190893069801e-5,15.813036851589677,1323,***,+0.0533***
1996,Distancia,dist_rail_real_1996,dist_rail_sintetica_km,0.29501158538662237,0.15000083076066312,1.9667330100146854,0.04921399917305935,3.8680387326814243,1323,**,+0.2950**
1996,Dummy,dummy_atendida_real_1996,dummy_atendida_sintetica,0.3114415649942861,0.03155646854999607,9.869341510785906,0,97.40390185652184,1323,***,+0.3114***
1996,Densidade,densidade_real_1996,densidade_sintetica,0.05338138257769232,0.0133980183194477,3.984274487832827,6.768659979172753e-5,15.874443194395537,1323,***,+0.0534***
2003,Distancia,dist_rail_real_2003,dist_rail_sintetica_km,0.297090573646154,0.1500784034865017,1.9795691235006694,0.04775196533110182,3.9186939147172084,1323,**,+0.2971**
2003,Dummy,dummy_atendida_real_2003,dummy_atendida_sintetica,0.3114415649942861,0.03155646854999607,9.869341510785906,0,97.40390185652184,1323,***,+0.3114***
2003,Densidade,densidade_real_2003,densidade_sintetica,0.0533901902264394,0.013397692028499344,3.9850289223598128,6.747190699107897e-5,15.880455512044211,1323,***,+0.0534***
