ano,tipo_mecanismo,variavel_endogena,variavel_instrumento,coeficiente,erro_padrao,t_estatistica,p_valor,F_estatistica,n_observacoes,n_pontas_excluidas,significancia,coeficiente_sig,instrumento_forte
1858,densidade,dens_real_1858,dens_sint_1858,0.5514726266948224,0.004050241712648366,136.15795446791404,0,18538.988564886553,1321,2,***,+0.5515***,TRUE
1860,densidade,dens_real_1860,dens_sint_1860,0.3357586624969625,0.1359405870070758,2.469892692750297,0.013642115947160376,6.1003699137013125,1318,5,**,+0.3358**,FALSE
1862,densidade,dens_real_1862,dens_sint_1862,0.31295663410372243,0.13138655765280224,2.381953220288572,0.0173633656150935,5.673701143643099,1317,6,**,+0.3130**,FALSE
1863,densidade,dens_real_1863,dens_sint_1863,0.29195271178390336,0.136560684927642,2.137897242816242,0.032710131468248325,4.570604620841289,1316,7,**,+0.2920**,FALSE
1873,densidade,dens_real_1873,dens_sint_1873,0.2916642184530001,0.13678861200698159,2.1322258788481148,0.033174557406063336,4.546387198429615,1314,9,**,+0.2917**,FALSE
1875,densidade,dens_real_1875,dens_sint_1875,0.289415071134299,0.13736007514871645,2.1069810192004934,0.035309946966391496,4.43936901527115,1312,11,**,+0.2894**,FALSE
1876,densidade,dens_real_1876,dens_sint_1876,0.5223669037034797,0.19749192287820347,2.6450038872001467,0.008267365952265035,6.996045563303886,1310,13,***,+0.5224***,FALSE
1880,densidade,dens_real_1880,dens_sint_1880,0.5057219673179835,0.19768095870156344,2.558273546626541,0.010631777720141969,6.544763539369142,1310,13,**,+0.5057**,FALSE
1881,densidade,dens_real_1881,dens_sint_1881,0.6168112206512433,0.1975522284875046,3.1222691101672755,0.0018343992766243395,9.74856439630475,1303,20,***,+0.6168***,FALSE
1882,densidade,dens_real_1882,dens_sint_1882,0.42862138480729667,0.14122535953069562,3.0350171260433925,0.0024534514327195956,9.211328955376693,1297,26,***,+0.4286***,FALSE
1883,densidade,dens_real_1883,dens_sint_1883,0.27162216710809595,0.10186582311010048,2.666470056542088,0.007761523020792118,7.110062562435565,1293,30,***,+0.2716***,FALSE
1884,densidade,dens_real_1884,dens_sint_1884,0.3738528855302101,0.09799448136091501,3.8150401975526034,1.4264972705901755e-4,14.554531708942207,1290,33,***,+0.3739***,TRUE
1885,densidade,dens_real_1885,dens_sint_1885,0.3489392897914869,0.10063382364407016,3.4674155980164643,5.429250094736166e-4,12.022970929367874,1288,35,***,+0.3489***,TRUE
1886,densidade,dens_real_1886,dens_sint_1886,0.3498137164141936,0.10101998299467012,3.4628170194074377,5.522141454324608e-4,11.99110170989781,1287,36,***,+0.3498***,TRUE
1887,densidade,dens_real_1887,dens_sint_1887,0.24057668147760197,0.07255065325182812,3.315982292296451,9.388564796493551e-4,10.995738562823625,1287,36,***,+0.2406***,TRUE
1888,densidade,dens_real_1888,dens_sint_1888,0.23619504770159225,0.07257720005400756,3.2543973524168774,0.0011661018984141793,10.591102127417981,1286,37,***,+0.2362***,TRUE
1891,densidade,dens_real_1891,dens_sint_1891,0.23397306182919883,0.07269811499781073,3.2184199251417294,0.001321388210287148,10.358226814549296,1286,37,***,+0.2340***,TRUE
1892,densidade,dens_real_1892,dens_sint_1892,0.23230144713299128,0.07266875873125005,3.1967168724060473,0.001424082193498721,10.218998762325501,1286,37,***,+0.2323***,TRUE
1894,densidade,dens_real_1894,dens_sint_1894,0.298976870556167,0.06601617664370586,4.528842561873389,6.48572919933423e-6,20.51041495023592,1284,39,***,+0.2990***,TRUE
1895,densidade,dens_real_1895,dens_sint_1895,0.3086150729353997,0.06577720131984342,4.691824321237848,3.000101891436409e-6,22.013215461358996,1282,41,***,+0.3086***,TRUE
1896,densidade,dens_real_1896,dens_sint_1896,0.3110733542715187,0.06557084924372247,4.744079996818096,2.331156647135816e-6,22.506295016209585,1281,42,***,+0.3111***,TRUE
1900,densidade,dens_real_1900,dens_sint_1900,0.31099483306205433,0.06557703876550047,4.7424348356770585,2.3498408642998403e-6,22.49068817064329,1281,42,***,+0.3110***,TRUE
1901,densidade,dens_real_1901,dens_sint_1901,0.31164471979683545,0.06363999953283654,4.896994375935454,1.098205974104417e-6,23.980553917943464,1280,43,***,+0.3116***,TRUE
1902,densidade,dens_real_1902,dens_sint_1902,0.31467785486719396,0.06357989989027149,4.94932919696754,8.447190455536296e-7,24.49585949995535,1279,44,***,+0.3147***,TRUE
1904,densidade,dens_real_1904,dens_sint_1904,0.28932324541770366,0.060619649861410926,4.772763387435535,2.02780487088891e-6,22.77927035244512,1279,44,***,+0.2893***,TRUE
1905,densidade,dens_real_1905,dens_sint_1905,0.28696589100101605,0.058996180940079995,4.864143516212948,1.293770986389614e-6,23.659892146316466,1276,47,***,+0.2870***,TRUE
1906,densidade,dens_real_1906,dens_sint_1906,0.27877502545378413,0.059320782552763525,4.69944955978665,2.8937114320261605e-6,22.084826164978942,1275,48,***,+0.2788***,TRUE
1907,densidade,dens_real_1907,dens_sint_1907,0.30034361936445547,0.05642518736818034,5.32286436914567,1.2075589145980914e-7,28.332885092320527,1273,50,***,+0.3003***,TRUE
1908,densidade,dens_real_1908,dens_sint_1908,0.3009321225243695,0.05633685278554128,5.341656618092146,1.0912961788847128e-7,28.533295425607623,1273,50,***,+0.3009***,TRUE
1910,densidade,dens_real_1910,dens_sint_1910,0.2915440986353415,0.05705288915973828,5.110067218840892,3.71634122745828e-7,26.11278698107229,1272,51,***,+0.2915***,TRUE
1911,densidade,dens_real_1911,dens_sint_1911,0.2912806887779383,0.05710611121340626,5.100692072857468,3.902624913794551e-7,26.017059622111013,1269,54,***,+0.2913***,TRUE
1912,densidade,dens_real_1912,dens_sint_1912,0.3051116001738246,0.05432200618597863,5.616721870124501,2.3923850607323922e-8,31.547564566334877,1269,54,***,+0.3051***,TRUE
1913,densidade,dens_real_1913,dens_sint_1913,0.2841136613377503,0.048742721077983976,5.828842851903856,7.088655138802992e-9,33.97540899219067,1264,59,***,+0.2841***,TRUE
1914,densidade,dens_real_1914,dens_sint_1914,0.2763919152025689,0.04902443609691566,5.637839763341161,2.1249198491262266e-8,31.785237197110725,1264,59,***,+0.2764***,TRUE
1915,densidade,dens_real_1915,dens_sint_1915,0.2780421735510843,0.05018180722651058,5.540696697033207,3.668584265258868e-8,30.699319888514687,1262,61,***,+0.2780***,TRUE
1916,densidade,dens_real_1916,dens_sint_1916,0.28129802990567015,0.048865197791921985,5.756612939611843,1.0785658228116205e-8,33.13859253650651,1260,63,***,+0.2813***,TRUE
1917,densidade,dens_real_1917,dens_sint_1917,0.28042038106429107,0.04886899529057507,5.738206390307624,1.1998359613993442e-8,32.92701257776726,1257,66,***,+0.2804***,TRUE
1918,densidade,dens_real_1918,dens_sint_1918,0.27895411801037223,0.04890648352675078,5.703826934475679,1.4613766827888478e-8,32.533641698450225,1257,66,***,+0.2790***,TRUE
1919,densidade,dens_real_1919,dens_sint_1919,0.2707023702711512,0.047610457643046236,5.685775429858501,1.6206685236956534e-8,32.32804223878262,1255,68,***,+0.2707***,TRUE
1920,densidade,dens_real_1920,dens_sint_1920,0.2712258115642921,0.04751339073595769,5.708407826996673,1.4243143512737005e-8,32.58591991931688,1254,69,***,+0.2712***,TRUE
1921,densidade,dens_real_1921,dens_sint_1921,0.27087816505402723,0.04749035969858539,5.703855830388583,1.4616451247775997e-8,32.53397133385783,1255,68,***,+0.2709***,TRUE
1922,densidade,dens_real_1922,dens_sint_1922,0.27032754034832146,0.04749644258582873,5.691532368131033,1.5682912976068207e-8,32.39354069748324,1255,68,***,+0.2703***,TRUE
1923,densidade,dens_real_1923,dens_sint_1923,0.26699989017230547,0.047960994893195226,5.567021509184493,3.172445247301115e-8,30.99172848372279,1251,72,***,+0.2670***,TRUE
1924,densidade,dens_real_1924,dens_sint_1924,0.2660481760431734,0.047987764150444076,5.544083596166282,3.6061554326816485e-8,30.736862921280057,1251,72,***,+0.2660***,TRUE
1925,densidade,dens_real_1925,dens_sint_1925,0.25941249676709033,0.04604719565953745,5.633622049106479,2.1809588550734942e-8,31.73769739217868,1251,72,***,+0.2594***,TRUE
1926,densidade,dens_real_1926,dens_sint_1926,0.22565374636151492,0.043624153052399556,5.172679136955824,2.689599446805276e-7,26.756609453898047,1246,77,***,+0.2257***,TRUE
1927,densidade,dens_real_1927,dens_sint_1927,0.2241555831593692,0.04259761323497932,5.262162974316653,1.676979188004624e-7,27.690359168269087,1245,78,***,+0.2242***,TRUE
1929,densidade,dens_real_1929,dens_sint_1929,0.22544427028803765,0.04259528116634641,5.292705297744488,1.4248359911006383e-7,28.012729368772572,1245,78,***,+0.2254***,TRUE
1931,densidade,dens_real_1931,dens_sint_1931,0.2237280366016504,0.04263970239602586,5.2469417943804055,1.8182620562008686e-7,27.53039819361587,1245,78,***,+0.2237***,TRUE
1932,densidade,dens_real_1932,dens_sint_1932,0.22492314476469902,0.04261960402985273,5.277457402165269,1.5459503318719638e-7,27.85155663166899,1244,79,***,+0.2249***,TRUE
1933,densidade,dens_real_1933,dens_sint_1933,0.19790830961248085,0.03942064167934476,5.0204233412105745,5.913683740010879e-7,25.20465052497195,1241,82,***,+0.1979***,TRUE
1934,densidade,dens_real_1934,dens_sint_1934,0.19744266299377897,0.039296162469644416,5.0244769612376246,5.793239813427011e-7,25.245368734007673,1240,83,***,+0.1974***,TRUE
1936,densidade,dens_real_1936,dens_sint_1936,0.19930358281691976,0.03927672484455232,5.074343230137305,4.486106478949588e-7,25.748959217240294,1240,83,***,+0.1993***,TRUE
1937,densidade,dens_real_1937,dens_sint_1937,0.19888645817173384,0.039282423346768944,5.0629885131079275,4.7565490738069617e-7,25.633852683862823,1239,84,***,+0.1989***,TRUE
1940,densidade,dens_real_1940,dens_sint_1940,0.19910945752465445,0.03930121577330209,5.066241682526079,4.6781852247661586e-7,25.666804785764676,1238,85,***,+0.1991***,TRUE
1941,densidade,dens_real_1941,dens_sint_1941,0.19866784178383567,0.03930980508577128,5.053900454361352,4.984956665222722e-7,25.541909802593878,1237,86,***,+0.1987***,TRUE
1944,densidade,dens_real_1944,dens_sint_1944,0.19643905607602824,0.03929235894435473,4.999421295988423,6.584032565670083e-7,24.99421329478256,1237,86,***,+0.1964***,TRUE
1947,densidade,dens_real_1947,dens_sint_1947,0.19612035280520212,0.039202040868019504,5.002809763539491,6.472292466131702e-7,25.02810553016606,1236,87,***,+0.1961***,TRUE
1948,densidade,dens_real_1948,dens_sint_1948,0.18094708509289778,0.03820108636871943,4.73669998141897,2.4256534832970657e-6,22.43632671397447,1235,88,***,+0.1809***,TRUE
1949,densidade,dens_real_1949,dens_sint_1949,0.17258450180668158,0.03685218939250899,4.6831546416008365,3.140788683975056e-6,21.931937397147458,1231,92,***,+0.1726***,TRUE
1950,densidade,dens_real_1950,dens_sint_1950,0.15946109562267724,0.036327880321840846,4.389496282468397,1.2341776290571619e-5,19.26767761380388,1232,91,***,+0.1595***,TRUE
1951,densidade,dens_real_1951,dens_sint_1951,0.15433329794224188,0.036014187292710165,4.2853472351847675,1.967516079034763e-5,18.36420092610573,1234,89,***,+0.1543***,TRUE
1953,densidade,dens_real_1953,dens_sint_1953,0.1577342020803666,0.0362941049624654,4.346000603775517,1.501156242463848e-5,18.887721248017158,1235,88,***,+0.1577***,TRUE
1955,densidade,dens_real_1955,dens_sint_1955,0.15647784896631983,0.03632278679963713,4.30798027225937,1.779219868363088e-5,18.558694026175917,1235,88,***,+0.1565***,TRUE
1956,densidade,dens_real_1956,dens_sint_1956,0.15647937484189733,0.03632297641639378,4.3079997918692845,1.7790652465953035e-5,18.558862206745797,1235,88,***,+0.1565***,TRUE
1957,densidade,dens_real_1957,dens_sint_1957,0.16034956267159964,0.03626726745037163,4.421330139940183,1.0678393640906084e-5,19.54816020634348,1235,88,***,+0.1603***,TRUE
1958,densidade,dens_real_1958,dens_sint_1958,0.1618233842661614,0.0362263410029554,4.4670088059116875,8.663294323135239e-6,19.95416767209256,1236,87,***,+0.1618***,TRUE
1961,densidade,dens_real_1961,dens_sint_1961,0.16200785285127153,0.036225502305053996,4.47220445660098,8.458698889917655e-6,20.000612701641664,1236,87,***,+0.1620***,TRUE
1962,densidade,dens_real_1962,dens_sint_1962,0.1613353803328906,0.036280075091378094,4.446941742169429,9.498853359187089e-6,19.775290858248876,1236,87,***,+0.1613***,TRUE
1966,densidade,dens_real_1966,dens_sint_1966,0.1602079568453077,0.03614697202183082,4.432126617647274,1.016532418172181e-5,19.643746354857466,1235,88,***,+0.1602***,TRUE
1969,densidade,dens_real_1969,dens_sint_1969,0.15908426459983321,0.03619487997931601,4.395214590868758,1.20230077901766e-5,19.31791129978562,1236,87,***,+0.1591***,TRUE
1972,densidade,dens_real_1972,dens_sint_1972,0.16047607869239072,0.036140127973544,4.440384904277747,9.788874845151983e-6,19.717018098137693,1235,88,***,+0.1605***,TRUE
1985,densidade,dens_real_1985,dens_sint_1985,0.15860330476210038,0.036036543218723266,4.401179763537805,1.1703712884394478e-5,19.37038331097469,1234,89,***,+0.1586***,TRUE
1996,densidade,dens_real_1996,dens_sint_1996,0.15868595397762345,0.03599464293266539,4.408599198343897,1.1316752796766106e-5,19.43574689163845,1233,90,***,+0.1587***,TRUE
2003,densidade,dens_real_2003,dens_sint_2003,0.1586876261277834,0.03599452582154216,4.408659997760307,1.1313626639167144e-5,19.436282975851913,1233,90,***,+0.1587***,TRUE
1858,dummy,dummy_real_1858,dummy_sint_1858,0.9999999999999999,7.90162099232681e-17,12655631053059752,0,16016499735117029e16,1321,2,***,+1.0000***,TRUE
1860,dummy,dummy_real_1860,dummy_sint_1860,0.556600614948775,0.1646205279157873,3.3811130482676357,7.432105172735707e-4,11.431925445165664,1318,5,***,+0.5566***,TRUE
1862,dummy,dummy_real_1862,dummy_sint_1862,0.518571659988375,0.1609035469371666,3.2228727698021413,0.0013004176485472616,10.386908890332126,1317,6,***,+0.5186***,TRUE
1863,dummy,dummy_real_1863,dummy_sint_1863,0.47151018908744824,0.16460230047910876,2.8645419153621856,0.004242901887629303,8.205600384866859,1316,7,***,+0.4715***,FALSE
1873,dummy,dummy_real_1873,dummy_sint_1873,0.46925300772742673,0.16487735874201787,2.846073052769257,0.0044954349735250925,8.100131821699318,1314,9,***,+0.4693***,FALSE
1875,dummy,dummy_real_1875,dummy_sint_1875,0.4560028958975907,0.1657610029769429,2.7509660759051995,0.006024269974190438,7.567814350781251,1312,11,***,+0.4560***,FALSE
1876,dummy,dummy_real_1876,dummy_sint_1876,0.5085359781420503,0.15678373955172567,3.2435505084650407,0.0012104753196880262,10.520619900963824,1310,13,***,+0.5085***,TRUE
1880,dummy,dummy_real_1880,dummy_sint_1880,0.47828027943456886,0.16021041186363447,2.985325821655489,0.0028856862331529533,8.91217026144302,1310,13,***,+0.4783***,FALSE
1881,dummy,dummy_real_1881,dummy_sint_1881,0.5538729392959667,0.13147500526071257,4.2127622523965425,2.6974210498036265e-5,17.74736579521719,1303,20,***,+0.5539***,TRUE
1882,dummy,dummy_real_1882,dummy_sint_1882,0.4577023203944558,0.09848966071579592,4.64721187044407,3.7098382294034288e-6,21.596578168796274,1297,26,***,+0.4577***,TRUE
1883,dummy,dummy_real_1883,dummy_sint_1883,0.49182529841532635,0.066925116211413,7.348889718199001,3.544250307058281e-13,54.006180090251,1293,30,***,+0.4918***,TRUE
1884,dummy,dummy_real_1884,dummy_sint_1884,0.5010335196114079,0.06153368595659534,8.142426572086501,9.104554833024305e-16,66.29911048182034,1290,33,***,+0.5010***,TRUE
1885,dummy,dummy_real_1885,dummy_sint_1885,0.480225903924498,0.0625026436726177,7.683289469160233,3.070715802291126e-14,59.03293706690853,1288,35,***,+0.4802***,TRUE
1886,dummy,dummy_real_1886,dummy_sint_1886,0.4770868748309234,0.06253697123143914,7.628877213533457,4.605802984299727e-14,58.19976753917,1287,36,***,+0.4771***,TRUE
1887,dummy,dummy_real_1887,dummy_sint_1887,0.3198208910175293,0.052410738116132026,6.10220161961597,1.3846159639154258e-9,37.23686460644377,1287,36,***,+0.3198***,TRUE
1888,dummy,dummy_real_1888,dummy_sint_1888,0.3203766335824743,0.052532677356743024,6.098616131952224,1.415432113981434e-9,37.193118724907904,1286,37,***,+0.3204***,TRUE
1891,dummy,dummy_real_1891,dummy_sint_1891,0.31783156199005336,0.05263623941512954,6.038264996163407,2.0392759599965562e-9,36.46064416389227,1286,37,***,+0.3178***,TRUE
1892,dummy,dummy_real_1892,dummy_sint_1892,0.317956660724283,0.052636941973127675,6.0405610357571105,2.0112611735241947e-9,36.48837762670701,1286,37,***,+0.3180***,TRUE
1894,dummy,dummy_real_1894,dummy_sint_1894,0.34979755011691693,0.04878340553196547,7.170420890105983,1.2631605576467778e-12,51.41493574126827,1284,39,***,+0.3498***,TRUE
1895,dummy,dummy_real_1895,dummy_sint_1895,0.368061343878372,0.04865631495522872,7.5645133466651755,7.429332346230684e-14,57.22186217187557,1282,41,***,+0.3681***,TRUE
1896,dummy,dummy_real_1896,dummy_sint_1896,0.3725922625329968,0.04788484281618516,7.781006277148309,1.4802911801953097e-14,60.54405868502139,1281,42,***,+0.3726***,TRUE
1900,dummy,dummy_real_1900,dummy_sint_1900,0.3720168289187601,0.04791668147667753,7.763827073455237,1.6849758945562566e-14,60.2770108265165,1281,42,***,+0.3720***,TRUE
1901,dummy,dummy_real_1901,dummy_sint_1901,0.38022524442216654,0.045617602606563744,8.335055388628804,1.9880774179172124e-16,69.47314833151007,1280,43,***,+0.3802***,TRUE
1902,dummy,dummy_real_1902,dummy_sint_1902,0.38668535282620914,0.045415732302769594,8.51434807322545,4.666187026848449e-17,72.49412311203794,1279,44,***,+0.3867***,TRUE
1904,dummy,dummy_real_1904,dummy_sint_1904,0.39085357971499884,0.04421078224692657,8.840684553645737,3.1115424095758677e-18,78.15770337707032,1279,44,***,+0.3909***,TRUE
1905,dummy,dummy_real_1905,dummy_sint_1905,0.3839886415687158,0.04419708961487314,8.6880979022541,1.1186244504803126e-17,75.48304515915208,1276,47,***,+0.3840***,TRUE
1906,dummy,dummy_real_1906,dummy_sint_1906,0.38716195878971843,0.04462594874343304,8.675713787411443,1.2407679597027145e-17,75.268009721081,1275,48,***,+0.3872***,TRUE
1907,dummy,dummy_real_1907,dummy_sint_1907,0.41700937300146185,0.04321335912978904,9.650010584666566,2.6127259155841278e-21,93.12270428417675,1273,50,***,+0.4170***,TRUE
1908,dummy,dummy_real_1908,dummy_sint_1908,0.4182609734086309,0.043062073263218745,9.712978073582129,1.4724638767615946e-21,94.34194305788719,1273,50,***,+0.4183***,TRUE
1910,dummy,dummy_real_1910,dummy_sint_1910,0.4049167862070503,0.0433846689332526,9.333176814833267,4.466087723426866e-20,87.10818945694126,1272,51,***,+0.4049***,TRUE
1911,dummy,dummy_real_1911,dummy_sint_1911,0.40449242409320824,0.04367512393479844,9.261391557744986,8.427305904096087e-20,85.77337358587009,1269,54,***,+0.4045***,TRUE
1912,dummy,dummy_real_1912,dummy_sint_1912,0.44524544680709277,0.04119606000954656,10.807961894994666,4.228017470674598e-26,116.81204032365669,1269,54,***,+0.4452***,TRUE
1913,dummy,dummy_real_1913,dummy_sint_1913,0.42252173783505625,0.03770508174753941,11.205962651509953,7.608285759662846e-28,125.57359894703598,1264,59,***,+0.4225***,TRUE
1914,dummy,dummy_real_1914,dummy_sint_1914,0.4132586157905762,0.03818698692730711,10.821974946000763,3.7124206809066585e-26,117.11514173186822,1264,59,***,+0.4133***,TRUE
1915,dummy,dummy_real_1915,dummy_sint_1915,0.4288916931004262,0.03805877884127115,11.269192185308206,3.9876660501654794e-28,126.99469250941155,1262,61,***,+0.4289***,TRUE
1916,dummy,dummy_real_1916,dummy_sint_1916,0.4147231537444738,0.03762263100372156,11.023236352169262,4.946776444951916e-27,121.51173967578589,1260,63,***,+0.4147***,TRUE
1917,dummy,dummy_real_1917,dummy_sint_1917,0.4140931899669167,0.03775096788278288,10.969074786444683,8.606185932928181e-27,120.32060167061645,1257,66,***,+0.4141***,TRUE
1918,dummy,dummy_real_1918,dummy_sint_1918,0.42099359651342416,0.0377605957692168,11.149018916079354,1.384763084459337e-27,124.30062279109526,1257,66,***,+0.4210***,TRUE
1919,dummy,dummy_real_1919,dummy_sint_1919,0.3901738058210784,0.03509034871355786,11.119120217529412,1.8873006881732743e-27,123.63483441187131,1255,68,***,+0.3902***,TRUE
1920,dummy,dummy_real_1920,dummy_sint_1920,0.3866556433573221,0.03527361525388885,10.961610840689035,9.337236589635731e-27,120.15691222271137,1254,69,***,+0.3867***,TRUE
1921,dummy,dummy_real_1921,dummy_sint_1921,0.3932051629664417,0.03559336255253169,11.047148534677394,3.92374809566585e-27,122.03949074722489,1255,68,***,+0.3932***,TRUE
1922,dummy,dummy_real_1922,dummy_sint_1922,0.3918935360130557,0.03560278646206295,11.007383830213497,5.8695778167370334e-27,121.16249878564555,1255,68,***,+0.3919***,TRUE
1923,dummy,dummy_real_1923,dummy_sint_1923,0.38494400837353365,0.03568716963756727,10.786621978794019,5.417198847033114e-26,116.35121371340219,1251,72,***,+0.3849***,TRUE
1924,dummy,dummy_real_1924,dummy_sint_1924,0.3849842288132639,0.035683478573006334,10.788864881141238,5.297681393989338e-26,116.39960542352274,1251,72,***,+0.3850***,TRUE
1925,dummy,dummy_real_1925,dummy_sint_1925,0.3583852197882816,0.034214907540373735,10.47453421773493,1.1638690013390108e-24,109.71586707849991,1251,72,***,+0.3584***,TRUE
1926,dummy,dummy_real_1926,dummy_sint_1926,0.2920452870294074,0.032498201810540986,8.986506045226195,9.315983110743152e-19,80.75729090088694,1246,77,***,+0.2920***,TRUE
1927,dummy,dummy_real_1927,dummy_sint_1927,0.29607587015066983,0.03214820097326158,9.209718154895297,1.359307808566774e-19,84.81890849260803,1245,78,***,+0.2961***,TRUE
1929,dummy,dummy_real_1929,dummy_sint_1929,0.3075103626936918,0.03236948303794218,9.500008459611195,1.046261864829781e-20,90.25016073268426,1245,78,***,+0.3075***,TRUE
1931,dummy,dummy_real_1931,dummy_sint_1931,0.3057779898305218,0.03241435587047438,9.433412499461362,1.8954516333693874e-20,88.98927138499386,1245,78,***,+0.3058***,TRUE
1932,dummy,dummy_real_1932,dummy_sint_1932,0.30787710844578947,0.032487842206709736,9.476686893726768,1.2904000911453365e-20,89.8075944817327,1244,79,***,+0.3079***,TRUE
1933,dummy,dummy_real_1933,dummy_sint_1933,0.27361870941642574,0.03087711129491067,8.861538464627195,2.703388475287446e-18,78.5268639600673,1241,82,***,+0.2736***,TRUE
1934,dummy,dummy_real_1934,dummy_sint_1934,0.270947791840649,0.030921406557346643,8.762466588903417,6.215135338194467e-18,76.78082072164868,1240,83,***,+0.2709***,TRUE
1936,dummy,dummy_real_1936,dummy_sint_1936,0.2794226111453696,0.031091892072747956,8.986992830529072,9.333662000075027e-19,80.76604013598094,1240,83,***,+0.2794***,TRUE
1937,dummy,dummy_real_1937,dummy_sint_1937,0.2749639552633465,0.031056674952891113,8.853618607929876,2.8955964809689306e-18,78.38656245468216,1239,84,***,+0.2750***,TRUE
1940,dummy,dummy_real_1940,dummy_sint_1940,0.27785367172590963,0.03113039012814305,8.925479911500352,1.5785832692184535e-18,79.66419165059632,1238,85,***,+0.2779***,TRUE
1941,dummy,dummy_real_1941,dummy_sint_1941,0.2802225294204512,0.03119242210208839,8.983673294216219,9.631122891372196e-19,80.70638585721369,1237,86,***,+0.2802***,TRUE
1944,dummy,dummy_real_1944,dummy_sint_1944,0.27688532731666543,0.031229248582889176,8.866218044976392,2.6087906539475268e-18,78.609822421065,1237,86,***,+0.2769***,TRUE
1947,dummy,dummy_real_1947,dummy_sint_1947,0.28537134396777414,0.031189619082791845,9.149561692634496,2.31564075410922e-19,83.71447916732463,1236,87,***,+0.2854***,TRUE
1948,dummy,dummy_real_1948,dummy_sint_1948,0.2573243312376051,0.030535921920589702,8.426938341890931,9.822649901919123e-17,71.01328981803148,1235,88,***,+0.2573***,TRUE
1949,dummy,dummy_real_1949,dummy_sint_1949,0.2379501192397385,0.028501156130374565,8.348788314104482,1.8472605433144257e-16,69.70226631372756,1231,92,***,+0.2380***,TRUE
1950,dummy,dummy_real_1950,dummy_sint_1950,0.22108360795608856,0.02842173755529095,7.7786802276249976,1.549222224241152e-14,60.50786608364408,1232,91,***,+0.2211***,TRUE
1951,dummy,dummy_real_1951,dummy_sint_1951,0.2188728116246287,0.02847936764829724,7.6853114973469205,3.1144186722267474e-14,59.064012811252766,1234,89,***,+0.2189***,TRUE
1953,dummy,dummy_real_1953,dummy_sint_1953,0.21774028824739156,0.02847586659440759,7.646485051666657,4.1544412909613806e-14,58.46873364536164,1235,88,***,+0.2177***,TRUE
1955,dummy,dummy_real_1955,dummy_sint_1955,0.21864194270847354,0.028473522876837586,7.678780867903516,3.267834980133242e-14,58.96367561728107,1235,88,***,+0.2186***,TRUE
1956,dummy,dummy_real_1956,dummy_sint_1956,0.21864194270847354,0.028473522876837586,7.678780867903516,3.267834980133242e-14,58.96367561728107,1235,88,***,+0.2186***,TRUE
1957,dummy,dummy_real_1957,dummy_sint_1957,0.22207403505043427,0.028429226059897728,7.811469597608637,1.207525398446101e-14,61.019057274364044,1235,88,***,+0.2221***,TRUE
1958,dummy,dummy_real_1958,dummy_sint_1958,0.22124243523550036,0.028817427624803292,7.67738321810084,3.300169253739587e-14,58.94221307757642,1236,87,***,+0.2212***,TRUE
1961,dummy,dummy_real_1961,dummy_sint_1961,0.22381180510187942,0.028821207330919,7.7655249668107125,1.7064193895237818e-14,60.303378010160515,1236,87,***,+0.2238***,TRUE
1962,dummy,dummy_real_1962,dummy_sint_1962,0.21821552023746033,0.02891631716424358,7.546449259011944,8.684725030313898e-14,56.948896418841926,1236,87,***,+0.2182***,TRUE
1966,dummy,dummy_real_1966,dummy_sint_1966,0.21358935335383733,0.028618262115449686,7.463393566394454,1.5930849118749778e-13,55.70224352689813,1235,88,***,+0.2136***,TRUE
1969,dummy,dummy_real_1969,dummy_sint_1969,0.21297269793621004,0.028790796543220257,7.397249243052342,2.5694773715976875e-13,54.71929636383845,1236,87,***,+0.2130***,TRUE
1972,dummy,dummy_real_1972,dummy_sint_1972,0.2194228009150962,0.028862650909591253,7.602309351362474,5.760887842561393e-14,57.795107473813324,1235,88,***,+0.2194***,TRUE
1985,dummy,dummy_real_1985,dummy_sint_1985,0.23139273638923294,0.02881960583826175,8.029004202480424,2.2875002729006555e-15,64.46490848344831,1234,89,***,+0.2314***,TRUE
1996,dummy,dummy_real_1996,dummy_sint_1996,0.23390423690558373,0.02875670323174455,8.133903077157212,1.0114468174321318e-15,66.16037926858756,1233,90,***,+0.2339***,TRUE
2003,dummy,dummy_real_2003,dummy_sint_2003,0.23595246563032826,0.0287574723228497,8.204909770280768,5.788532564997335e-16,67.3205443384488,1233,90,***,+0.2360***,TRUE
1858,spillover,vizinhos_dens_real_1858,vizinhos_dens_sint_1858,0.7511763025930819,0.027274426047052415,27.541415584591654,3.763116724798845e-132,758.529572403188,1321,2,***,+0.7512***,TRUE
1860,spillover,vizinhos_dens_real_1860,vizinhos_dens_sint_1860,0.6764341043139837,0.0377154211238287,17.935212816346116,1.7282264882994487e-64,321.67185876762596,1318,5,***,+0.6764***,TRUE
1862,spillover,vizinhos_dens_real_1862,vizinhos_dens_sint_1862,0.7164466056689591,0.06410223078000653,11.17662516500781,9.180488581375553e-28,124.91695007908585,1317,6,***,+0.7164***,TRUE
1863,spillover,vizinhos_dens_real_1863,vizinhos_dens_sint_1863,0.8440759690637607,0.08535393471014437,9.889127805650437,2.748549928375507e-22,97.79484875648863,1316,7,***,+0.8441***,TRUE
1873,spillover,vizinhos_dens_real_1873,vizinhos_dens_sint_1873,0.8408877744842409,0.08546209929571537,9.839306328933096,4.373758256806499e-22,96.81194903458288,1314,9,***,+0.8409***,TRUE
1875,spillover,vizinhos_dens_real_1875,vizinhos_dens_sint_1875,0.8296513281565933,0.08526548884186429,9.730212532942693,1.1973952516732378e-21,94.67703593623504,1312,11,***,+0.8297***,TRUE
1876,spillover,vizinhos_dens_real_1876,vizinhos_dens_sint_1876,0.8346637986813726,0.0717508780065172,11.632802578465443,7.935431767593092e-30,135.32209582955224,1310,13,***,+0.8347***,TRUE
1880,spillover,vizinhos_dens_real_1880,vizinhos_dens_sint_1880,0.8103676941136343,0.07315758947203264,11.077014701576918,2.5831276528992742e-27,122.70025469895117,1310,13,***,+0.8104***,TRUE
1881,spillover,vizinhos_dens_real_1881,vizinhos_dens_sint_1881,1.0342855110895925,0.08802758587312824,11.749561240726061,2.3273636226587733e-30,138.05218934957213,1303,20,***,+1.0343***,TRUE
1882,spillover,vizinhos_dens_real_1882,vizinhos_dens_sint_1882,0.7376726936578446,0.07397777003972505,9.971545415085158,1.307729101514568e-22,99.43171796510583,1297,26,***,+0.7377***,TRUE
1883,spillover,vizinhos_dens_real_1883,vizinhos_dens_sint_1883,0.6319385156387745,0.06427400212431139,9.83194596186109,4.81074795046981e-22,96.66716139695659,1293,30,***,+0.6319***,TRUE
1884,spillover,vizinhos_dens_real_1884,vizinhos_dens_sint_1884,0.6488525579424768,0.05732818321909963,11.31821246563249,2.2545303727440254e-28,128.1019334171987,1290,33,***,+0.6489***,TRUE
1885,spillover,vizinhos_dens_real_1885,vizinhos_dens_sint_1885,0.6400630657903714,0.0602522388565358,10.623058627155748,2.5508325401722446e-25,112.84937459598817,1288,35,***,+0.6401***,TRUE
1886,spillover,vizinhos_dens_real_1886,vizinhos_dens_sint_1886,0.664451614607644,0.06404713159522998,10.374416434554739,2.8867701498109285e-24,107.62851635755946,1287,36,***,+0.6645***,TRUE
1887,spillover,vizinhos_dens_real_1887,vizinhos_dens_sint_1887,0.5118985941229606,0.048037643320874165,10.656197072443005,1.8431773569370843e-25,113.55453604674287,1287,36,***,+0.5119***,TRUE
1888,spillover,vizinhos_dens_real_1888,vizinhos_dens_sint_1888,0.5050451168064465,0.048161116240669204,10.486574154192171,9.743599573545129e-25,109.96823749137126,1286,37,***,+0.5050***,TRUE
1891,spillover,vizinhos_dens_real_1891,vizinhos_dens_sint_1891,0.5015025534526643,0.04835297699454914,10.37169962687507,2.9683002859181178e-24,107.57215315012047,1286,37,***,+0.5015***,TRUE
1892,spillover,vizinhos_dens_real_1892,vizinhos_dens_sint_1892,0.5024923973819742,0.0483705356349186,10.38839844930776,2.5261257952866406e-24,107.91882234157985,1286,37,***,+0.5025***,TRUE
1894,spillover,vizinhos_dens_real_1894,vizinhos_dens_sint_1894,0.5330635993278614,0.04453034155702503,11.970795208144237,2.261909049234496e-31,143.29993791532902,1284,39,***,+0.5331***,TRUE
1895,spillover,vizinhos_dens_real_1895,vizinhos_dens_sint_1895,0.5453372230168005,0.0435754191565536,12.514790071383251,5.652811465343621e-34,156.61997053079278,1282,41,***,+0.5453***,TRUE
1896,spillover,vizinhos_dens_real_1896,vizinhos_dens_sint_1896,0.5451173622978939,0.04314893710180971,12.633390273593346,1.4929421449461994e-34,159.60254980492294,1281,42,***,+0.5451***,TRUE
1900,spillover,vizinhos_dens_real_1900,vizinhos_dens_sint_1900,0.5449242271327898,0.043166540399677995,12.623764195308427,1.6643541046504414e-34,159.359422458751,1281,42,***,+0.5449***,TRUE
1901,spillover,vizinhos_dens_real_1901,vizinhos_dens_sint_1901,0.5290627749627272,0.041965479305014375,12.607094777051921,2.015528903023091e-34,158.93883871756984,1280,43,***,+0.5291***,TRUE
1902,spillover,vizinhos_dens_real_1902,vizinhos_dens_sint_1902,0.5438146749057707,0.04113860269655022,13.21908473452779,1.7959862964232044e-37,174.74420121862565,1279,44,***,+0.5438***,TRUE
1904,spillover,vizinhos_dens_real_1904,vizinhos_dens_sint_1904,0.491550957665569,0.045354300298512236,10.838023173773744,3.071246098854773e-26,117.4627463152567,1279,44,***,+0.4916***,TRUE
1905,spillover,vizinhos_dens_real_1905,vizinhos_dens_sint_1905,0.49303263885018844,0.04467230179021125,11.036651775087702,4.175117775252813e-27,121.80768240454651,1276,47,***,+0.4930***,TRUE
1906,spillover,vizinhos_dens_real_1906,vizinhos_dens_sint_1906,0.5026917493291004,0.0448640340445576,11.204782628995027,7.515240680912009e-28,125.5471537630287,1275,48,***,+0.5027***,TRUE
1907,spillover,vizinhos_dens_real_1907,vizinhos_dens_sint_1907,0.5160274609264545,0.043586874371261235,11.839056329918769,9.650659021564005e-31,140.16325478298967,1273,50,***,+0.5160***,TRUE
1908,spillover,vizinhos_dens_real_1908,vizinhos_dens_sint_1908,0.5158382668200014,0.04360443100472897,11.829950647998547,1.0641061496710446e-30,139.94773233408125,1273,50,***,+0.5158***,TRUE
1910,spillover,vizinhos_dens_real_1910,vizinhos_dens_sint_1910,0.5066384077955792,0.044246799685916424,11.450283667788977,5.943865926993903e-29,131.10899607283497,1272,51,***,+0.5066***,TRUE
1911,spillover,vizinhos_dens_real_1911,vizinhos_dens_sint_1911,0.501126106945761,0.04472055926001238,11.205720930995849,7.542598995270581e-28,125.56818158335847,1269,54,***,+0.5011***,TRUE
1912,spillover,vizinhos_dens_real_1912,vizinhos_dens_sint_1912,0.5057560015403314,0.043550597035301244,11.61306700641499,1.0822561497313974e-29,134.86332529548443,1269,54,***,+0.5058***,TRUE
1913,spillover,vizinhos_dens_real_1913,vizinhos_dens_sint_1913,0.5002438349963404,0.04056397397107569,12.33221960336138,4.581805867318737e-33,152.08364034553074,1264,59,***,+0.5002***,TRUE
1914,spillover,vizinhos_dens_real_1914,vizinhos_dens_sint_1914,0.495719717437036,0.040752509567914756,12.16415191832323,2.9162822177140024e-32,147.9665918920467,1264,59,***,+0.4957***,TRUE
1915,spillover,vizinhos_dens_real_1915,vizinhos_dens_sint_1915,0.5046198532646522,0.04124197158380308,12.235589955714705,1.3394109448880335e-32,149.70966156438658,1262,61,***,+0.5046***,TRUE
1916,spillover,vizinhos_dens_real_1916,vizinhos_dens_sint_1916,0.4782752674282778,0.03921601594518269,12.195916793200645,2.084040422381678e-32,148.7403864266735,1260,63,***,+0.4783***,TRUE
1917,spillover,vizinhos_dens_real_1917,vizinhos_dens_sint_1917,0.47672843597791265,0.039210908137975516,12.15805648521066,3.184773432130779e-32,147.81833749757297,1257,66,***,+0.4767***,TRUE
1918,spillover,vizinhos_dens_real_1918,vizinhos_dens_sint_1918,0.4782832196092902,0.039224876262531606,12.19336464972245,2.163160392022374e-32,148.6781414811011,1257,66,***,+0.4783***,TRUE
1919,spillover,vizinhos_dens_real_1919,vizinhos_dens_sint_1919,0.46546211549008565,0.038047310649543635,12.233771784226455,1.396692832419943e-32,149.66517206853536,1255,68,***,+0.4655***,TRUE
1920,spillover,vizinhos_dens_real_1920,vizinhos_dens_sint_1920,0.4666848808001724,0.037985873473400565,12.285748309222543,7.905267747637577e-33,150.93961151756457,1254,69,***,+0.4667***,TRUE
1921,spillover,vizinhos_dens_real_1921,vizinhos_dens_sint_1921,0.46643495839864846,0.03796836779287799,12.284830386786897,7.960249786827189e-33,150.9170576321227,1255,68,***,+0.4664***,TRUE
1922,spillover,vizinhos_dens_real_1922,vizinhos_dens_sint_1922,0.46360960165556814,0.03798632877147882,12.204643529638984,1.9233000777212743e-32,148.95332368555873,1255,68,***,+0.4636***,TRUE
1923,spillover,vizinhos_dens_real_1923,vizinhos_dens_sint_1923,0.4601888994607771,0.03805044034259424,12.094180653821098,6.514574561264544e-32,146.26920568726052,1251,72,***,+0.4602***,TRUE
1924,spillover,vizinhos_dens_real_1924,vizinhos_dens_sint_1924,0.4585949814128907,0.03804791103868178,12.053092243268116,1.0186054743336378e-31,145.27703262473003,1251,72,***,+0.4586***,TRUE
1925,spillover,vizinhos_dens_real_1925,vizinhos_dens_sint_1925,0.44801529776923,0.037291619551961336,12.013833219149284,1.5595642073878698e-31,144.33218861753483,1251,72,***,+0.4480***,TRUE
1926,spillover,vizinhos_dens_real_1926,vizinhos_dens_sint_1926,0.3980686645748459,0.03620171413524657,10.995851276204624,6.722967609425558e-27,120.90874528841086,1246,77,***,+0.3981***,TRUE
1927,spillover,vizinhos_dens_real_1927,vizinhos_dens_sint_1927,0.39916246110717296,0.03583085842679032,11.140186940336427,1.5566919863586456e-27,124.10376506564229,1245,78,***,+0.3992***,TRUE
1929,spillover,vizinhos_dens_real_1929,vizinhos_dens_sint_1929,0.40222639271141114,0.03581880891776215,11.229474258479643,6.241044719506225e-28,126.10109212185692,1245,78,***,+0.4022***,TRUE
1931,spillover,vizinhos_dens_real_1931,vizinhos_dens_sint_1931,0.3949191242246582,0.03598371556720898,10.9749401361025,8.320003254814595e-27,120.44931099103356,1245,78,***,+0.3949***,TRUE
1932,spillover,vizinhos_dens_real_1932,vizinhos_dens_sint_1932,0.39573183378107846,0.035981089160114756,10.998328372442641,6.585112221772252e-27,120.9632269880768,1244,79,***,+0.3957***,TRUE
1933,spillover,vizinhos_dens_real_1933,vizinhos_dens_sint_1933,0.38984988810300153,0.03340913274431429,11.668961630539417,6.447859458789296e-30,136.16466553500115,1241,82,***,+0.3898***,TRUE
1934,spillover,vizinhos_dens_real_1934,vizinhos_dens_sint_1934,0.386975861450041,0.03290807490378327,11.759298062298756,2.4782001353938593e-30,138.28109091798328,1240,83,***,+0.3870***,TRUE
1936,spillover,vizinhos_dens_real_1936,vizinhos_dens_sint_1936,0.3898151270205541,0.032932771778067374,11.83669354184648,1.0847814867368358e-30,140.10731400359015,1240,83,***,+0.3898***,TRUE
1937,spillover,vizinhos_dens_real_1937,vizinhos_dens_sint_1937,0.3891482821202522,0.032943169611297,11.812715252111138,1.4058084062189797e-30,139.5402416274591,1239,84,***,+0.3891***,TRUE
1940,spillover,vizinhos_dens_real_1940,vizinhos_dens_sint_1940,0.397686881871989,0.03284985666282898,12.10619839087422,5.947658138868887e-32,146.56003947920553,1238,85,***,+0.3977***,TRUE
1941,spillover,vizinhos_dens_real_1941,vizinhos_dens_sint_1941,0.40149262124007984,0.033004725651619736,12.164701063660447,3.151655618501162e-32,147.9799519682216,1237,86,***,+0.4015***,TRUE
1944,spillover,vizinhos_dens_real_1944,vizinhos_dens_sint_1944,0.3964931341373818,0.03304592499827665,11.998245900456983,1.9248551888981937e-31,143.95790468783278,1237,86,***,+0.3965***,TRUE
1947,spillover,vizinhos_dens_real_1947,vizinhos_dens_sint_1947,0.3990098887944435,0.03290158041123073,12.127377585127922,4.7515485819105826e-32,147.07328709226314,1236,87,***,+0.3990***,TRUE
1948,spillover,vizinhos_dens_real_1948,vizinhos_dens_sint_1948,0.35867536366248687,0.031715362561812566,11.309199538975355,2.8126450902970985e-28,127.89799421236037,1235,88,***,+0.3587***,TRUE
1949,spillover,vizinhos_dens_real_1949,vizinhos_dens_sint_1949,0.34179790212326183,0.030662880525136913,11.146959981240565,1.4999095713098847e-27,124.25471682337866,1231,92,***,+0.3418***,TRUE
1950,spillover,vizinhos_dens_real_1950,vizinhos_dens_sint_1950,0.3227703946208829,0.03049265157859346,10.585186197696075,4.099219613603175e-25,112.04616683989549,1232,91,***,+0.3228***,TRUE
1951,spillover,vizinhos_dens_real_1951,vizinhos_dens_sint_1951,0.3130118412752381,0.029896792938634727,10.469746434599756,1.2570181312469922e-24,109.6155904048143,1234,89,***,+0.3130***,TRUE
1953,spillover,vizinhos_dens_real_1953,vizinhos_dens_sint_1953,0.31769051962186284,0.030104319490606928,10.552987909957169,5.583065132306065e-25,111.36555382770219,1235,88,***,+0.3177***,TRUE
1955,spillover,vizinhos_dens_real_1955,vizinhos_dens_sint_1955,0.31595985766005497,0.030119942774178555,10.490055045221512,1.0302968921738146e-24,110.0412548517773,1235,88,***,+0.3160***,TRUE
1956,spillover,vizinhos_dens_real_1956,vizinhos_dens_sint_1956,0.31599599121578553,0.03011375618248509,10.493410031644496,9.972632831163146e-25,110.11165409221734,1235,88,***,+0.3160***,TRUE
1957,spillover,vizinhos_dens_real_1957,vizinhos_dens_sint_1957,0.3124432999281177,0.03040814433498517,10.274987400945921,8.174209355654907e-24,105.57536608959742,1235,88,***,+0.3124***,TRUE
1958,spillover,vizinhos_dens_real_1958,vizinhos_dens_sint_1958,0.3024615500133476,0.029797929696414538,10.150421626430697,2.6650199011129923e-23,103.03105919431201,1236,87,***,+0.3025***,TRUE
1961,spillover,vizinhos_dens_real_1961,vizinhos_dens_sint_1961,0.3030500424217252,0.029797429619572567,10.17034174728499,2.2072564838300193e-23,103.4358512565679,1236,87,***,+0.3031***,TRUE
1962,spillover,vizinhos_dens_real_1962,vizinhos_dens_sint_1962,0.30719725333938824,0.030017481739675812,10.23394487264227,1.2067968308428857e-23,104.73362765628102,1236,87,***,+0.3072***,TRUE
1966,spillover,vizinhos_dens_real_1966,vizinhos_dens_sint_1966,0.30621883539674216,0.030013605611612586,10.202667395558194,1.6272958219615197e-23,104.09442198438623,1235,88,***,+0.3062***,TRUE
1969,spillover,vizinhos_dens_real_1969,vizinhos_dens_sint_1969,0.3051317067210068,0.030094731599470393,10.139040639471146,2.9675841135658674e-23,102.80014508884746,1236,87,***,+0.3051***,TRUE
1972,spillover,vizinhos_dens_real_1972,vizinhos_dens_sint_1972,0.30711509311147867,0.03003493561603469,10.225262242530652,1.3128976277645841e-23,104.55598792852298,1235,88,***,+0.3071***,TRUE
1985,spillover,vizinhos_dens_real_1985,vizinhos_dens_sint_1985,0.3057399384432875,0.030137162530934732,10.144947724572818,2.8155905738579593e-23,102.9199643343152,1234,89,***,+0.3057***,TRUE
1996,spillover,vizinhos_dens_real_1996,vizinhos_dens_sint_1996,0.30596839840702694,0.030103769208750304,10.163790330882907,2.359955961301377e-23,103.30263389014888,1233,90,***,+0.3060***,TRUE
2003,spillover,vizinhos_dens_real_2003,vizinhos_dens_sint_2003,0.3059944193172863,0.030101178758766313,10.165529455492573,2.3214378963440887e-23,103.33798911048713,1233,90,***,+0.3060***,TRUE
