Outcome,Modelo,Coef,DP,P,F_Stat,N
PIB Total (2000),M1,1.0770348294618937,0.19908364341260026,6.303832922327501e-8,155.01299472130762,1147
PIB Total (2000),M1,1.0770348294618937,0.19908364341260026,6.303832922327501e-8,1.889132762411624e-33,1147
PIB Total (2000),M1,1.0770348294618937,0.19908364341260026,6.303832922327501e-8,1,1147
PIB Total (2000),M1,1.0770348294618937,0.19908364341260026,6.303832922327501e-8,1137,1147
PIB Total (2000),M2,1.4263811145146408,0.33463833914987084,2.021925410233827e-5,59.79712440336832,1147
PIB Total (2000),M2,1.4263811145146408,0.33463833914987084,2.021925410233827e-5,2.3072951954810944e-14,1147
PIB Total (2000),M2,1.4263811145146408,0.33463833914987084,2.021925410233827e-5,1,1147
PIB Total (2000),M2,1.4263811145146408,0.33463833914987084,2.021925410233827e-5,1136,1147
PIB Total (2000),M3,1.33872504036587,0.36242107751588276,2.2089385795709404e-4,51.19071243877514,1147
PIB Total (2000),M3,1.33872504036587,0.36242107751588276,2.2089385795709404e-4,1.501867660726048e-12,1147
PIB Total (2000),M3,1.33872504036587,0.36242107751588276,2.2089385795709404e-4,1,1147
PIB Total (2000),M3,1.33872504036587,0.36242107751588276,2.2089385795709404e-4,1133,1147
PIB Total (2000),M4,1.2970434098086034,0.36448004535792156,3.728184576465843e-4,50.21578243295201,1146
PIB Total (2000),M4,1.2970434098086034,0.36448004535792156,3.728184576465843e-4,2.4195958924039067e-12,1146
PIB Total (2000),M4,1.2970434098086034,0.36448004535792156,3.728184576465843e-4,1,1146
PIB Total (2000),M4,1.2970434098086034,0.36448004535792156,3.728184576465843e-4,1130,1146
PIB Total (2010),M1,1.1598668889718475,0.2050284449814343,1.5395000385609592e-8,155.01299472130762,1147
PIB Total (2010),M1,1.1598668889718475,0.2050284449814343,1.5395000385609592e-8,1.889132762411624e-33,1147
PIB Total (2010),M1,1.1598668889718475,0.2050284449814343,1.5395000385609592e-8,1,1147
PIB Total (2010),M1,1.1598668889718475,0.2050284449814343,1.5395000385609592e-8,1137,1147
PIB Total (2010),M2,1.4597079469779417,0.34059416348018795,1.8210804609841702e-5,59.79712440336832,1147
PIB Total (2010),M2,1.4597079469779417,0.34059416348018795,1.8210804609841702e-5,2.3072951954810944e-14,1147
PIB Total (2010),M2,1.4597079469779417,0.34059416348018795,1.8210804609841702e-5,1,1147
PIB Total (2010),M2,1.4597079469779417,0.34059416348018795,1.8210804609841702e-5,1136,1147
PIB Total (2010),M3,1.3426392560733142,0.36664589245347023,2.503018394368617e-4,51.19071243877514,1147
PIB Total (2010),M3,1.3426392560733142,0.36664589245347023,2.503018394368617e-4,1.501867660726048e-12,1147
PIB Total (2010),M3,1.3426392560733142,0.36664589245347023,2.503018394368617e-4,1,1147
PIB Total (2010),M3,1.3426392560733142,0.36664589245347023,2.503018394368617e-4,1133,1147
PIB Total (2010),M4,1.2918423052933319,0.36827220598147514,4.517499206133646e-4,50.21578243295201,1146
PIB Total (2010),M4,1.2918423052933319,0.36827220598147514,4.517499206133646e-4,2.4195958924039067e-12,1146
PIB Total (2010),M4,1.2918423052933319,0.36827220598147514,4.517499206133646e-4,1,1146
PIB Total (2010),M4,1.2918423052933319,0.36827220598147514,4.517499206133646e-4,1130,1146
PIB p.c. (2000),M1,0.4112364955142516,0.07028026921750283,4.8751371828359424e-9,152.9319798612134,1144
PIB p.c. (2000),M1,0.4112364955142516,0.07028026921750283,4.8751371828359424e-9,4.8068108922999e-33,1144
PIB p.c. (2000),M1,0.4112364955142516,0.07028026921750283,4.8751371828359424e-9,1,1144
PIB p.c. (2000),M1,0.4112364955142516,0.07028026921750283,4.8751371828359424e-9,1134,1144
PIB p.c. (2000),M2,0.6153021604641642,0.1166338241525206,1.3239200447046073e-7,58.98027326797992,1144
PIB p.c. (2000),M2,0.6153021604641642,0.1166338241525206,1.3239200447046073e-7,3.429763088248586e-14,1144
PIB p.c. (2000),M2,0.6153021604641642,0.1166338241525206,1.3239200447046073e-7,1,1144
PIB p.c. (2000),M2,0.6153021604641642,0.1166338241525206,1.3239200447046073e-7,1133,1144
PIB p.c. (2000),M3,0.6201267537991718,0.12774668534680186,1.2078400859483196e-6,50.7389283403097,1144
PIB p.c. (2000),M3,0.6201267537991718,0.12774668534680186,1.2078400859483196e-6,1.8746823950939676e-12,1144
PIB p.c. (2000),M3,0.6201267537991718,0.12774668534680186,1.2078400859483196e-6,1,1144
PIB p.c. (2000),M3,0.6201267537991718,0.12774668534680186,1.2078400859483196e-6,1130,1144
PIB p.c. (2000),M4,0.6163705694564777,0.13019451186835593,2.198898863881027e-6,49.6961926147695,1143
PIB p.c. (2000),M4,0.6163705694564777,0.13019451186835593,2.198898863881027e-6,3.1224432711057137e-12,1143
PIB p.c. (2000),M4,0.6163705694564777,0.13019451186835593,2.198898863881027e-6,1,1143
PIB p.c. (2000),M4,0.6163705694564777,0.13019451186835593,2.198898863881027e-6,1127,1143
PIB p.c. (2010),M1,0.38731741249626483,0.06822252783979266,1.3686485722530506e-8,155.01299472130762,1147
PIB p.c. (2010),M1,0.38731741249626483,0.06822252783979266,1.3686485722530506e-8,1.889132762411624e-33,1147
PIB p.c. (2010),M1,0.38731741249626483,0.06822252783979266,1.3686485722530506e-8,1,1147
PIB p.c. (2010),M1,0.38731741249626483,0.06822252783979266,1.3686485722530506e-8,1137,1147
PIB p.c. (2010),M2,0.5924857119006645,0.11191473132595736,1.1961606283250603e-7,59.79712440336832,1147
PIB p.c. (2010),M2,0.5924857119006645,0.11191473132595736,1.1961606283250603e-7,2.3072951954810944e-14,1147
PIB p.c. (2010),M2,0.5924857119006645,0.11191473132595736,1.1961606283250603e-7,1,1147
PIB p.c. (2010),M2,0.5924857119006645,0.11191473132595736,1.1961606283250603e-7,1136,1147
PIB p.c. (2010),M3,0.568356064748634,0.12039835192053373,2.3511535318654353e-6,51.19071243877514,1147
PIB p.c. (2010),M3,0.568356064748634,0.12039835192053373,2.3511535318654353e-6,1.501867660726048e-12,1147
PIB p.c. (2010),M3,0.568356064748634,0.12039835192053373,2.3511535318654353e-6,1,1147
PIB p.c. (2010),M3,0.568356064748634,0.12039835192053373,2.3511535318654353e-6,1133,1147
PIB p.c. (2010),M4,0.5628798625429577,0.12209008249280122,4.019622934281486e-6,50.21578243295201,1146
PIB p.c. (2010),M4,0.5628798625429577,0.12209008249280122,4.019622934281486e-6,2.4195958924039067e-12,1146
PIB p.c. (2010),M4,0.5628798625429577,0.12209008249280122,4.019622934281486e-6,1,1146
PIB p.c. (2010),M4,0.5628798625429577,0.12209008249280122,4.019622934281486e-6,1130,1146
Pop. Total (1991),M1,0.5674316181960448,0.15242484134972026,1.9710540214212813e-4,152.6497574979669,1143
Pop. Total (1991),M1,0.5674316181960448,0.15242484134972026,1.9710540214212813e-4,5.468869388484837e-33,1143
Pop. Total (1991),M1,0.5674316181960448,0.15242484134972026,1.9710540214212813e-4,1,1143
Pop. Total (1991),M1,0.5674316181960448,0.15242484134972026,1.9710540214212813e-4,1133,1143
Pop. Total (1991),M2,0.6878360547373252,0.2509721279348698,0.006131087765012255,58.89116022848501,1143
Pop. Total (1991),M2,0.6878360547373252,0.2509721279348698,0.006131087765012255,3.5829731909979713e-14,1143
Pop. Total (1991),M2,0.6878360547373252,0.2509721279348698,0.006131087765012255,1,1143
Pop. Total (1991),M2,0.6878360547373252,0.2509721279348698,0.006131087765012255,1132,1143
Pop. Total (1991),M3,0.6054255198243685,0.2729951043869649,0.02657422538439591,50.697312396590085,1143
Pop. Total (1991),M3,0.6054255198243685,0.2729951043869649,0.02657422538439591,1.9140570833448868e-12,1143
Pop. Total (1991),M3,0.6054255198243685,0.2729951043869649,0.02657422538439591,1,1143
Pop. Total (1991),M3,0.6054255198243685,0.2729951043869649,0.02657422538439591,1129,1143
Pop. Total (1991),M4,0.5718265575313866,0.27415066585722114,0.03699571916863231,49.650112722711356,1142
Pop. Total (1991),M4,0.5718265575313866,0.27415066585722114,0.03699571916863231,3.1950009297868915e-12,1142
Pop. Total (1991),M4,0.5718265575313866,0.27415066585722114,0.03699571916863231,1,1142
Pop. Total (1991),M4,0.5718265575313866,0.27415066585722114,0.03699571916863231,1126,1142
Pop. Total (2000),M1,0.6373741429795304,0.15851885680949201,5.799846647502882e-5,152.9319798612134,1144
Pop. Total (2000),M1,0.6373741429795304,0.15851885680949201,5.799846647502882e-5,4.8068108922999e-33,1144
Pop. Total (2000),M1,0.6373741429795304,0.15851885680949201,5.799846647502882e-5,1,1144
Pop. Total (2000),M1,0.6373741429795304,0.15851885680949201,5.799846647502882e-5,1134,1144
Pop. Total (2000),M2,0.7724060781689244,0.26104164404709695,0.003087010566463766,58.98027326797992,1144
Pop. Total (2000),M2,0.7724060781689244,0.26104164404709695,0.003087010566463766,3.429763088248586e-14,1144
Pop. Total (2000),M2,0.7724060781689244,0.26104164404709695,0.003087010566463766,1,1144
Pop. Total (2000),M2,0.7724060781689244,0.26104164404709695,0.003087010566463766,1133,1144
Pop. Total (2000),M3,0.6900028632876102,0.2831359481012221,0.014809598683356073,50.7389283403097,1144
Pop. Total (2000),M3,0.6900028632876102,0.2831359481012221,0.014809598683356073,1.8746823950939676e-12,1144
Pop. Total (2000),M3,0.6900028632876102,0.2831359481012221,0.014809598683356073,1,1144
Pop. Total (2000),M3,0.6900028632876102,0.2831359481012221,0.014809598683356073,1130,1144
Pop. Total (2000),M4,0.6510294292750055,0.2840571916242835,0.021911667895306852,49.6961926147695,1143
Pop. Total (2000),M4,0.6510294292750055,0.2840571916242835,0.021911667895306852,3.1224432711057137e-12,1143
Pop. Total (2000),M4,0.6510294292750055,0.2840571916242835,0.021911667895306852,1,1143
Pop. Total (2000),M4,0.6510294292750055,0.2840571916242835,0.021911667895306852,1127,1143
Pop. Total (2010),M1,0.772549476475583,0.16571153130354788,3.1312990593779233e-6,155.01299472130762,1147
Pop. Total (2010),M1,0.772549476475583,0.16571153130354788,3.1312990593779233e-6,1.889132762411624e-33,1147
Pop. Total (2010),M1,0.772549476475583,0.16571153130354788,3.1312990593779233e-6,1,1147
Pop. Total (2010),M1,0.772549476475583,0.16571153130354788,3.1312990593779233e-6,1137,1147
Pop. Total (2010),M2,0.8672222350772705,0.27140510728753636,0.0013968289200303463,59.79712440336832,1147
Pop. Total (2010),M2,0.8672222350772705,0.27140510728753636,0.0013968289200303463,2.3072951954810944e-14,1147
Pop. Total (2010),M2,0.8672222350772705,0.27140510728753636,0.0013968289200303463,1,1147
Pop. Total (2010),M2,0.8672222350772705,0.27140510728753636,0.0013968289200303463,1136,1147
Pop. Total (2010),M3,0.7742831913246773,0.2938763199832244,0.008420555519511375,51.19071243877514,1147
Pop. Total (2010),M3,0.7742831913246773,0.2938763199832244,0.008420555519511375,1.501867660726048e-12,1147
Pop. Total (2010),M3,0.7742831913246773,0.2938763199832244,0.008420555519511375,1,1147
Pop. Total (2010),M3,0.7742831913246773,0.2938763199832244,0.008420555519511375,1133,1147
Pop. Total (2010),M4,0.7289624427503696,0.2942837259082704,0.013246459003469102,50.21578243295201,1146
Pop. Total (2010),M4,0.7289624427503696,0.2942837259082704,0.013246459003469102,2.4195958924039067e-12,1146
Pop. Total (2010),M4,0.7289624427503696,0.2942837259082704,0.013246459003469102,1,1146
Pop. Total (2010),M4,0.7289624427503696,0.2942837259082704,0.013246459003469102,1130,1146
Tx. Urban. (2010),M1,0.07579484586649529,0.032490327527124205,0.019656366337989395,155.01299472130762,1147
Tx. Urban. (2010),M1,0.07579484586649529,0.032490327527124205,0.019656366337989395,1.889132762411624e-33,1147
Tx. Urban. (2010),M1,0.07579484586649529,0.032490327527124205,0.019656366337989395,1,1147
Tx. Urban. (2010),M1,0.07579484586649529,0.032490327527124205,0.019656366337989395,1137,1147
Tx. Urban. (2010),M2,0.18882710184338397,0.053144109266619576,3.806988152750268e-4,59.79712440336832,1147
Tx. Urban. (2010),M2,0.18882710184338397,0.053144109266619576,3.806988152750268e-4,2.3072951954810944e-14,1147
Tx. Urban. (2010),M2,0.18882710184338397,0.053144109266619576,3.806988152750268e-4,1,1147
Tx. Urban. (2010),M2,0.18882710184338397,0.053144109266619576,3.806988152750268e-4,1136,1147
Tx. Urban. (2010),M3,0.1755513960153302,0.05740661472478947,0.0022279408436762793,51.19071243877514,1147
Tx. Urban. (2010),M3,0.1755513960153302,0.05740661472478947,0.0022279408436762793,1.501867660726048e-12,1147
Tx. Urban. (2010),M3,0.1755513960153302,0.05740661472478947,0.0022279408436762793,1,1147
Tx. Urban. (2010),M3,0.1755513960153302,0.05740661472478947,0.0022279408436762793,1133,1147
Tx. Urban. (2010),M4,0.1811015275072572,0.05896156673251624,0.002129731536807844,50.21578243295201,1146
Tx. Urban. (2010),M4,0.1811015275072572,0.05896156673251624,0.002129731536807844,2.4195958924039067e-12,1146
Tx. Urban. (2010),M4,0.1811015275072572,0.05896156673251624,0.002129731536807844,1,1146
Tx. Urban. (2010),M4,0.1811015275072572,0.05896156673251624,0.002129731536807844,1130,1146
Val. Prod. (2000),M1,2.039559886107607,0.36645445883751554,2.6116626417049815e-8,87.17341957994765,884
Val. Prod. (2000),M1,2.039559886107607,0.36645445883751554,2.6116626417049815e-8,7.990809021860862e-20,884
Val. Prod. (2000),M1,2.039559886107607,0.36645445883751554,2.6116626417049815e-8,1,884
Val. Prod. (2000),M1,2.039559886107607,0.36645445883751554,2.6116626417049815e-8,875,884
Val. Prod. (2000),M2,2.2054384071626125,0.5537698771591137,6.816828065647762e-5,36.70151084573293,884
Val. Prod. (2000),M2,2.2054384071626125,0.5537698771591137,6.816828065647762e-5,2.043944999494844e-9,884
Val. Prod. (2000),M2,2.2054384071626125,0.5537698771591137,6.816828065647762e-5,1,884
Val. Prod. (2000),M2,2.2054384071626125,0.5537698771591137,6.816828065647762e-5,874,884
Val. Prod. (2000),M3,1.9227636363702487,0.6085367706107211,0.0015795838476151403,27.43047806600608,884
Val. Prod. (2000),M3,1.9227636363702487,0.6085367706107211,0.0015795838476151403,2.0430525145581803e-7,884
Val. Prod. (2000),M3,1.9227636363702487,0.6085367706107211,0.0015795838476151403,1,884
Val. Prod. (2000),M3,1.9227636363702487,0.6085367706107211,0.0015795838476151403,871,884
Val. Prod. (2000),M4,1.7260122763328012,0.5989882972243883,0.003957295832938801,25.672799134737275,883
Val. Prod. (2000),M4,1.7260122763328012,0.5989882972243883,0.003957295832938801,4.943021004632263e-7,883
Val. Prod. (2000),M4,1.7260122763328012,0.5989882972243883,0.003957295832938801,1,883
Val. Prod. (2000),M4,1.7260122763328012,0.5989882972243883,0.003957295832938801,868,883
Val. Prod. (2010),M1,2.687243729621749,0.4621935612785223,6.0957698888586265e-9,87.17341957994765,884
Val. Prod. (2010),M1,2.687243729621749,0.4621935612785223,6.0957698888586265e-9,7.990809021860862e-20,884
Val. Prod. (2010),M1,2.687243729621749,0.4621935612785223,6.0957698888586265e-9,1,884
Val. Prod. (2010),M1,2.687243729621749,0.4621935612785223,6.0957698888586265e-9,875,884
Val. Prod. (2010),M2,2.4555818691659503,0.6547549062749015,1.7656446141423032e-4,36.70151084573293,884
Val. Prod. (2010),M2,2.4555818691659503,0.6547549062749015,1.7656446141423032e-4,2.043944999494844e-9,884
Val. Prod. (2010),M2,2.4555818691659503,0.6547549062749015,1.7656446141423032e-4,1,884
Val. Prod. (2010),M2,2.4555818691659503,0.6547549062749015,1.7656446141423032e-4,874,884
Val. Prod. (2010),M3,1.5016535218968423,0.6445840816425585,0.019824803594276963,27.43047806600608,884
Val. Prod. (2010),M3,1.5016535218968423,0.6445840816425585,0.019824803594276963,2.0430525145581803e-7,884
Val. Prod. (2010),M3,1.5016535218968423,0.6445840816425585,0.019824803594276963,1,884
Val. Prod. (2010),M3,1.5016535218968423,0.6445840816425585,0.019824803594276963,871,884
Val. Prod. (2010),M4,1.2439793442098501,0.6351629685347402,0.05016903264526018,25.672799134737275,883
Val. Prod. (2010),M4,1.2439793442098501,0.6351629685347402,0.05016903264526018,4.943021004632263e-7,883
Val. Prod. (2010),M4,1.2439793442098501,0.6351629685347402,0.05016903264526018,1,883
Val. Prod. (2010),M4,1.2439793442098501,0.6351629685347402,0.05016903264526018,868,883
IDHM (2000),M1,0.03955954136542766,0.009453823840030419,2.857923838028853e-5,155.01299472130762,1147
IDHM (2000),M1,0.03955954136542766,0.009453823840030419,2.857923838028853e-5,1.889132762411624e-33,1147
IDHM (2000),M1,0.03955954136542766,0.009453823840030419,2.857923838028853e-5,1,1147
IDHM (2000),M1,0.03955954136542766,0.009453823840030419,2.857923838028853e-5,1137,1147
IDHM (2000),M2,0.051367733813587474,0.014409020942299,3.6389719076668214e-4,59.79712440336832,1147
IDHM (2000),M2,0.051367733813587474,0.014409020942299,3.6389719076668214e-4,2.3072951954810944e-14,1147
IDHM (2000),M2,0.051367733813587474,0.014409020942299,3.6389719076668214e-4,1,1147
IDHM (2000),M2,0.051367733813587474,0.014409020942299,3.6389719076668214e-4,1136,1147
IDHM (2000),M3,0.057870650141648786,0.015831267102868484,2.5671576845542887e-4,51.19071243877514,1147
IDHM (2000),M3,0.057870650141648786,0.015831267102868484,2.5671576845542887e-4,1.501867660726048e-12,1147
IDHM (2000),M3,0.057870650141648786,0.015831267102868484,2.5671576845542887e-4,1,1147
IDHM (2000),M3,0.057870650141648786,0.015831267102868484,2.5671576845542887e-4,1133,1147
IDHM (2000),M4,0.058085120024917704,0.015975981047670375,2.771429589396579e-4,50.21578243295201,1146
IDHM (2000),M4,0.058085120024917704,0.015975981047670375,2.771429589396579e-4,2.4195958924039067e-12,1146
IDHM (2000),M4,0.058085120024917704,0.015975981047670375,2.771429589396579e-4,1,1146
IDHM (2000),M4,0.058085120024917704,0.015975981047670375,2.771429589396579e-4,1130,1146
IDHM (2010),M1,0.01984942862680062,0.006854731781538519,0.0037828190288469177,155.01299472130762,1147
IDHM (2010),M1,0.01984942862680062,0.006854731781538519,0.0037828190288469177,1.889132762411624e-33,1147
IDHM (2010),M1,0.01984942862680062,0.006854731781538519,0.0037828190288469177,1,1147
IDHM (2010),M1,0.01984942862680062,0.006854731781538519,0.0037828190288469177,1137,1147
IDHM (2010),M2,0.028135759747200343,0.010174732927826469,0.005687782253781526,59.79712440336832,1147
IDHM (2010),M2,0.028135759747200343,0.010174732927826469,0.005687782253781526,2.3072951954810944e-14,1147
IDHM (2010),M2,0.028135759747200343,0.010174732927826469,0.005687782253781526,1,1147
IDHM (2010),M2,0.028135759747200343,0.010174732927826469,0.005687782253781526,1136,1147
IDHM (2010),M3,0.03315123210158848,0.011052637891810508,0.0027051592333198204,51.19071243877514,1147
IDHM (2010),M3,0.03315123210158848,0.011052637891810508,0.0027051592333198204,1.501867660726048e-12,1147
IDHM (2010),M3,0.03315123210158848,0.011052637891810508,0.0027051592333198204,1,1147
IDHM (2010),M3,0.03315123210158848,0.011052637891810508,0.0027051592333198204,1133,1147
IDHM (2010),M4,0.03301483632240061,0.011152712208530912,0.003073876996908753,50.21578243295201,1146
IDHM (2010),M4,0.03301483632240061,0.011152712208530912,0.003073876996908753,2.4195958924039067e-12,1146
IDHM (2010),M4,0.03301483632240061,0.011152712208530912,0.003073876996908753,1,1146
IDHM (2010),M4,0.03301483632240061,0.011152712208530912,0.003073876996908753,1130,1146
Renda p.c. (2000),M1,0.247577792237974,0.05501544078090322,6.79051999075142e-6,155.01299472130762,1147
Renda p.c. (2000),M1,0.247577792237974,0.05501544078090322,6.79051999075142e-6,1.889132762411624e-33,1147
Renda p.c. (2000),M1,0.247577792237974,0.05501544078090322,6.79051999075142e-6,1,1147
Renda p.c. (2000),M1,0.247577792237974,0.05501544078090322,6.79051999075142e-6,1137,1147
Renda p.c. (2000),M2,0.4627558423082893,0.09655882455162546,1.6473554282914193e-6,59.79712440336832,1147
Renda p.c. (2000),M2,0.4627558423082893,0.09655882455162546,1.6473554282914193e-6,2.3072951954810944e-14,1147
Renda p.c. (2000),M2,0.4627558423082893,0.09655882455162546,1.6473554282914193e-6,1,1147
Renda p.c. (2000),M2,0.4627558423082893,0.09655882455162546,1.6473554282914193e-6,1136,1147
Renda p.c. (2000),M3,0.5052574186348091,0.10992977872423867,4.303000887828645e-6,51.19071243877514,1147
Renda p.c. (2000),M3,0.5052574186348091,0.10992977872423867,4.303000887828645e-6,1.501867660726048e-12,1147
Renda p.c. (2000),M3,0.5052574186348091,0.10992977872423867,4.303000887828645e-6,1,1147
Renda p.c. (2000),M3,0.5052574186348091,0.10992977872423867,4.303000887828645e-6,1133,1147
Renda p.c. (2000),M4,0.48990467661408726,0.11008867758285769,8.583375449289221e-6,50.21578243295201,1146
Renda p.c. (2000),M4,0.48990467661408726,0.11008867758285769,8.583375449289221e-6,2.4195958924039067e-12,1146
Renda p.c. (2000),M4,0.48990467661408726,0.11008867758285769,8.583375449289221e-6,1,1146
Renda p.c. (2000),M4,0.48990467661408726,0.11008867758285769,8.583375449289221e-6,1130,1146
Renda p.c. (2010),M1,0.15551844257459502,0.04449388960004712,4.735710504464308e-4,155.01299472130762,1147
Renda p.c. (2010),M1,0.15551844257459502,0.04449388960004712,4.735710504464308e-4,1.889132762411624e-33,1147
Renda p.c. (2010),M1,0.15551844257459502,0.04449388960004712,4.735710504464308e-4,1,1147
Renda p.c. (2010),M1,0.15551844257459502,0.04449388960004712,4.735710504464308e-4,1137,1147
Renda p.c. (2010),M2,0.33305190175647054,0.07449122160397492,7.784663445864481e-6,59.79712440336832,1147
Renda p.c. (2010),M2,0.33305190175647054,0.07449122160397492,7.784663445864481e-6,2.3072951954810944e-14,1147
Renda p.c. (2010),M2,0.33305190175647054,0.07449122160397492,7.784663445864481e-6,1,1147
Renda p.c. (2010),M2,0.33305190175647054,0.07449122160397492,7.784663445864481e-6,1136,1147
Renda p.c. (2010),M3,0.35706648928814844,0.08338352488079594,1.8503898209454306e-5,51.19071243877514,1147
Renda p.c. (2010),M3,0.35706648928814844,0.08338352488079594,1.8503898209454306e-5,1.501867660726048e-12,1147
Renda p.c. (2010),M3,0.35706648928814844,0.08338352488079594,1.8503898209454306e-5,1,1147
Renda p.c. (2010),M3,0.35706648928814844,0.08338352488079594,1.8503898209454306e-5,1133,1147
Renda p.c. (2010),M4,0.34779491075656066,0.08368433219652827,3.238199792265917e-5,50.21578243295201,1146
Renda p.c. (2010),M4,0.34779491075656066,0.08368433219652827,3.238199792265917e-5,2.4195958924039067e-12,1146
Renda p.c. (2010),M4,0.34779491075656066,0.08368433219652827,3.238199792265917e-5,1,1146
Renda p.c. (2010),M4,0.34779491075656066,0.08368433219652827,3.238199792265917e-5,1130,1146
% Pobres (2010),M1,-7.86472966463964,1.7911556862347522,1.1289863698804581e-5,155.01299472130762,1147
% Pobres (2010),M1,-7.86472966463964,1.7911556862347522,1.1289863698804581e-5,1.889132762411624e-33,1147
% Pobres (2010),M1,-7.86472966463964,1.7911556862347522,1.1289863698804581e-5,1,1147
% Pobres (2010),M1,-7.86472966463964,1.7911556862347522,1.1289863698804581e-5,1137,1147
% Pobres (2010),M2,-16.511979487877017,3.183028049375775,2.1312820397412224e-7,59.79712440336832,1147
% Pobres (2010),M2,-16.511979487877017,3.183028049375775,2.1312820397412224e-7,2.3072951954810944e-14,1147
% Pobres (2010),M2,-16.511979487877017,3.183028049375775,2.1312820397412224e-7,1,1147
% Pobres (2010),M2,-16.511979487877017,3.183028049375775,2.1312820397412224e-7,1136,1147
% Pobres (2010),M3,-18.52717369337052,3.6818838984781435,4.854347217531085e-7,51.19071243877514,1147
% Pobres (2010),M3,-18.52717369337052,3.6818838984781435,4.854347217531085e-7,1.501867660726048e-12,1147
% Pobres (2010),M3,-18.52717369337052,3.6818838984781435,4.854347217531085e-7,1,1147
% Pobres (2010),M3,-18.52717369337052,3.6818838984781435,4.854347217531085e-7,1133,1147
% Pobres (2010),M4,-18.537696933034038,3.730551530260325,6.724454424400506e-7,50.21578243295201,1146
% Pobres (2010),M4,-18.537696933034038,3.730551530260325,6.724454424400506e-7,2.4195958924039067e-12,1146
% Pobres (2010),M4,-18.537696933034038,3.730551530260325,6.724454424400506e-7,1,1146
% Pobres (2010),M4,-18.537696933034038,3.730551530260325,6.724454424400506e-7,1130,1146
