Escopo,Outcome,Tratamento,Modelo,Desc_Modelo,Coeficiente,DP,P_Valor,F_Stat,N_Obs
1_PIB,PIB Total (1970),Distância,M1,Base (Efeito Fixo UF),-0.0011521035738749634,7.07132514281652e-4,0.10325773462682664,1388.6587711660732,1230
1_PIB,PIB Total (1970),Distância,M2,+ Lag Espacial,0.007022540543906192,0.00469880500430451,0.13503517361169037,38.974266358870416,1230
1_PIB,PIB Total (1970),Distância,M3,+ Clima,0.005196309066211293,0.005291019985827685,0.326050740208621,41.154006217332515,1230
1_PIB,PIB Total (1970),Distância,M4,+ Geografia/Solo (Completa),-0.014736100972932344,0.018120245343942933,0.4160807024531854,3.7931844152377563,1228
1_PIB,PIB Total (1970),Dummy,M1,Base (Efeito Fixo UF),0.6881997734001761,0.18566400653317253,2.0998188874066237e-4,173.49196170350876,1230
1_PIB,PIB Total (1970),Dummy,M2,+ Lag Espacial,0.6489615654206251,0.22842023898169253,0.004496017228058591,112.17925225355401,1230
1_PIB,PIB Total (1970),Dummy,M3,+ Clima,0.2675414279192032,0.26364474681220523,0.3102106881972877,82.58601392015531,1230
1_PIB,PIB Total (1970),Dummy,M4,+ Geografia/Solo (Completa),0.3377115834346587,0.2581760637147286,0.19085059268745086,78.88087296134356,1228
1_PIB,PIB Total (1970),Densidade,M1,Base (Efeito Fixo UF),0.05311653701371131,0.021355682206504297,0.012874139798644046,6.928749286448903,1230
1_PIB,PIB Total (1970),Densidade,M2,+ Lag Espacial,0.05802171733004996,0.02719628062333849,0.03288839436324942,4.947877572852317,1230
1_PIB,PIB Total (1970),Densidade,M3,+ Clima,0.058202914732735644,0.03852641905253258,0.13085793266301482,2.605744590192304,1230
1_PIB,PIB Total (1970),Densidade,M4,+ Geografia/Solo (Completa),0.060538154362058526,0.04060325535288747,0.1359698969762646,2.5409108659912634,1228
1_PIB,PIB Total (1980),Distância,M1,Base (Efeito Fixo UF),-0.001342974279371911,6.133479221447099e-4,0.028554718377364452,1352.0806320091763,1229
1_PIB,PIB Total (1980),Distância,M2,+ Lag Espacial,-0.0017701694200890142,0.003479202144953465,0.6109022179848085,35.43425530468217,1229
1_PIB,PIB Total (1980),Distância,M3,+ Clima,-0.003993015018627026,0.003957068428897621,0.3129342803583228,38.25323555748624,1229
1_PIB,PIB Total (1980),Distância,M4,+ Geografia/Solo (Completa),-0.015174125268328894,0.024570525505759028,0.5368559851437074,2.5288437680290645,1227
1_PIB,PIB Total (1980),Dummy,M1,Base (Efeito Fixo UF),0.9213291251044122,0.195997364310915,2.5924322919479437e-6,172.86760460177464,1229
1_PIB,PIB Total (1980),Dummy,M2,+ Lag Espacial,1.0274974670996426,0.2451938348255502,2.78276867604621e-5,111.4775473534688,1229
1_PIB,PIB Total (1980),Dummy,M3,+ Clima,0.6426578691796585,0.27488001022682007,0.0193894364053655,81.98161232290529,1229
1_PIB,PIB Total (1980),Dummy,M4,+ Geografia/Solo (Completa),0.6301038861607098,0.2813050278350828,0.025095394919892655,78.28653960941791,1227
1_PIB,PIB Total (1980),Densidade,M1,Base (Efeito Fixo UF),0.06005659454002108,0.026156124886250198,0.021671221698497556,6.888116427119979,1229
1_PIB,PIB Total (1980),Densidade,M2,+ Lag Espacial,0.0676306892090802,0.034075155883672645,0.0471722158968535,4.904833987421864,1229
1_PIB,PIB Total (1980),Densidade,M3,+ Clima,0.06736790516761673,0.047719937587820005,0.15802800937979944,2.590740431020221,1229
1_PIB,PIB Total (1980),Densidade,M4,+ Geografia/Solo (Completa),0.06755854788467543,0.04855794414776387,0.16413522171536865,2.5320929918992823,1227
1_PIB,PIB Total (1996),Distância,M1,Base (Efeito Fixo UF),-1.2875851255043268e-4,6.476562189190777e-4,0.8424138135316885,1414.8913260376785,1233
1_PIB,PIB Total (1996),Distância,M2,+ Lag Espacial,-0.0018495274332624618,0.0033131634012860756,0.5766831692251206,39.23932248060996,1233
1_PIB,PIB Total (1996),Distância,M3,+ Clima,-0.0041079366359539835,0.0036260407895927793,0.25725682619825196,41.431686878816436,1233
1_PIB,PIB Total (1996),Distância,M4,+ Geografia/Solo (Completa),-0.00764596448630514,0.016731460023501003,0.6476844807818369,3.9096200320080263,1231
1_PIB,PIB Total (1996),Dummy,M1,Base (Efeito Fixo UF),0.8784956407974016,0.19505492730475024,6.673733403683713e-6,174.28863326865428,1233
1_PIB,PIB Total (1996),Dummy,M2,+ Lag Espacial,1.1945794350177794,0.24667093006633797,1.2801833235709381e-6,112.97039666307668,1233
1_PIB,PIB Total (1996),Dummy,M3,+ Clima,0.9891884779178106,0.28105097556209413,4.3218958487822867e-4,82.96770990610244,1233
1_PIB,PIB Total (1996),Dummy,M4,+ Geografia/Solo (Completa),0.9429624579829895,0.2863872737635975,9.926100403563343e-4,79.27914318788379,1231
1_PIB,PIB Total (1996),Densidade,M1,Base (Efeito Fixo UF),0.0672954050792072,0.029058336669470435,0.020565226928017655,6.93183257434422,1233
1_PIB,PIB Total (1996),Densidade,M2,+ Lag Espacial,0.08089198345798888,0.040017433568645136,0.043236453670586705,4.952055588868268,1233
1_PIB,PIB Total (1996),Densidade,M3,+ Clima,0.09399027437481262,0.06461918068937153,0.1458005477558031,2.600438991019285,1233
1_PIB,PIB Total (1996),Densidade,M4,+ Geografia/Solo (Completa),0.09396282071384618,0.06558493241981739,0.15194669317126008,2.5402543767641506,1231
1_PIB,PIB Total (2000),Distância,M1,Base (Efeito Fixo UF),2.899340516094579e-4,6.598419347087247e-4,0.6603722694498586,1414.8913260376785,1233
1_PIB,PIB Total (2000),Distância,M2,+ Lag Espacial,-0.002561399876741347,0.0034282508207070226,0.4549761419873479,39.23932248060996,1233
1_PIB,PIB Total (2000),Distância,M3,+ Clima,-0.004828002987140027,0.003434400426803737,0.15979019309457798,41.431686878816436,1233
1_PIB,PIB Total (2000),Distância,M4,+ Geografia/Solo (Completa),-0.002747345887319376,0.014375648118549841,0.8484385534388097,3.9096200320080263,1231
1_PIB,PIB Total (2000),Dummy,M1,Base (Efeito Fixo UF),0.9399396381034798,0.19192910044320904,9.71489119372393e-7,174.28863326865428,1233
1_PIB,PIB Total (2000),Dummy,M2,+ Lag Espacial,1.365902885245044,0.24848124435508867,3.8629361265307693e-8,112.97039666307668,1233
1_PIB,PIB Total (2000),Dummy,M3,+ Clima,1.2360022841312552,0.2854105470581895,1.4869562283692517e-5,82.96770990610244,1233
1_PIB,PIB Total (2000),Dummy,M4,+ Geografia/Solo (Completa),1.176251156955336,0.2904665749068174,5.132207267233291e-5,79.27914318788379,1231
1_PIB,PIB Total (2000),Densidade,M1,Base (Efeito Fixo UF),0.0610344696297829,0.026972315146952884,0.023644557291556678,6.93183257434422,1233
1_PIB,PIB Total (2000),Densidade,M2,+ Lag Espacial,0.07513526695619208,0.03779120885304582,0.04679312791423684,4.952055588868268,1233
1_PIB,PIB Total (2000),Densidade,M3,+ Clima,0.08714181695431314,0.060763977137194385,0.15154280126068054,2.600438991019285,1233
1_PIB,PIB Total (2000),Densidade,M4,+ Geografia/Solo (Completa),0.08661042644674469,0.061383291518993306,0.15825132901682815,2.5402543767641506,1231
2_PIB_pc,PIB p.c. (1970),Distância,M1,Base (Efeito Fixo UF),-0.0011570769105315934,2.5371101586382674e-4,5.10053166102864e-6,1335.824209457506,1229
2_PIB_pc,PIB p.c. (1970),Distância,M2,+ Lag Espacial,-0.0064933602035561755,0.010202293854217356,0.5244761170823415,2.3925400697211194,1229
2_PIB_pc,PIB p.c. (1970),Distância,M3,+ Clima,-0.012224948893358067,0.014721716018913504,0.4063112868983054,2.8762455458066123,1229
2_PIB_pc,PIB p.c. (1970),Distância,M4,+ Geografia/Solo (Completa),-0.010383810653807921,0.011097085869124352,0.3494152604629157,3.7931844152377563,1228
2_PIB_pc,PIB p.c. (1970),Dummy,M1,Base (Efeito Fixo UF),0.3817101486574292,0.09343968479603666,4.4058462737472937e-5,171.78292012799147,1229
2_PIB_pc,PIB p.c. (1970),Dummy,M2,+ Lag Espacial,0.3219267359304931,0.1145663489395759,0.004954782137861047,110.43739379646952,1229
2_PIB_pc,PIB p.c. (1970),Dummy,M3,+ Clima,0.0732221488357836,0.12878605408791455,0.5696571489781774,80.6904630382245,1229
2_PIB_pc,PIB p.c. (1970),Dummy,M4,+ Geografia/Solo (Completa),0.06074699571066424,0.12995342266765772,0.6401764802032417,78.88087296134356,1228
2_PIB_pc,PIB p.c. (1970),Densidade,M1,Base (Efeito Fixo UF),0.020464505035738562,0.008228552610509492,0.012882123189078554,6.890509325488443,1229
2_PIB_pc,PIB p.c. (1970),Densidade,M2,+ Lag Espacial,0.02059356725042233,0.009762947591827494,0.0349135536990981,4.910546815358804,1229
2_PIB_pc,PIB p.c. (1970),Densidade,M3,+ Clima,0.015971677384929175,0.01121963321756115,0.15457759125634185,2.545261812620297,1229
2_PIB_pc,PIB p.c. (1970),Densidade,M4,+ Geografia/Solo (Completa),0.015821780678663223,0.011168696409249484,0.15659453011051605,2.5409108659912634,1228
2_PIB_pc,PIB p.c. (1980),Distância,M1,Base (Efeito Fixo UF),-6.215100291872688e-4,3.2535601917847603e-4,0.056101548936358325,1298.61870646145,1228
2_PIB_pc,PIB p.c. (1980),Distância,M2,+ Lag Espacial,-0.0053815987037366675,0.01325444543734612,0.6847263105410246,1.2220679281432472,1228
2_PIB_pc,PIB p.c. (1980),Distância,M3,+ Clima,-0.01197268430106524,0.01899951563028346,0.528591644711363,1.7659224375267821,1228
2_PIB_pc,PIB p.c. (1980),Distância,M4,+ Geografia/Solo (Completa),-0.009534003067405691,0.013130909702351508,0.4677938301409936,2.5288437680290645,1227
2_PIB_pc,PIB p.c. (1980),Dummy,M1,Base (Efeito Fixo UF),0.5377664466672278,0.0976457457963806,3.643359769434085e-8,171.186948659305,1228
2_PIB_pc,PIB p.c. (1980),Dummy,M2,+ Lag Espacial,0.6339240094667191,0.12485734377416459,3.830649999425617e-7,109.76468064529335,1228
2_PIB_pc,PIB p.c. (1980),Dummy,M3,+ Clima,0.382764000789122,0.13384521784974712,0.004239737049501313,80.12313401028658,1228
2_PIB_pc,PIB p.c. (1980),Dummy,M4,+ Geografia/Solo (Completa),0.38147314515307507,0.1343753919026704,0.004527478386530781,78.28653960941791,1227
2_PIB_pc,PIB p.c. (1980),Densidade,M1,Base (Efeito Fixo UF),0.02370797304621675,0.01102115875305594,0.03146574103141697,6.8504599120705745,1228
2_PIB_pc,PIB p.c. (1980),Densidade,M2,+ Lag Espacial,0.026477864704072943,0.014211303263432454,0.06244042266533234,4.868078519171298,1228
2_PIB_pc,PIB p.c. (1980),Densidade,M3,+ Clima,0.020662615572166032,0.016492854164553688,0.21027038226320283,2.531011225153118,1228
2_PIB_pc,PIB p.c. (1980),Densidade,M4,+ Geografia/Solo (Completa),0.020539469129990134,0.016468880206383343,0.21233570907123878,2.5320929918992823,1227
2_PIB_pc,PIB p.c. (1996),Distância,M1,Base (Efeito Fixo UF),9.860388111149966e-4,3.715904237848151e-4,0.00796467667858125,1356.0818522290003,1228
2_PIB_pc,PIB p.c. (1996),Distância,M2,+ Lag Espacial,-0.0014626253323076766,0.007686979840724307,0.8490951471195685,2.493445342736586,1228
2_PIB_pc,PIB p.c. (1996),Distância,M3,+ Clima,-0.006373837071542765,0.010598383725219247,0.5475755401564979,2.971691265883908,1228
2_PIB_pc,PIB p.c. (1996),Distância,M4,+ Geografia/Solo (Completa),-0.005042452795044526,0.008246665708529824,0.5408993787618515,3.9121948159651514,1227
2_PIB_pc,PIB p.c. (1996),Dummy,M1,Base (Efeito Fixo UF),0.24948874230491866,0.08171209734931388,0.0022636543047005464,169.94878021721942,1228
2_PIB_pc,PIB p.c. (1996),Dummy,M2,+ Lag Espacial,0.5285099872610819,0.10989671821122009,1.5157216219918723e-6,109.55881034242401,1228
2_PIB_pc,PIB p.c. (1996),Dummy,M3,+ Clima,0.44286755164669916,0.12357575335747159,3.386653560342179e-4,80.45301584022162,1228
2_PIB_pc,PIB p.c. (1996),Dummy,M4,+ Geografia/Solo (Completa),0.43933786644915995,0.12631589303770327,5.050029907753828e-4,78.52384129300924,1227
2_PIB_pc,PIB p.c. (1996),Densidade,M1,Base (Efeito Fixo UF),0.02203139669251582,0.010210757110589547,0.03095386073160933,7.175239538018065,1228
2_PIB_pc,PIB p.c. (1996),Densidade,M2,+ Lag Espacial,0.030196232894244925,0.015306372938258091,0.04851969084709995,5.142181991052786,1228
2_PIB_pc,PIB p.c. (1996),Densidade,M3,+ Clima,0.03511653813533978,0.024655582425754698,0.15436443476660533,2.631434848372557,1228
2_PIB_pc,PIB p.c. (1996),Densidade,M4,+ Geografia/Solo (Completa),0.03505931659772907,0.024713300791324392,0.15600353096257713,2.632467952276554,1227
2_PIB_pc,PIB p.c. (2000),Distância,M1,Base (Efeito Fixo UF),0.0014805983110275645,3.14887750388193e-4,2.5764109667925084e-6,1357.247577418268,1229
2_PIB_pc,PIB p.c. (2000),Distância,M2,+ Lag Espacial,0.0027787507040746284,0.00647836399166152,0.667975735784264,2.4940288029635047,1229
2_PIB_pc,PIB p.c. (2000),Distância,M3,+ Clima,-9.527737268095471e-4,0.006114595924997102,0.8761752419582776,2.9742240393006503,1229
2_PIB_pc,PIB p.c. (2000),Distância,M4,+ Geografia/Solo (Completa),-4.8073227220874273e-4,0.005216334099792822,0.9265716916201703,3.9160815202956525,1228
2_PIB_pc,PIB p.c. (2000),Dummy,M1,Base (Efeito Fixo UF),0.2961396625501852,0.0690740731622276,1.808769541811195e-5,170.2440337375105,1229
2_PIB_pc,PIB p.c. (2000),Dummy,M2,+ Lag Espacial,0.6762970500416065,0.09984336213606253,1.2563283746658271e-11,109.75184391832929,1229
2_PIB_pc,PIB p.c. (2000),Dummy,M3,+ Clima,0.6650847905137491,0.11627020059305113,1.0642034142804846e-8,80.49897502428104,1229
2_PIB_pc,PIB p.c. (2000),Dummy,M4,+ Geografia/Solo (Completa),0.6630846476816361,0.11905452319797324,2.5534235170709962e-8,78.57528084114853,1228
2_PIB_pc,PIB p.c. (2000),Densidade,M1,Base (Efeito Fixo UF),0.013432000395184548,0.00765181839637701,0.0791909482158939,7.214534917309146,1229
2_PIB_pc,PIB p.c. (2000),Densidade,M2,+ Lag Espacial,0.021493635725836895,0.012087764384108319,0.07538224492392565,5.178673070807319,1229
2_PIB_pc,PIB p.c. (2000),Densidade,M3,+ Clima,0.024100211448864095,0.018412313809669643,0.1905620829816621,2.7046859003176604,1229
2_PIB_pc,PIB p.c. (2000),Densidade,M4,+ Geografia/Solo (Completa),0.02405249120131352,0.01848320650215304,0.1931503340796581,2.7058865615599825,1228
3_Pop,Pop. Total (1970),Distância,M1,Base (Efeito Fixo UF),-5.865187180709792e-4,4.1609896580871084e-4,0.15866804046348326,1361.9938465240518,1232
3_Pop,Pop. Total (1970),Distância,M2,+ Lag Espacial,-0.00444612225430302,0.01206524406944841,0.71249551340967,2.486029574527148,1232
3_Pop,Pop. Total (1970),Distância,M3,+ Clima,-0.004622932218373871,0.011451866845961504,0.6864453121234615,2.9808550354108734,1232
3_Pop,Pop. Total (1970),Distância,M4,+ Geografia/Solo (Completa),-0.004103268582929379,0.009883875718810817,0.6780337593245251,3.9096200320080263,1231
3_Pop,Pop. Total (1970),Dummy,M1,Base (Efeito Fixo UF),0.3588591677334994,0.13332531383646803,0.007110897216012546,172.6006977379671,1232
3_Pop,Pop. Total (1970),Dummy,M2,+ Lag Espacial,0.39174847017602454,0.16513134017498696,0.017675588958193433,111.25045030593525,1232
3_Pop,Pop. Total (1970),Dummy,M3,+ Clima,0.27518726877737776,0.1941672185751104,0.15640416091196152,81.09111819380323,1232
3_Pop,Pop. Total (1970),Dummy,M4,+ Geografia/Solo (Completa),0.27638818664826714,0.19585564001050018,0.15819060575147392,79.27914318788379,1231
3_Pop,Pop. Total (1970),Densidade,M1,Base (Efeito Fixo UF),0.03378044654252849,0.01445820925679348,0.01946937241766622,6.894012585637333,1232
3_Pop,Pop. Total (1970),Densidade,M2,+ Lag Espacial,0.03867665574665846,0.01902983972236342,0.04211100147055058,4.915146949830487,1232
3_Pop,Pop. Total (1970),Densidade,M3,+ Clima,0.04487374952462379,0.03089305985622896,0.1463484184816326,2.5406112996054233,1232
3_Pop,Pop. Total (1970),Densidade,M4,+ Geografia/Solo (Completa),0.0447626767212309,0.030973248499034618,0.1484004653858937,2.5402543767641506,1231
3_Pop,Pop. Total (1980),Distância,M1,Base (Efeito Fixo UF),-7.689420394818244e-4,4.4211330601035784e-4,0.0819922010565497,1361.9938465240518,1232
3_Pop,Pop. Total (1980),Distância,M2,+ Lag Espacial,-0.005158195302888524,0.013643407584369245,0.7053768406443595,2.486029574527148,1232
3_Pop,Pop. Total (1980),Distância,M3,+ Clima,-0.005106516150583135,0.012648785709273127,0.6864216318612764,2.9808550354108734,1232
3_Pop,Pop. Total (1980),Distância,M4,+ Geografia/Solo (Completa),-0.004109534220666781,0.010722673457645458,0.7015295947575662,3.9096200320080263,1231
3_Pop,Pop. Total (1980),Dummy,M1,Base (Efeito Fixo UF),0.39240400509868884,0.13911646535119732,0.004792093457092861,172.6006977379671,1232
3_Pop,Pop. Total (1980),Dummy,M2,+ Lag Espacial,0.40525387418669495,0.17224881231362352,0.018636472967924256,111.25045030593525,1232
3_Pop,Pop. Total (1980),Dummy,M3,+ Clima,0.2647959227733926,0.20240381174234623,0.19078662492788,81.09111819380323,1232
3_Pop,Pop. Total (1980),Dummy,M4,+ Geografia/Solo (Completa),0.24984417991560176,0.20400774805720182,0.22069586606233083,79.27914318788379,1231
3_Pop,Pop. Total (1980),Densidade,M1,Base (Efeito Fixo UF),0.03648566919092778,0.015973416599664513,0.02236275492865336,6.894012585637333,1232
3_Pop,Pop. Total (1980),Densidade,M2,+ Lag Espacial,0.04127853839396989,0.020794291786634556,0.04713447142033411,4.915146949830487,1232
3_Pop,Pop. Total (1980),Densidade,M3,+ Clima,0.04727411761533076,0.033309287197631904,0.15582691559161255,2.5406112996054233,1232
3_Pop,Pop. Total (1980),Densidade,M4,+ Geografia/Solo (Completa),0.046950320373741895,0.033214385523167786,0.1574929587735041,2.5402543767641506,1231
3_Pop,Pop. Total (1991),Distância,M1,Base (Efeito Fixo UF),-0.0010352163762169912,4.754212272413495e-4,0.02944537411123771,1356.0818522290003,1228
3_Pop,Pop. Total (1991),Distância,M2,+ Lag Espacial,-0.006938864592014982,0.01609416006657904,0.6663652936384024,2.493445342736586,1228
3_Pop,Pop. Total (1991),Distância,M3,+ Clima,-0.006985197313685687,0.014876327697354027,0.6386757068276108,2.971691265883908,1228
3_Pop,Pop. Total (1991),Distância,M4,+ Geografia/Solo (Completa),-0.005079731573203693,0.012036810915702,0.6730130491970339,3.9121948159651514,1227
3_Pop,Pop. Total (1991),Dummy,M1,Base (Efeito Fixo UF),0.5442440139171256,0.1487230779485619,2.5276148724495684e-4,169.94878021721942,1228
3_Pop,Pop. Total (1991),Dummy,M2,+ Lag Espacial,0.5664317799670424,0.18420122359877414,0.002104526811038676,109.55881034242401,1228
3_Pop,Pop. Total (1991),Dummy,M3,+ Clima,0.4614968721849375,0.21593253243745614,0.0325795203168171,80.45301584022162,1228
3_Pop,Pop. Total (1991),Dummy,M4,+ Geografia/Solo (Completa),0.4244962360315935,0.21704451362323518,0.050488405991621965,78.52384129300924,1227
3_Pop,Pop. Total (1991),Densidade,M1,Base (Efeito Fixo UF),0.044287939226517775,0.01886633819587103,0.01890199681135707,7.175239538018065,1228
3_Pop,Pop. Total (1991),Densidade,M2,+ Lag Espacial,0.04967051115305475,0.024408870953115617,0.04185722678693882,5.142181991052786,1228
3_Pop,Pop. Total (1991),Densidade,M3,+ Clima,0.059587038279617366,0.0409891454584103,0.14602193621664195,2.631434848372557,1228
3_Pop,Pop. Total (1991),Densidade,M4,+ Geografia/Solo (Completa),0.05898957181695413,0.04071588791159798,0.14739074467646485,2.632467952276554,1227
3_Pop,Pop. Total (2000),Distância,M1,Base (Efeito Fixo UF),-0.0010340252746044633,5.124919429194208e-4,0.04362855816720401,1357.247577418268,1229
3_Pop,Pop. Total (2000),Distância,M2,+ Lag Espacial,-0.0048070761724380295,0.015206829941590073,0.7519167627397096,2.4940288029635047,1229
3_Pop,Pop. Total (2000),Distância,M3,+ Clima,-0.005656190181755699,0.0145501176268702,0.6974696357082255,2.9742240393006503,1229
3_Pop,Pop. Total (2000),Distância,M4,+ Geografia/Solo (Completa),-0.0036787062478254792,0.0119367768268618,0.7579434344670131,3.9160815202956525,1228
3_Pop,Pop. Total (2000),Dummy,M1,Base (Efeito Fixo UF),0.6113274074146011,0.154857883925732,7.891636260803914e-5,170.2440337375105,1229
3_Pop,Pop. Total (2000),Dummy,M2,+ Lag Espacial,0.6545792142210654,0.19197434535215105,6.502904745171456e-4,109.75184391832929,1229
3_Pop,Pop. Total (2000),Dummy,M3,+ Clima,0.5403625331010931,0.22334372701420566,0.015545231276800964,80.49897502428104,1229
3_Pop,Pop. Total (2000),Dummy,M4,+ Geografia/Solo (Completa),0.49893032379174385,0.2243802446606925,0.026175845227784267,78.57528084114853,1228
3_Pop,Pop. Total (2000),Densidade,M1,Base (Efeito Fixo UF),0.047750404723849636,0.020249597396090682,0.018369161612103335,7.214534917309146,1229
3_Pop,Pop. Total (2000),Densidade,M2,+ Lag Espacial,0.053722055371747325,0.026266455703574058,0.04082801588167717,5.178673070807319,1229
3_Pop,Pop. Total (2000),Densidade,M3,+ Clima,0.0637191804239983,0.0432797332147812,0.14094968005691322,2.7046859003176604,1229
3_Pop,Pop. Total (2000),Densidade,M4,+ Geografia/Solo (Completa),0.0631014116390938,0.04299264790860182,0.142178763324456,2.7058865615599825,1228
4_Urb,Tx. Urban. (1970),Distância,M1,Base (Efeito Fixo UF),-1.2162720522048666e-4,7.073289402112898e-5,0.08551823918231327,1361.9938465240518,1232
4_Urb,Tx. Urban. (1970),Distância,M2,+ Lag Espacial,-0.0010879002521640424,0.0024462660911701035,0.6565230606800041,2.486029574527148,1232
4_Urb,Tx. Urban. (1970),Distância,M3,+ Clima,-0.001832309758893251,0.0027472576703550214,0.5047979668736615,2.9808550354108734,1232
4_Urb,Tx. Urban. (1970),Distância,M4,+ Geografia/Solo (Completa),-0.00163854125291566,0.002275645014700969,0.4715042052149103,3.9096200320080263,1231
4_Urb,Tx. Urban. (1970),Dummy,M1,Base (Efeito Fixo UF),0.08240382346610772,0.02725546791486658,0.002499624790915478,172.6006977379671,1232
4_Urb,Tx. Urban. (1970),Dummy,M2,+ Lag Espacial,0.09250689093008829,0.033130017921246,0.005234485888022666,111.25045030593525,1232
4_Urb,Tx. Urban. (1970),Dummy,M3,+ Clima,0.03317655191735086,0.03740580093430993,0.37511335167156235,81.09111819380323,1232
4_Urb,Tx. Urban. (1970),Dummy,M4,+ Geografia/Solo (Completa),0.03572195733373542,0.03817750953501616,0.3494376309149083,79.27914318788379,1231
4_Urb,Tx. Urban. (1970),Densidade,M1,Base (Efeito Fixo UF),0.003735069021438534,0.0019064105160594232,0.050087555334686895,6.894012585637333,1232
4_Urb,Tx. Urban. (1970),Densidade,M2,+ Lag Espacial,0.004086105317879959,0.0023366550799792333,0.08034314321916569,4.915146949830487,1232
4_Urb,Tx. Urban. (1970),Densidade,M3,+ Clima,0.0023439614094479715,0.002732778481413971,0.3910465579501836,2.5406112996054233,1232
4_Urb,Tx. Urban. (1970),Densidade,M4,+ Geografia/Solo (Completa),0.0024604836865990045,0.0027595881076211783,0.3726005833068604,2.5402543767641506,1231
4_Urb,Tx. Urban. (1980),Distância,M1,Base (Efeito Fixo UF),-4.647565831979638e-5,8.720976173741868e-5,0.5940902927639204,1361.9938465240518,1232
4_Urb,Tx. Urban. (1980),Distância,M2,+ Lag Espacial,2.5243287153024416e-4,0.002288303273284887,0.9121600135304488,2.486029574527148,1232
4_Urb,Tx. Urban. (1980),Distância,M3,+ Clima,-8.73399649765981e-4,0.0023807203487672276,0.7137207603800333,2.9808550354108734,1232
4_Urb,Tx. Urban. (1980),Distância,M4,+ Geografia/Solo (Completa),-8.383170842998821e-4,0.0020931635551980398,0.6887864961363641,3.9096200320080263,1231
4_Urb,Tx. Urban. (1980),Dummy,M1,Base (Efeito Fixo UF),0.12220189635590563,0.03128560049127462,9.383228319892467e-5,172.6006977379671,1232
4_Urb,Tx. Urban. (1980),Dummy,M2,+ Lag Espacial,0.15846263388116358,0.03832292652947,3.550622290005023e-5,111.25045030593525,1232
4_Urb,Tx. Urban. (1980),Dummy,M3,+ Clima,0.10131309232397025,0.04255919978276878,0.017288149707357148,81.09111819380323,1232
4_Urb,Tx. Urban. (1980),Dummy,M4,+ Geografia/Solo (Completa),0.10640907718940096,0.04381831156660983,0.01516494876755714,79.27914318788379,1231
4_Urb,Tx. Urban. (1980),Densidade,M1,Base (Efeito Fixo UF),0.004176855126129322,0.002125972706263248,0.049451336865914186,6.894012585637333,1232
4_Urb,Tx. Urban. (1980),Densidade,M2,+ Lag Espacial,0.004849072233505729,0.0026742870840169076,0.069797815202852,4.915146949830487,1232
4_Urb,Tx. Urban. (1980),Densidade,M3,+ Clima,0.0029278346154924893,0.0031061070897192575,0.34588256261403116,2.5406112996054233,1232
4_Urb,Tx. Urban. (1980),Densidade,M4,+ Geografia/Solo (Completa),0.0030632363697173657,0.0031369827102332645,0.32882105003052153,2.5402543767641506,1231
4_Urb,Tx. Urban. (1991),Distância,M1,Base (Efeito Fixo UF),1.367456149018924e-4,9.6181537541804e-5,0.15510030705892697,1356.0818522290003,1228
4_Urb,Tx. Urban. (1991),Distância,M2,+ Lag Espacial,-0.0018177331241736733,0.0034245217566553693,0.5955579921056766,2.493445342736586,1228
4_Urb,Tx. Urban. (1991),Distância,M3,+ Clima,-0.0026862405718216867,0.003772483078632998,0.4764265931589793,2.971691265883908,1228
4_Urb,Tx. Urban. (1991),Distância,M4,+ Geografia/Solo (Completa),-0.0025513516710735495,0.0032048683924810815,0.4259819036162529,3.9121948159651514,1227
4_Urb,Tx. Urban. (1991),Dummy,M1,Base (Efeito Fixo UF),0.08171399667578885,0.0323656619801827,0.011579292139609398,169.94878021721942,1228
4_Urb,Tx. Urban. (1991),Dummy,M2,+ Lag Espacial,0.1409856151787749,0.03991644686838126,4.1240103508255466e-4,109.55881034242401,1228
4_Urb,Tx. Urban. (1991),Dummy,M3,+ Clima,0.08868574221382884,0.045575090820952645,0.0516636608080816,80.45301584022162,1228
4_Urb,Tx. Urban. (1991),Dummy,M4,+ Geografia/Solo (Completa),0.09872070875878615,0.04701695216424214,0.03575671056970764,78.52384129300924,1227
4_Urb,Tx. Urban. (1991),Densidade,M1,Base (Efeito Fixo UF),0.003913199518575689,0.0021765295532289943,0.07219161565172039,7.175239538018065,1228
4_Urb,Tx. Urban. (1991),Densidade,M2,+ Lag Espacial,0.005280907636544068,0.0028861324689612336,0.06728698056551097,5.142181991052786,1228
4_Urb,Tx. Urban. (1991),Densidade,M3,+ Clima,0.0037822837051155727,0.0034729461831884112,0.27612273812980503,2.631434848372557,1228
4_Urb,Tx. Urban. (1991),Densidade,M4,+ Geografia/Solo (Completa),0.003937076379162852,0.003514552951583234,0.26261955387956837,2.632467952276554,1227
4_Urb,Tx. Urban. (2000),Distância,M1,Base (Efeito Fixo UF),2.67604461982833e-4,9.5572644333764e-5,0.0051100854388086425,1357.247577418268,1229
4_Urb,Tx. Urban. (2000),Distância,M2,+ Lag Espacial,-0.001533394996986348,0.0031460798306263958,0.6259758647563656,2.4940288029635047,1229
4_Urb,Tx. Urban. (2000),Distância,M3,+ Clima,-0.0026417409898443975,0.00370134762599049,0.4753978031707766,2.9742240393006503,1229
4_Urb,Tx. Urban. (2000),Distância,M4,+ Geografia/Solo (Completa),-0.0025369785548828233,0.003169540928466795,0.4234648283104474,3.9160815202956525,1228
4_Urb,Tx. Urban. (2000),Dummy,M1,Base (Efeito Fixo UF),0.05898508494099862,0.032340392483901845,0.06816979557863379,170.2440337375105,1229
4_Urb,Tx. Urban. (2000),Dummy,M2,+ Lag Espacial,0.13364278028994014,0.03997076404106483,8.272473522223933e-4,109.75184391832929,1229
4_Urb,Tx. Urban. (2000),Dummy,M3,+ Clima,0.07777273734459327,0.04551495031799772,0.08750107092382642,80.49897502428104,1229
4_Urb,Tx. Urban. (2000),Dummy,M4,+ Geografia/Solo (Completa),0.088638366883887,0.04685555922462581,0.05852611104706518,78.57528084114853,1228
4_Urb,Tx. Urban. (2000),Densidade,M1,Base (Efeito Fixo UF),0.0026372353910865958,0.0021114237910854457,0.211653454725363,7.214534917309146,1229
4_Urb,Tx. Urban. (2000),Densidade,M2,+ Lag Espacial,0.004214226580526174,0.002768155285371692,0.127910063198875,5.178673070807319,1229
4_Urb,Tx. Urban. (2000),Densidade,M3,+ Clima,0.0023061827368649826,0.003303152882655836,0.48506700686652815,2.7046859003176604,1229
4_Urb,Tx. Urban. (2000),Densidade,M4,+ Geografia/Solo (Completa),0.002536559227560125,0.0033319528229272632,0.44648801881400524,2.7058865615599825,1228
5_PAM,Val. Prod. (1975),Distância,M1,Base (Efeito Fixo UF),-0.0017783219794228044,7.267775860773422e-4,0.014410736651052414,882.9555262436485,927
5_PAM,Val. Prod. (1975),Distância,M2,+ Lag Espacial,0.008452243611270838,0.030837825907708213,0.7840178531033579,0.9569952227341069,927
5_PAM,Val. Prod. (1975),Distância,M3,+ Clima,-0.008926769145793712,0.0292570583547175,0.7602785207443905,0.8929884824971307,927
5_PAM,Val. Prod. (1975),Distância,M4,+ Geografia/Solo (Completa),-0.004638999287048806,0.018610888090865314,0.8031576205031581,1.7515757814993471,926
5_PAM,Val. Prod. (1975),Dummy,M1,Base (Efeito Fixo UF),0.8242784186979656,0.2454241000588102,7.834179448074075e-4,90.46174038746919,927
5_PAM,Val. Prod. (1975),Dummy,M2,+ Lag Espacial,0.7580798201634469,0.27763215959400933,0.00632347340184114,65.42187028095617,927
5_PAM,Val. Prod. (1975),Dummy,M3,+ Clima,0.49670974072670715,0.35436307437901793,0.161005677359485,38.62569483231166,927
5_PAM,Val. Prod. (1975),Dummy,M4,+ Geografia/Solo (Completa),0.4248658398214118,0.36421795882659785,0.2434061459643937,36.015881762329464,926
5_PAM,Val. Prod. (1975),Densidade,M1,Base (Efeito Fixo UF),0.04906719376956968,0.02459421825207313,0.04603521581091807,3.562772991358096,927
5_PAM,Val. Prod. (1975),Densidade,M2,+ Lag Espacial,0.05119173748515434,0.028732462590103425,0.07480322733399314,2.758380704444755,927
5_PAM,Val. Prod. (1975),Densidade,M3,+ Clima,0.076299347173483,0.08160841618543631,0.34981685609376423,0.7323366820039994,927
5_PAM,Val. Prod. (1975),Densidade,M4,+ Geografia/Solo (Completa),0.07616147126064457,0.08432539421386988,0.3664274652334909,0.6898191085096554,926
5_PAM,Val. Prod. (1980),Distância,M1,Base (Efeito Fixo UF),-0.0030998078382182236,8.533211958800997e-4,2.8053739011091317e-4,884.1198422179697,928
5_PAM,Val. Prod. (1980),Distância,M2,+ Lag Espacial,-0.0013569760135823117,0.027432153907862074,0.9605474356638872,0.9572757278729973,928
5_PAM,Val. Prod. (1980),Distância,M3,+ Clima,-0.04278384065663765,0.09520200463982155,0.6531426784878025,0.8945804619086019,928
5_PAM,Val. Prod. (1980),Distância,M4,+ Geografia/Solo (Completa),-0.024165270448045673,0.04222257004348392,0.567097997068331,1.7520044382018085,927
5_PAM,Val. Prod. (1980),Dummy,M1,Base (Efeito Fixo UF),1.9019127491247134,0.344127711387203,3.261907166596245e-8,90.910150782074,928
5_PAM,Val. Prod. (1980),Dummy,M2,+ Lag Espacial,1.9410999663189341,0.3951220123327035,8.98491690159986e-7,65.74678573852084,928
5_PAM,Val. Prod. (1980),Dummy,M3,+ Clima,1.385778094113026,0.4827201302594135,0.004094743427443648,38.66918610687115,928
5_PAM,Val. Prod. (1980),Dummy,M4,+ Geografia/Solo (Completa),1.2076039794295017,0.4815488215466813,0.012150265297305562,36.05297187809414,927
5_PAM,Val. Prod. (1980),Densidade,M1,Base (Efeito Fixo UF),0.07848231199663393,0.04000990035494395,0.049812300628632844,3.4604848775490287,928
5_PAM,Val. Prod. (1980),Densidade,M2,+ Lag Espacial,0.0816626395322842,0.04689597825971753,0.08162102238390512,2.660822684064759,928
5_PAM,Val. Prod. (1980),Densidade,M3,+ Clima,0.09031159624272411,0.10460691140754194,0.3879491634708465,0.6618988045434978,928
5_PAM,Val. Prod. (1980),Densidade,M4,+ Geografia/Solo (Completa),0.08466034452148981,0.10181214467323836,0.4056715599490126,0.6229691831023837,927
5_PAM,Val. Prod. (1991),Distância,M1,Base (Efeito Fixo UF),-0.004676041781445395,0.0011218814605785906,3.072360607880853e-5,954.590070832972,929
5_PAM,Val. Prod. (1991),Distância,M2,+ Lag Espacial,-0.011084991460403176,0.003983200800473868,0.005386949139051023,53.892176561296445,929
5_PAM,Val. Prod. (1991),Distância,M3,+ Clima,-0.013339942930051162,0.0032093594377855875,3.23054272326484e-5,59.68856141320055,929
5_PAM,Val. Prod. (1991),Distância,M4,+ Geografia/Solo (Completa),-0.013016457552392058,0.028371744776218965,0.6463904248035204,1.7520044382018085,927
5_PAM,Val. Prod. (1991),Dummy,M1,Base (Efeito Fixo UF),1.8548900888233881,0.3432488415031907,6.519917539193898e-8,92.35824168652512,929
5_PAM,Val. Prod. (1991),Dummy,M2,+ Lag Espacial,1.7302943131732906,0.3844375194644851,6.7683331761436705e-6,67.28757958504956,929
5_PAM,Val. Prod. (1991),Dummy,M3,+ Clima,1.0895847031532337,0.44815864285845675,0.015046920708698286,40.214739847862944,929
5_PAM,Val. Prod. (1991),Dummy,M4,+ Geografia/Solo (Completa),0.8824009496700236,0.4430340785420323,0.04640151183183816,36.05297187809414,927
5_PAM,Val. Prod. (1991),Densidade,M1,Base (Efeito Fixo UF),0.10896590551034813,0.0536376304909939,0.04220229847380641,3.489793117706394,929
5_PAM,Val. Prod. (1991),Densidade,M2,+ Lag Espacial,0.11409581248889843,0.06336258762399206,0.07175316194146619,2.690473198658593,929
5_PAM,Val. Prod. (1991),Densidade,M3,+ Clima,0.15714398254359696,0.17341727094477755,0.36485059673025133,0.7009546888417674,929
5_PAM,Val. Prod. (1991),Densidade,M4,+ Geografia/Solo (Completa),0.15707726116852816,0.18479476702356362,0.39531994400580617,0.6229691831023837,927
5_PAM,Val. Prod. (2000),Distância,M1,Base (Efeito Fixo UF),-4.746754788453051e-4,0.0010497082151197364,0.6511266759333381,884.1198422179697,928
5_PAM,Val. Prod. (2000),Distância,M2,+ Lag Espacial,-0.012826883204172523,0.04518039007851766,0.7764841250663774,0.9572757278729973,928
5_PAM,Val. Prod. (2000),Distância,M3,+ Clima,-0.059826389694516924,0.1382571412221578,0.6652194619274425,0.8945804619086019,928
5_PAM,Val. Prod. (2000),Distância,M4,+ Geografia/Solo (Completa),-0.0334535872009345,0.06062445126520088,0.5810739153852635,1.7520044382018085,927
5_PAM,Val. Prod. (2000),Dummy,M1,Base (Efeito Fixo UF),1.943795468123444,0.36321524712478936,8.716302302147483e-8,90.910150782074,928
5_PAM,Val. Prod. (2000),Dummy,M2,+ Lag Espacial,2.4369690205240797,0.45624217369145137,9.223475339048548e-8,65.74678573852084,928
5_PAM,Val. Prod. (2000),Dummy,M3,+ Clima,1.9988311446156555,0.5530012110542715,3.0091045336377853e-4,38.66918610687115,928
5_PAM,Val. Prod. (2000),Dummy,M4,+ Geografia/Solo (Completa),1.7580450479454857,0.541525351167541,0.0011684633737918393,36.05297187809414,927
5_PAM,Val. Prod. (2000),Densidade,M1,Base (Efeito Fixo UF),0.09867209133624909,0.05209199565055435,0.05819991190447049,3.4604848775490287,928
5_PAM,Val. Prod. (2000),Densidade,M2,+ Lag Espacial,0.11289408966411739,0.0666675671078668,0.09038154753558914,2.660822684064759,928
5_PAM,Val. Prod. (2000),Densidade,M3,+ Clima,0.15008262291819052,0.17679847403933419,0.3959419803664499,0.6618988045434978,928
5_PAM,Val. Prod. (2000),Densidade,M4,+ Geografia/Solo (Completa),0.14198764352964394,0.17425775798234766,0.41517884275701356,0.6229691831023837,927
6_Soc,IDHM (1991),Distância,M1,Base (Efeito Fixo UF),3.2597941743855295e-5,3.5900725169726085e-5,0.36387699591645317,1414.8913260376785,1233
6_Soc,IDHM (1991),Distância,M2,+ Lag Espacial,2.9013081919882205e-4,2.885835417775157e-4,0.3147227500463865,39.23932248060996,1233
6_Soc,IDHM (1991),Distância,M3,+ Clima,1.7234456703899242e-4,2.9137842710249537e-4,0.5541987254969696,41.431686878816436,1233
6_Soc,IDHM (1991),Distância,M4,+ Geografia/Solo (Completa),-0.0010299461816697766,0.0011852135987319005,0.38484917777107563,3.9096200320080263,1231
6_Soc,IDHM (1991),Dummy,M1,Base (Efeito Fixo UF),0.034678606685672776,0.009824598365695521,4.1591561391052245e-4,174.28863326865428,1233
6_Soc,IDHM (1991),Dummy,M2,+ Lag Espacial,0.05069824726580211,0.012149821827153892,3.009365900741301e-5,112.97039666307668,1233
6_Soc,IDHM (1991),Dummy,M3,+ Clima,0.05218554465623403,0.014032413761480532,2.00069601689723e-4,82.96770990610244,1233
6_Soc,IDHM (1991),Dummy,M4,+ Geografia/Solo (Completa),0.059161362396322865,0.014001493047461183,2.3855805983297174e-5,79.27914318788379,1231
6_Soc,IDHM (1991),Densidade,M1,Base (Efeito Fixo UF),0.001009407370558843,5.680324503526462e-4,0.07556426988016218,6.93183257434422,1233
6_Soc,IDHM (1991),Densidade,M2,+ Lag Espacial,0.0012825807255359267,7.484228200559344e-4,0.08658174051225442,4.952055588868268,1233
6_Soc,IDHM (1991),Densidade,M3,+ Clima,0.001438068825844063,0.0011069931982117468,0.19391768430899115,2.600438991019285,1233
6_Soc,IDHM (1991),Densidade,M4,+ Geografia/Solo (Completa),0.001593225470608947,0.001195530211656694,0.18264610262358882,2.5402543767641506,1231
6_Soc,IDHM (2000),Distância,M1,Base (Efeito Fixo UF),6.660712573437999e-5,3.8248743043050486e-5,0.0816099867031228,1414.8913260376785,1233
6_Soc,IDHM (2000),Distância,M2,+ Lag Espacial,4.4852969304703776e-4,2.5312223378792207e-4,0.07639646248736143,39.23932248060996,1233
6_Soc,IDHM (2000),Distância,M3,+ Clima,3.354061008509319e-4,2.5510451649104945e-4,0.18858413471214153,41.431686878816436,1233
6_Soc,IDHM (2000),Distância,M4,+ Geografia/Solo (Completa),-6.334132477459945e-4,8.897920887936748e-4,0.4765474012405275,3.9096200320080263,1231
6_Soc,IDHM (2000),Dummy,M1,Base (Efeito Fixo UF),0.03184016466844203,0.009452649822206297,7.56099092414031e-4,174.28863326865428,1233
6_Soc,IDHM (2000),Dummy,M2,+ Lag Espacial,0.05172875757488851,0.011836899777952095,1.2417418695065408e-5,112.97039666307668,1233
6_Soc,IDHM (2000),Dummy,M3,+ Clima,0.05565485230594277,0.01376307939401065,5.2596485545119975e-5,82.96770990610244,1233
6_Soc,IDHM (2000),Dummy,M4,+ Geografia/Solo (Completa),0.06228400686100169,0.013441604687235518,3.5923349106514735e-6,79.27914318788379,1231
6_Soc,IDHM (2000),Densidade,M1,Base (Efeito Fixo UF),9.965614900158135e-4,5.559668567262176e-4,0.07305552895947232,6.93183257434422,1233
6_Soc,IDHM (2000),Densidade,M2,+ Lag Espacial,0.0013671806676694466,7.624444195956314e-4,0.07294821778873728,4.952055588868268,1233
6_Soc,IDHM (2000),Densidade,M3,+ Clima,0.0016710600253420729,0.001205699896909227,0.16575704205969344,2.600438991019285,1233
6_Soc,IDHM (2000),Densidade,M4,+ Geografia/Solo (Completa),0.0018298157353852306,0.0013029434564958923,0.16020846342371797,2.5402543767641506,1231
6_Soc,% Pobres (1991),Distância,M1,Base (Efeito Fixo UF),-0.012236960523824725,0.009463498981925783,0.19598707295499307,1414.8913260376785,1233
6_Soc,% Pobres (1991),Distância,M2,+ Lag Espacial,-0.1368197297772648,0.06332069703043841,0.03071522549462946,39.23932248060996,1233
6_Soc,% Pobres (1991),Distância,M3,+ Clima,-0.12038224481158995,0.06359311082450873,0.0583568531112415,41.431686878816436,1233
6_Soc,% Pobres (1991),Distância,M4,+ Geografia/Solo (Completa),0.12985367089846173,0.17496527736518525,0.457985412392256,3.9096200320080263,1231
6_Soc,% Pobres (1991),Dummy,M1,Base (Efeito Fixo UF),-8.636393379840536,1.8064671727454578,1.745821106347023e-6,174.28863326865428,1233
6_Soc,% Pobres (1991),Dummy,M2,+ Lag Espacial,-12.761654784433112,2.4318674220681387,1.5402902420191822e-7,112.97039666307668,1233
6_Soc,% Pobres (1991),Dummy,M3,+ Clima,-12.825598538199067,2.9288489410918674,1.1919356728729014e-5,82.96770990610244,1233
6_Soc,% Pobres (1991),Dummy,M4,+ Geografia/Solo (Completa),-14.278639405834356,2.705064839008286,1.302575800554706e-7,79.27914318788379,1231
6_Soc,% Pobres (1991),Densidade,M1,Base (Efeito Fixo UF),-0.3369139107394347,0.15913209887910224,0.03424318074883703,6.93183257434422,1233
6_Soc,% Pobres (1991),Densidade,M2,+ Lag Espacial,-0.4251463233095575,0.22317899853108575,0.056785702921684056,4.952055588868268,1233
6_Soc,% Pobres (1991),Densidade,M3,+ Clima,-0.47425884307135885,0.3437690232936841,0.16771422991559115,2.600438991019285,1233
6_Soc,% Pobres (1991),Densidade,M4,+ Geografia/Solo (Completa),-0.5109882906514697,0.3705798597162144,0.16792914791717584,2.5402543767641506,1231
6_Soc,% Pobres (2000),Distância,M1,Base (Efeito Fixo UF),-0.020229167482362365,0.007808051346897809,0.00957506970125599,1414.8913260376785,1233
6_Soc,% Pobres (2000),Distância,M2,+ Lag Espacial,-0.11009141908782649,0.05517035068919143,0.045990380140872755,39.23932248060996,1233
6_Soc,% Pobres (2000),Distância,M3,+ Clima,-0.10018467415036446,0.05529925582207432,0.0700353247622072,41.431686878816436,1233
6_Soc,% Pobres (2000),Distância,M4,+ Geografia/Solo (Completa),0.09916201977286404,0.14528475267199684,0.49490032286074004,3.9096200320080263,1231
6_Soc,% Pobres (2000),Dummy,M1,Base (Efeito Fixo UF),-6.153540131435286,1.7881955094765667,5.791381995128297e-4,174.28863326865428,1233
6_Soc,% Pobres (2000),Dummy,M2,+ Lag Espacial,-11.168992208493705,2.328838695416885,1.6190626599410507e-6,112.97039666307668,1233
6_Soc,% Pobres (2000),Dummy,M3,+ Clima,-12.983134932668587,2.886553569834614,6.866087837842372e-6,82.96770990610244,1233
6_Soc,% Pobres (2000),Dummy,M4,+ Geografia/Solo (Completa),-14.20026809251803,2.735007367591073,2.080021199724058e-7,79.27914318788379,1231
6_Soc,% Pobres (2000),Densidade,M1,Base (Efeito Fixo UF),-0.293077235486694,0.13491524999225854,0.029832573882960567,6.93183257434422,1233
6_Soc,% Pobres (2000),Densidade,M2,+ Lag Espacial,-0.4090682754938373,0.2032230377153391,0.044124828076670175,4.952055588868268,1233
6_Soc,% Pobres (2000),Densidade,M3,+ Clima,-0.5524593140979167,0.37148324270633815,0.13696950501639193,2.600438991019285,1233
6_Soc,% Pobres (2000),Densidade,M4,+ Geografia/Solo (Completa),-0.5854871276311038,0.3967623737516233,0.1400346725293138,2.5402543767641506,1231
