ano_tratamento,ano_outcome,escopo,outcome_coluna,variavel_endogena,variavel_instrumento,coeficiente,erro_padrao,t_estatistica,p_valor,F_stat_1estagio,n_observacoes,significancia
1920,1920,PIB_Agro,pibag_1920,densidade_buffer_real_future_1920,densidade_buffer_sintetica_future_1920,7.498631371500702,4.414943461750075,1.6984660022188052,0.0896717276168314,3.867772805366704,1254,*
1921,1920,PIB_Agro,pibag_1920,densidade_buffer_real_future_1921,densidade_buffer_sintetica_future_1921,7.584964193622528,4.5584859292744015,1.6639218177492252,0.09638153823393916,3.716455844901842,1255,*
1922,1920,PIB_Agro,pibag_1920,densidade_buffer_real_future_1922,densidade_buffer_sintetica_future_1922,7.465280374107152,4.447366084857205,1.6785846345156101,0.09348579872349834,3.8716328887329663,1255,*
1923,1920,PIB_Agro,pibag_1920,densidade_buffer_real_future_1923,densidade_buffer_sintetica_future_1923,10.227967647363107,7.023442461491034,1.4562613281794825,0.14557517977271497,2.5334510248288993,1251,
1924,1920,PIB_Agro,pibag_1920,densidade_buffer_real_future_1924,densidade_buffer_sintetica_future_1924,10.496341302353146,7.374057960309743,1.4234145376736709,0.15486920634224594,2.3995684051453265,1251,
1925,1920,PIB_Agro,pibag_1920,densidade_buffer_real_future_1925,densidade_buffer_sintetica_future_1925,8.336279676602345,5.355181132626124,1.5566755764457816,0.11980436086102969,3.1929827791043794,1251,
1926,1920,PIB_Agro,pibag_1920,densidade_buffer_real_future_1926,densidade_buffer_sintetica_future_1926,9.709443217990405,6.14840709060309,1.579180277901543,0.11455245701581619,3.245499022402053,1246,
1927,1920,PIB_Agro,pibag_1920,densidade_buffer_real_future_1927,densidade_buffer_sintetica_future_1927,10.143143031876146,7.0200630253360945,1.4448791977035749,0.1487473493313406,2.760428767599318,1245,
1929,1920,PIB_Agro,pibag_1920,densidade_buffer_real_future_1929,densidade_buffer_sintetica_future_1929,9.915855173790314,6.748712825775443,1.4692957649521794,0.14200913098631762,2.9040358769819763,1245,
1931,1920,PIB_Agro,pibag_1920,densidade_buffer_real_future_1931,densidade_buffer_sintetica_future_1931,9.88991381723985,7.124084741909669,1.388236408679886,0.16531726177632186,2.609421972358775,1245,
1932,1920,PIB_Agro,pibag_1920,densidade_buffer_real_future_1932,densidade_buffer_sintetica_future_1932,9.383154991124897,6.541826343618202,1.4343326310210784,0.15173258161461908,2.837513908603549,1244,
1933,1920,PIB_Agro,pibag_1920,densidade_buffer_real_future_1933,densidade_buffer_sintetica_future_1933,7.795446740239962,5.833801214863752,1.3362551196256391,0.18171466526944832,3.2100917729397516,1241,
1934,1920,PIB_Agro,pibag_1920,densidade_buffer_real_future_1934,densidade_buffer_sintetica_future_1934,7.525479969163831,7.659328338026178,0.9825247903007589,0.32603601826933515,1.8336802928174931,1240,
1936,1920,PIB_Agro,pibag_1920,densidade_buffer_real_future_1936,densidade_buffer_sintetica_future_1936,6.694273836366014,6.403886235667655,1.0453455277017556,0.2960702038304242,2.3190801399911374,1240,
1937,1920,PIB_Agro,pibag_1920,densidade_buffer_real_future_1937,densidade_buffer_sintetica_future_1937,6.534443297657263,6.365190985261654,1.0265902960001525,0.3048169208194918,2.291896026976808,1239,
1940,1939,PIB_Agro,pibag_1939,densidade_buffer_real_future_1940,densidade_buffer_sintetica_future_1940,-9.69736093202107,9.216751138529117,-1.0521452501286317,0.29294143166144054,1.834574726422889,1238,
1941,1939,PIB_Agro,pibag_1939,densidade_buffer_real_future_1941,densidade_buffer_sintetica_future_1941,-10.233870561908816,10.706677495921895,-0.9558399947889373,0.3393427480901393,1.4830996366385545,1237,
1944,1939,PIB_Agro,pibag_1939,densidade_buffer_real_future_1944,densidade_buffer_sintetica_future_1944,-7.549183588752947,6.423363530067534,-1.1752695536249023,0.24011658255785304,2.611175819042266,1237,
1947,1939,PIB_Agro,pibag_1939,densidade_buffer_real_future_1947,densidade_buffer_sintetica_future_1947,-7.822306213031082,6.775863364736158,-1.154436828484612,0.24854776017437688,2.4860400190526035,1236,
1948,1939,PIB_Agro,pibag_1939,densidade_buffer_real_future_1948,densidade_buffer_sintetica_future_1948,-5.4876659922805615,3.707628159769025,-1.4801014977247418,0.13910518877715197,6.360784745810333,1235,
1949,1949,PIB_Agro,pibag_1949,densidade_buffer_real_future_1949,densidade_buffer_sintetica_future_1949,-2.0706997735578794,3.745116833938808,-0.5529065888660372,0.5804293362086335,3.777520529578398,1231,
1950,1949,PIB_Agro,pibag_1949,densidade_buffer_real_future_1950,densidade_buffer_sintetica_future_1950,1.0281786630537297,6.600236245936253,0.1557790698305347,0.876233088546275,1.3912535096676022,1232,
1951,1949,PIB_Agro,pibag_1949,densidade_buffer_real_future_1951,densidade_buffer_sintetica_future_1951,-1.9848223917552503,5.751858239911157,-0.34507498428645345,0.7300977263542681,2.4344367889174183,1234,
1953,1949,PIB_Agro,pibag_1949,densidade_buffer_real_future_1953,densidade_buffer_sintetica_future_1953,-1.8667793711912761,5.38891686206695,-0.3464108686351606,0.729093888886464,3.1227386944854962,1235,
1955,1949,PIB_Agro,pibag_1949,densidade_buffer_real_future_1955,densidade_buffer_sintetica_future_1955,-1.7350712039164895,6.043887048203804,-0.287078694568281,0.77410097511048,2.490269240586119,1235,
1956,1949,PIB_Agro,pibag_1949,densidade_buffer_real_future_1956,densidade_buffer_sintetica_future_1956,-1.7408180884075013,6.039968195212706,-0.28821643295858385,0.773230187993472,2.4940487011435803,1235,
1957,1949,PIB_Agro,pibag_1949,densidade_buffer_real_future_1957,densidade_buffer_sintetica_future_1957,-3.1073143255502504,12.294157042772277,-0.2527472452759205,0.8005062540749269,0.6643256252274277,1235,
1958,1949,PIB_Agro,pibag_1949,densidade_buffer_real_future_1958,densidade_buffer_sintetica_future_1958,-3.957007906618723,6.522335927240583,-0.6066856952418306,0.5441726723840044,9.16155749125601,1236,
1961,1959,PIB_Agro,pibag_1959,densidade_buffer_real_future_1961,densidade_buffer_sintetica_future_1961,-1.128601003838872,7.913198735786485,-0.14262260326344522,0.886611853248116,9.19997265523217,1236,
1962,1959,PIB_Agro,pibag_1959,densidade_buffer_real_future_1962,densidade_buffer_sintetica_future_1962,0.5496415832684951,4.59685445286834,0.11956906378132777,0.9048442617850109,82.74247310806686,1236,
1966,1959,PIB_Agro,pibag_1959,densidade_buffer_real_future_1966,densidade_buffer_sintetica_future_1966,-2.264580901929446,6.839642341440306,-0.3310963920158091,0.7406287226437149,56.589984213543985,1235,
1969,1959,PIB_Agro,pibag_1959,densidade_buffer_real_future_1969,densidade_buffer_sintetica_future_1969,-2.4205348402911793,6.871230565725187,-0.35227093853686114,0.7246960727506018,70.99004656613455,1236,
1972,1970,PIB_Agro,pibag_1970,densidade_buffer_real_future_1972,densidade_buffer_sintetica_future_1972,3.304076767000348,7.147287761780095,0.4622839987874559,0.643960921289559,57.68938058683818,1235,
1985,1985,PIB_Agro,pibag_1985,densidade_buffer_real_future_1985,densidade_buffer_sintetica_future_1985,14.501276891420234,11.33966794608913,1.2788096583041035,0.20120990763847352,259.6025633696394,1234,
1996,1996,PIB_Agro,pibag_1996,densidade_buffer_real_future_1996,densidade_buffer_sintetica_future_1996,-18883.260511033863,26079.263970295,-0.7240718347167472,0.46916148628593235,0.10531358747849434,1233,
1920,1920,PIB_Industria,pibi_1920,densidade_buffer_real_future_1920,densidade_buffer_sintetica_future_1920,5.438416268703804,4.650285756905789,1.1694800175726023,0.24243594327482348,3.867772805366704,1254,
1921,1920,PIB_Industria,pibi_1920,densidade_buffer_real_future_1921,densidade_buffer_sintetica_future_1921,5.560326520580687,4.796987028104411,1.1591289465666783,0.24662751300869437,3.716455844901842,1255,
1922,1920,PIB_Industria,pibi_1920,densidade_buffer_real_future_1922,densidade_buffer_sintetica_future_1922,5.4786683351392185,4.710736385239529,1.1630173898726117,0.24504693228966423,3.8716328887329663,1255,
1923,1920,PIB_Industria,pibi_1920,densidade_buffer_real_future_1923,densidade_buffer_sintetica_future_1923,7.4028347853604775,6.77795727148676,1.092192601523534,0.27496198432627117,2.5334510248288993,1251,
1924,1920,PIB_Industria,pibi_1920,densidade_buffer_real_future_1924,densidade_buffer_sintetica_future_1924,7.57274333473063,7.043201776596979,1.0751847774535157,0.2825025261184872,2.3995684051453265,1251,
1925,1920,PIB_Industria,pibi_1920,densidade_buffer_real_future_1925,densidade_buffer_sintetica_future_1925,4.836430042489583,5.299932641977896,0.912545567878135,0.3616601249167325,3.1929827791043794,1251,
1926,1920,PIB_Industria,pibi_1920,densidade_buffer_real_future_1926,densidade_buffer_sintetica_future_1926,6.4706293100973,5.821778730573653,1.1114522913961231,0.2665914485797536,3.245499022402053,1246,
1927,1920,PIB_Industria,pibi_1920,densidade_buffer_real_future_1927,densidade_buffer_sintetica_future_1927,6.018201084505442,6.187489136574238,0.972640266781539,0.33092397904301885,2.760428767599318,1245,
1929,1920,PIB_Industria,pibi_1920,densidade_buffer_real_future_1929,densidade_buffer_sintetica_future_1929,6.004055714043745,6.055544265013089,0.9914972876563999,0.32163845725620593,2.9040358769819763,1245,
1931,1920,PIB_Industria,pibi_1920,densidade_buffer_real_future_1931,densidade_buffer_sintetica_future_1931,6.348973553214161,6.525268628428423,0.9729827099460392,0.3307538212733875,2.609421972358775,1245,
1932,1920,PIB_Industria,pibi_1920,densidade_buffer_real_future_1932,densidade_buffer_sintetica_future_1932,5.973922585915812,6.129837289137902,0.9745646261282707,0.3299686701754905,2.837513908603549,1244,
1933,1920,PIB_Industria,pibi_1920,densidade_buffer_real_future_1933,densidade_buffer_sintetica_future_1933,4.159221059769338,5.564027964111479,0.7475197979946755,0.4548936730997778,3.2100917729397516,1241,
1934,1920,PIB_Industria,pibi_1920,densidade_buffer_real_future_1934,densidade_buffer_sintetica_future_1934,2.8858727270358946,7.161868671853734,0.40294968523751684,0.6870557815239948,1.8336802928174931,1240,
1936,1920,PIB_Industria,pibi_1920,densidade_buffer_real_future_1936,densidade_buffer_sintetica_future_1936,2.2061451248495603,6.341091495621054,0.34791252048216786,0.7279658505832312,2.3190801399911374,1240,
1937,1920,PIB_Industria,pibi_1920,densidade_buffer_real_future_1937,densidade_buffer_sintetica_future_1937,2.1896805730208406,6.3900637131703135,0.34266959944511577,0.7319060647571582,2.291896026976808,1239,
1940,1939,PIB_Industria,pibi_1939,densidade_buffer_real_future_1940,densidade_buffer_sintetica_future_1940,15.283635474925877,15.353340359764081,0.995459953130403,0.3197103301046074,1.8412779660781535,1238,
1941,1939,PIB_Industria,pibi_1939,densidade_buffer_real_future_1941,densidade_buffer_sintetica_future_1941,16.225991279949973,17.822804596159944,0.91040617049945,0.3627886202792735,1.4881146611409508,1237,
1944,1939,PIB_Industria,pibi_1939,densidade_buffer_real_future_1944,densidade_buffer_sintetica_future_1944,12.739225890992877,11.722443381109672,1.086738103723471,0.277367760947315,2.6218183927308814,1237,
1947,1939,PIB_Industria,pibi_1939,densidade_buffer_real_future_1947,densidade_buffer_sintetica_future_1947,12.838657829021365,12.109189560765843,1.0602408827275296,0.28924556800585444,2.4937648524197744,1236,
1948,1939,PIB_Industria,pibi_1939,densidade_buffer_real_future_1948,densidade_buffer_sintetica_future_1948,8.953386559270106,7.121131094601809,1.2572983758236445,0.2088872329017138,6.394668442793452,1235,
1949,1949,PIB_Industria,pibi_1949,densidade_buffer_real_future_1949,densidade_buffer_sintetica_future_1949,15.839538653259474,11.908416233089298,1.3301129506413263,0.18373170935646108,3.773231179122293,1231,
1950,1949,PIB_Industria,pibi_1949,densidade_buffer_real_future_1950,densidade_buffer_sintetica_future_1950,16.033035502893185,18.449028808310175,0.8690449600073945,0.3849947407334684,1.3921031291772448,1232,
1951,1949,PIB_Industria,pibi_1949,densidade_buffer_real_future_1951,densidade_buffer_sintetica_future_1951,13.589154996420104,13.524804200039341,1.0047579835854907,0.3152137868392895,2.4457658157136524,1234,
1953,1949,PIB_Industria,pibi_1949,densidade_buffer_real_future_1953,densidade_buffer_sintetica_future_1953,12.657458690935131,12.412416174084258,1.0197417258182573,0.3080541365210506,3.135441882205476,1235,
1955,1949,PIB_Industria,pibi_1949,densidade_buffer_real_future_1955,densidade_buffer_sintetica_future_1955,13.503775947858195,14.102929437470436,0.9575156713171707,0.3384976816618702,2.5010378414164363,1235,
1956,1949,PIB_Industria,pibi_1949,densidade_buffer_real_future_1956,densidade_buffer_sintetica_future_1956,13.480928125740157,14.085262937340888,0.9570945310507053,0.3387100978927423,2.504801297674222,1235,
1957,1949,PIB_Industria,pibi_1949,densidade_buffer_real_future_1957,densidade_buffer_sintetica_future_1957,26.77400091239305,34.63993358871381,0.7729229862356435,0.43971841798283007,0.6709376730742195,1235,
1958,1949,PIB_Industria,pibi_1949,densidade_buffer_real_future_1958,densidade_buffer_sintetica_future_1958,16.383808557373442,14.253885522547309,1.1494275390002917,0.2506059377952513,9.153832454308345,1236,
1961,1959,PIB_Industria,pibi_1959,densidade_buffer_real_future_1961,densidade_buffer_sintetica_future_1961,12.814589068435907,13.007501337209007,0.9851691524934725,0.3247368057339671,9.19997265523217,1236,
1962,1959,PIB_Industria,pibi_1959,densidade_buffer_real_future_1962,densidade_buffer_sintetica_future_1962,1.2379543348506017,6.095942885280778,0.20307840118380335,0.8391077004657338,82.74247310806686,1236,
1966,1959,PIB_Industria,pibi_1959,densidade_buffer_real_future_1966,densidade_buffer_sintetica_future_1966,-10.841427974181455,6.340015769132115,-1.7100001591424336,0.08752094504607673,56.589984213543985,1235,*
1969,1959,PIB_Industria,pibi_1959,densidade_buffer_real_future_1969,densidade_buffer_sintetica_future_1969,-7.661972667815267,6.48090104332106,-1.1822387992964911,0.23734189524227375,70.99004656613455,1236,
1972,1970,PIB_Industria,pibi_1970,densidade_buffer_real_future_1972,densidade_buffer_sintetica_future_1972,-0.31793445148368704,11.331569879007555,-0.02805740553854595,0.9776209928083298,57.79231801145564,1235,
1985,1985,PIB_Industria,pibi_1985,densidade_buffer_real_future_1985,densidade_buffer_sintetica_future_1985,-13.525144390301714,35.8451289867477,-0.37732168282340656,0.7060005104502045,261.1035497372101,1234,
1996,1996,PIB_Industria,pibi_1996,densidade_buffer_real_future_1996,densidade_buffer_sintetica_future_1996,26699.139604652533,39372.834510137654,0.6781106805449346,0.49783074454498666,0.10597645012733165,1233,
1920,1920,PIB_Servicos,pibse_1920,densidade_buffer_real_future_1920,densidade_buffer_sintetica_future_1920,15.965808220263026,8.19230988633264,1.9488774767784405,0.05153623262391996,3.867772805366704,1254,*
1921,1920,PIB_Servicos,pibse_1920,densidade_buffer_real_future_1921,densidade_buffer_sintetica_future_1921,16.25558935571675,8.527967456249703,1.9061504912057181,0.05686243895784448,3.716455844901842,1255,*
1922,1920,PIB_Servicos,pibse_1920,densidade_buffer_real_future_1922,densidade_buffer_sintetica_future_1922,16.038928202379623,8.30926534408829,1.9302462417800483,0.053804898743200845,3.8716328887329663,1255,*
1923,1920,PIB_Servicos,pibse_1920,densidade_buffer_real_future_1923,densidade_buffer_sintetica_future_1923,21.20432260660411,13.446105283598252,1.576986209714529,0.11505541928305829,2.5334510248288993,1251,
1924,1920,PIB_Servicos,pibse_1920,densidade_buffer_real_future_1924,densidade_buffer_sintetica_future_1924,21.77636809273231,14.186631969589202,1.534992106612242,0.12504252132884727,2.3995684051453265,1251,
1925,1920,PIB_Servicos,pibse_1920,densidade_buffer_real_future_1925,densidade_buffer_sintetica_future_1925,18.35623384865198,10.326263398550616,1.7776259562804142,0.07571193665043241,3.1929827791043794,1251,*
1926,1920,PIB_Servicos,pibse_1920,densidade_buffer_real_future_1926,densidade_buffer_sintetica_future_1926,19.2045284695777,11.072598908017746,1.7344192297683219,0.08309486582943458,3.245499022402053,1246,*
1927,1920,PIB_Servicos,pibse_1920,densidade_buffer_real_future_1927,densidade_buffer_sintetica_future_1927,19.563638795703802,12.378610928573192,1.5804389449340892,0.11426431988199241,2.760428767599318,1245,
1929,1920,PIB_Servicos,pibse_1920,densidade_buffer_real_future_1929,densidade_buffer_sintetica_future_1929,19.09429605226727,11.813587035023119,1.6162996044858702,0.10628682109713677,2.9040358769819763,1245,
1931,1920,PIB_Servicos,pibse_1920,densidade_buffer_real_future_1931,densidade_buffer_sintetica_future_1931,20.042800112133932,13.078373989058566,1.5325146787285515,0.12565346731976368,2.609421972358775,1245,
1932,1920,PIB_Servicos,pibse_1920,densidade_buffer_real_future_1932,densidade_buffer_sintetica_future_1932,19.3715664733586,12.125618458995275,1.5975734795603758,0.11039583013354633,2.837513908603549,1244,
1933,1920,PIB_Servicos,pibse_1920,densidade_buffer_real_future_1933,densidade_buffer_sintetica_future_1933,17.86026932549314,11.3428134420241,1.5745890044636062,0.11561018634247998,3.2100917729397516,1241,
1934,1920,PIB_Servicos,pibse_1920,densidade_buffer_real_future_1934,densidade_buffer_sintetica_future_1934,21.37641799874234,17.590673526834472,1.2152131620277493,0.22451972789318034,1.8336802928174931,1240,
1936,1920,PIB_Servicos,pibse_1920,densidade_buffer_real_future_1936,densidade_buffer_sintetica_future_1936,19.186169698670845,14.168351397840468,1.3541568217735755,0.17593691112285426,2.3190801399911374,1240,
1937,1920,PIB_Servicos,pibse_1920,densidade_buffer_real_future_1937,densidade_buffer_sintetica_future_1937,19.199557924958434,14.28823159907981,1.3437322730823402,0.17928483090724381,2.291896026976808,1239,
1940,1939,PIB_Servicos,pibse_1939,densidade_buffer_real_future_1940,densidade_buffer_sintetica_future_1940,10.74013427519838,8.657978484021635,1.2404898320109456,0.21503297454105386,1.834574726422889,1238,
1941,1939,PIB_Servicos,pibse_1939,densidade_buffer_real_future_1941,densidade_buffer_sintetica_future_1941,11.933439177489518,10.595044288516972,1.1263227271662388,0.2602508046573232,1.4830996366385545,1237,
1944,1939,PIB_Servicos,pibse_1939,densidade_buffer_real_future_1944,densidade_buffer_sintetica_future_1944,9.454315235483634,6.560106745527643,1.4411831395775867,0.14978998004193778,2.611175819042266,1237,
1947,1939,PIB_Servicos,pibse_1939,densidade_buffer_real_future_1947,densidade_buffer_sintetica_future_1947,9.71767065066646,6.907290409480504,1.4068715914027021,0.15972078272095863,2.4860400190526035,1236,
1948,1939,PIB_Servicos,pibse_1939,densidade_buffer_real_future_1948,densidade_buffer_sintetica_future_1948,6.7690843881430265,3.5799541321076638,1.8908299208173913,0.058884596873232026,6.360784745810333,1235,*
1949,1949,PIB_Servicos,pibse_1949,densidade_buffer_real_future_1949,densidade_buffer_sintetica_future_1949,0.3395542156985545,5.303000873165415,0.06403057887785546,0.9489564369409336,3.777520529578398,1231,
1950,1949,PIB_Servicos,pibse_1949,densidade_buffer_real_future_1950,densidade_buffer_sintetica_future_1950,-2.6651312189332357,10.443528579081367,-0.2551945157953181,0.7986161282107584,1.3912535096676022,1232,
1951,1949,PIB_Servicos,pibse_1949,densidade_buffer_real_future_1951,densidade_buffer_sintetica_future_1951,-6.099294480132126,9.682800514115423,-0.6299101660971614,0.5288717984435904,2.4344367889174183,1234,
1953,1949,PIB_Servicos,pibse_1949,densidade_buffer_real_future_1953,densidade_buffer_sintetica_future_1953,-5.768515276946761,8.974328128883187,-0.6427796258509021,0.5204882821822501,3.1227386944854962,1235,
1955,1949,PIB_Servicos,pibse_1949,densidade_buffer_real_future_1955,densidade_buffer_sintetica_future_1955,-5.6489107532433875,10.05072868791514,-0.5620399205517866,0.5741924014100908,2.490269240586119,1235,
1956,1949,PIB_Servicos,pibse_1949,densidade_buffer_real_future_1956,densidade_buffer_sintetica_future_1956,-5.642814210211662,10.041539199641912,-0.5619471375875212,0.5742555972449286,2.4940487011435803,1235,
1957,1949,PIB_Servicos,pibse_1949,densidade_buffer_real_future_1957,densidade_buffer_sintetica_future_1957,-10.976824917172731,22.687605931592294,-0.48382473453876407,0.6285973747920514,0.6643256252274277,1235,
1958,1949,PIB_Servicos,pibse_1949,densidade_buffer_real_future_1958,densidade_buffer_sintetica_future_1958,11.101918143529765,8.3303289471278,1.3327106545243423,0.18287623048253074,9.16155749125601,1236,
1961,1959,PIB_Servicos,pibse_1959,densidade_buffer_real_future_1961,densidade_buffer_sintetica_future_1961,21.947152888511276,13.187468809574598,1.6642430177788794,0.09632130084847974,9.19997265523217,1236,*
1962,1959,PIB_Servicos,pibse_1959,densidade_buffer_real_future_1962,densidade_buffer_sintetica_future_1962,9.107182360731937,5.680302175905145,1.6032918810839012,0.10912970779315201,82.74247310806686,1236,
1966,1959,PIB_Servicos,pibse_1959,densidade_buffer_real_future_1966,densidade_buffer_sintetica_future_1966,-0.6508697040220848,6.907111806671111,-0.09423181819547989,0.9249405341927743,56.589984213543985,1235,
1969,1959,PIB_Servicos,pibse_1959,densidade_buffer_real_future_1969,densidade_buffer_sintetica_future_1969,3.271206231473392,7.100870264567655,0.46067680574256525,0.645112804107401,70.99004656613455,1236,
1972,1970,PIB_Servicos,pibse_1970,densidade_buffer_real_future_1972,densidade_buffer_sintetica_future_1972,0.20839557444144763,8.267674831044358,0.025206068054217785,0.9798947325473002,58.07935567239006,1235,
1985,1985,PIB_Servicos,pibse_1985,densidade_buffer_real_future_1985,densidade_buffer_sintetica_future_1985,-0.6803431114002523,14.671336702811596,-0.04637226485776665,0.9630211815183085,260.64123111756123,1234,
1996,1996,PIB_Servicos,pibse_1996,densidade_buffer_real_future_1996,densidade_buffer_sintetica_future_1996,11654.746375446819,20706.19963659032,0.5628626488682884,0.5736323443156965,0.10597645012733165,1233,
1920,1920,PIB_Total,pib_1920,densidade_buffer_real_future_1920,densidade_buffer_sintetica_future_1920,10.81159576394919,5.815574593050392,1.8590761052001707,0.06325405776044628,3.867772805366704,1254,*
1921,1920,PIB_Total,pib_1920,densidade_buffer_real_future_1921,densidade_buffer_sintetica_future_1921,10.979039886666063,6.033079106996376,1.8198070490960427,0.06903019140855166,3.716455844901842,1255,*
1922,1920,PIB_Total,pib_1920,densidade_buffer_real_future_1922,densidade_buffer_sintetica_future_1922,10.821552798384372,5.878031875753786,1.8410163515822446,0.06585870749564789,3.8716328887329663,1255,*
1923,1920,PIB_Total,pib_1920,densidade_buffer_real_future_1923,densidade_buffer_sintetica_future_1923,14.436777438896264,9.427177003484216,1.5313998489219558,0.12592732380685595,2.5334510248288993,1251,
1924,1920,PIB_Total,pib_1920,densidade_buffer_real_future_1924,densidade_buffer_sintetica_future_1924,14.819117639778517,9.92739043248493,1.4927505612438308,0.13575852205121056,2.3995684051453265,1251,
1925,1920,PIB_Total,pib_1920,densidade_buffer_real_future_1925,densidade_buffer_sintetica_future_1925,11.994560570072723,7.09309393777163,1.691019557234419,0.09108599419227119,3.1929827791043794,1251,*
1926,1920,PIB_Total,pib_1920,densidade_buffer_real_future_1926,densidade_buffer_sintetica_future_1926,13.151229002789051,7.897966399472843,1.665141168955447,0.09613988190310081,3.245499022402053,1246,*
1927,1920,PIB_Total,pib_1920,densidade_buffer_real_future_1927,densidade_buffer_sintetica_future_1927,13.385876203804209,8.828538234440533,1.5162052707191425,0.12972523705316388,2.760428767599318,1245,
1929,1920,PIB_Total,pib_1920,densidade_buffer_real_future_1929,densidade_buffer_sintetica_future_1929,13.081692123651239,8.4603841435528,1.546229095710753,0.12230732458538786,2.9040358769819763,1245,
1931,1920,PIB_Total,pib_1920,densidade_buffer_real_future_1931,densidade_buffer_sintetica_future_1931,13.526664289570396,9.212432203302424,1.468305436725106,0.14227778450150563,2.609421972358775,1245,
1932,1920,PIB_Total,pib_1920,densidade_buffer_real_future_1932,densidade_buffer_sintetica_future_1932,12.981202334248426,8.503067175493436,1.5266493920759978,0.12710635609725737,2.837513908603549,1244,
1933,1920,PIB_Total,pib_1920,densidade_buffer_real_future_1933,densidade_buffer_sintetica_future_1933,11.120059394394923,7.550264217585351,1.4728040071094661,0.141061402659546,3.2100917729397516,1241,
1934,1920,PIB_Total,pib_1920,densidade_buffer_real_future_1934,densidade_buffer_sintetica_future_1934,12.428008468635921,10.959230862626642,1.1340219605208,0.2570079315738071,1.8336802928174931,1240,
1936,1920,PIB_Total,pib_1920,densidade_buffer_real_future_1936,densidade_buffer_sintetica_future_1936,11.069850739573091,8.90598349031005,1.2429678037936391,0.2141183283411558,2.3190801399911374,1240,
1937,1920,PIB_Total,pib_1920,densidade_buffer_real_future_1937,densidade_buffer_sintetica_future_1937,11.008233905788728,8.934642931029924,1.2320843698808874,0.21815497439499318,2.291896026976808,1239,
1940,1939,PIB_Total,pib_1939,densidade_buffer_real_future_1940,densidade_buffer_sintetica_future_1940,2.449192678094086,3.9946637377911594,0.6131161066008428,0.5399139430202131,1.834574726422889,1238,
1941,1939,PIB_Total,pib_1939,densidade_buffer_real_future_1941,densidade_buffer_sintetica_future_1941,2.749190557555913,4.5356297449242025,0.6061320504903462,0.5445400112414275,1.4830996366385545,1237,
1944,1939,PIB_Total,pib_1939,densidade_buffer_real_future_1944,densidade_buffer_sintetica_future_1944,2.3992197134961417,3.4327138090746723,0.6989279756307093,0.4847304783355938,2.611175819042266,1237,
1947,1939,PIB_Total,pib_1939,densidade_buffer_real_future_1947,densidade_buffer_sintetica_future_1947,2.4013207468320084,3.528424938656334,0.6805644979219707,0.49627655012009453,2.4860400190526035,1236,
1948,1939,PIB_Total,pib_1939,densidade_buffer_real_future_1948,densidade_buffer_sintetica_future_1948,1.674456600098151,2.403280712032193,0.6967378349582164,0.48610004190447276,6.360784745810333,1235,
1949,1949,PIB_Total,pib_1949,densidade_buffer_real_future_1949,densidade_buffer_sintetica_future_1949,4.907552757144705,4.117873705341185,1.1917686428263325,0.23358528113883414,3.777520529578398,1231,
1950,1949,PIB_Total,pib_1949,densidade_buffer_real_future_1950,densidade_buffer_sintetica_future_1950,8.787103917386041,8.930411784730305,0.9839528264990759,0.325334922857334,1.3912535096676022,1232,
1951,1949,PIB_Total,pib_1949,densidade_buffer_real_future_1951,densidade_buffer_sintetica_future_1951,6.047552825090909,6.071382098330928,0.9960751484828191,0.31941196258535326,2.4344367889174183,1234,
1953,1949,PIB_Total,pib_1949,densidade_buffer_real_future_1953,densidade_buffer_sintetica_future_1953,5.651876368699295,5.577654093606689,1.013307077464284,0.31111508531687054,3.1227386944854962,1235,
1955,1949,PIB_Total,pib_1949,densidade_buffer_real_future_1955,densidade_buffer_sintetica_future_1955,6.816466922732163,6.601961646125237,1.0324911424974457,0.3020473967320805,2.490269240586119,1235,
1956,1949,PIB_Total,pib_1949,densidade_buffer_real_future_1956,densidade_buffer_sintetica_future_1956,6.806674220535156,6.59404326827887,1.032245914017453,0.3021621858131741,2.4940487011435803,1235,
1957,1949,PIB_Total,pib_1949,densidade_buffer_real_future_1957,densidade_buffer_sintetica_future_1957,13.991510961473153,17.079106513699614,0.8192179696432119,0.41282259014157585,0.6643256252274277,1235,
1958,1949,PIB_Total,pib_1949,densidade_buffer_real_future_1958,densidade_buffer_sintetica_future_1958,10.764422088976414,7.31893366791803,1.4707637174198491,0.14161352404467722,9.16155749125601,1236,
1961,1959,PIB_Total,pib_1959,densidade_buffer_real_future_1961,densidade_buffer_sintetica_future_1961,7.2948658923989775,7.7055828299821245,0.9466987836422881,0.3439802189757364,9.19997265523217,1236,
1962,1959,PIB_Total,pib_1959,densidade_buffer_real_future_1962,densidade_buffer_sintetica_future_1962,1.9832125379789027,5.526043352617338,0.35888472301607627,0.7197435791678454,82.74247310806686,1236,
1966,1959,PIB_Total,pib_1959,densidade_buffer_real_future_1966,densidade_buffer_sintetica_future_1966,-5.7416734739393664,7.672132799030335,-0.7483803558073245,0.45437548657741467,56.589984213543985,1235,
1969,1959,PIB_Total,pib_1959,densidade_buffer_real_future_1969,densidade_buffer_sintetica_future_1969,-4.438358808715159,7.817102804090584,-0.5677754175616861,0.5702922007346485,70.99004656613455,1236,
1972,1970,PIB_Total,pib_1970,densidade_buffer_real_future_1972,densidade_buffer_sintetica_future_1972,1.3237709381522942,7.605887792904826,0.17404555184040155,0.8618587048015097,57.93585726251923,1235,
1985,1985,PIB_Total,pib_1985,densidade_buffer_real_future_1985,densidade_buffer_sintetica_future_1985,5.080645443863275,12.979064880903545,0.391449267761853,0.6955339335233941,260.8603114436077,1234,
1996,1996,PIB_Total,pib_1996,densidade_buffer_real_future_1996,densidade_buffer_sintetica_future_1996,-4559.028320936195,14302.49982043305,-0.3187574464726095,0.7499652812960161,0.10597645012733165,1233,
1940,1940,Populacao,pop_total_1940,densidade_buffer_real_future_1940,densidade_buffer_sintetica_future_1940,5.005611521024477,4.734928098441201,1.0571673776149606,0.29064465908263637,1.834574726422889,1238,
1941,1940,Populacao,pop_total_1940,densidade_buffer_real_future_1941,densidade_buffer_sintetica_future_1941,5.6302572868782494,5.75456089149022,0.9783991155961544,0.32807125219413247,1.4830996366385545,1237,
1944,1940,Populacao,pop_total_1940,densidade_buffer_real_future_1944,densidade_buffer_sintetica_future_1944,4.497832012323771,3.744952815934416,1.2010383664076958,0.2299698227412391,2.611175819042266,1237,
1947,1940,Populacao,pop_total_1940,densidade_buffer_real_future_1947,densidade_buffer_sintetica_future_1947,4.564102223416834,3.8895275426866402,1.1734335785842616,0.24085157803135876,2.4860400190526035,1236,
1948,1940,Populacao,pop_total_1940,densidade_buffer_real_future_1948,densidade_buffer_sintetica_future_1948,3.177132143295858,2.202370622801902,1.4425964959766144,0.1493916920031856,6.360784745810333,1235,
1949,1940,Populacao,pop_total_1940,densidade_buffer_real_future_1949,densidade_buffer_sintetica_future_1949,3.48271894760694,3.042601124078157,1.144651830976408,0.25257940682832847,3.777520529578398,1231,
1950,1950,Populacao,pop_total_1950,densidade_buffer_real_future_1950,densidade_buffer_sintetica_future_1950,7.791334662877055,7.577961401846909,1.0281570794195576,0.3040809173266452,1.3912535096676022,1232,
1951,1950,Populacao,pop_total_1950,densidade_buffer_real_future_1951,densidade_buffer_sintetica_future_1951,7.1178411080916995,5.465947291531826,1.3022154675949924,0.1930895385095053,2.4344367889174183,1234,
1953,1950,Populacao,pop_total_1950,densidade_buffer_real_future_1953,densidade_buffer_sintetica_future_1953,6.673636642214603,4.908378849278681,1.3596417161636452,0.17419538362696252,3.1227386944854962,1235,
1955,1950,Populacao,pop_total_1950,densidade_buffer_real_future_1955,densidade_buffer_sintetica_future_1955,7.329983238289067,5.747728894902472,1.2752833984201761,0.20245253839499944,2.490269240586119,1235,
1956,1950,Populacao,pop_total_1950,densidade_buffer_real_future_1956,densidade_buffer_sintetica_future_1956,7.3239619192205545,5.740821670022376,1.275768929988729,0.20228085723118142,2.4940487011435803,1235,
1957,1950,Populacao,pop_total_1950,densidade_buffer_real_future_1957,densidade_buffer_sintetica_future_1957,14.764552267879706,16.828397283426906,0.8773593836187993,0.38046476993145484,0.6643256252274277,1235,
1958,1950,Populacao,pop_total_1950,densidade_buffer_real_future_1958,densidade_buffer_sintetica_future_1958,8.31682203365057,5.148481171343044,1.615393308601928,0.10648474334962484,9.16155749125601,1236,
1961,1960,Populacao,pop_total_1960,densidade_buffer_real_future_1961,densidade_buffer_sintetica_future_1961,9.230458083610412,6.317579918913308,1.4610750005673294,0.1442529866437946,9.19997265523217,1236,
1962,1960,Populacao,pop_total_1960,densidade_buffer_real_future_1962,densidade_buffer_sintetica_future_1962,3.025139357979822,3.2351966707151107,0.9350712385937089,0.3499370848101492,82.74247310806686,1236,
1966,1960,Populacao,pop_total_1960,densidade_buffer_real_future_1966,densidade_buffer_sintetica_future_1966,-1.939793854223147,4.266158009448298,-0.454693391554431,0.6494109942246689,56.589984213543985,1235,
1969,1960,Populacao,pop_total_1960,densidade_buffer_real_future_1969,densidade_buffer_sintetica_future_1969,-0.03693179194221541,4.384978945567181,-0.008422341908745109,0.9932814032355263,70.99004656613455,1236,
1972,1970,Populacao,pop_total_1970,densidade_buffer_real_future_1972,densidade_buffer_sintetica_future_1972,4.917597768695176,5.813530146273615,0.8458884094455555,0.3977814183199121,58.07935567239006,1235,
1985,1980,Populacao,pop_total_1980,densidade_buffer_real_future_1985,densidade_buffer_sintetica_future_1985,8.432878868325343,11.668625188846395,0.7226968671841494,0.47000522373401266,261.3195657342084,1234,
1996,1996,Populacao,pop_total_1996,densidade_buffer_real_future_1996,densidade_buffer_sintetica_future_1996,-6251.741199722746,14729.376268100023,-0.42444032156761335,0.6713199242757621,0.10597645012733165,1233,
