Limiar_km,Outcome,Modelo,Coef,DP,P,F_Stat,N
10 km,PIB Total (2000),M1,1.9646549737363435,0.41415060284288274,2.0972756940018655e-6,72.34370880223697,1233
10 km,PIB Total (2000),M2,2.358650783811004,0.5018447546898822,2.6021115784313764e-6,56.9525301155607,1233
10 km,PIB Total (2000),M3,2.1743118610186833,0.5787228165579442,1.7190287586776876e-4,38.557181050904155,1233
10 km,PIB Total (2000),M4,2.1398565304125055,0.5949451259686592,3.2224360110544303e-4,36.2223414736542,1231
10 km,PIB Total (2010),M1,2.130173616103942,0.43368836119270526,9.026199481176889e-7,72.34370880223697,1233
10 km,PIB Total (2010),M2,2.5431836072261884,0.528096115339128,1.4664144079024055e-6,56.9525301155607,1233
10 km,PIB Total (2010),M3,2.3490679333637834,0.6083172097513821,1.1265431994811337e-4,38.557181050904155,1233
10 km,PIB Total (2010),M4,2.302085695516375,0.6229217510235092,2.193458361827716e-4,36.2223414736542,1231
10 km,PIB p.c. (2000),M1,0.5716553764814944,0.14659008977566484,9.631736908710664e-5,74.54471318038217,1229
10 km,PIB p.c. (2000),M2,0.8917871300584335,0.19256004615707978,3.6352471608491754e-6,58.93789293999641,1229
10 km,PIB p.c. (2000),M3,0.7921303881237595,0.2130316068440297,2.0051224124939537e-4,40.12338998638239,1229
10 km,PIB p.c. (2000),M4,0.8023410356670362,0.21900718253277374,2.48755735043682e-4,38.4167443618956,1228
10 km,PIB p.c. (2010),M1,0.5593549156262111,0.14721460557666752,1.4493657495218137e-4,72.34370880223697,1233
10 km,PIB p.c. (2010),M2,0.8853912499289469,0.1953792813367646,5.8523723212022816e-6,56.9525301155607,1233
10 km,PIB p.c. (2010),M3,0.7682097633607177,0.21748515806852306,4.120552831405888e-4,38.557181050904155,1233
10 km,PIB p.c. (2010),M4,0.7919886495081513,0.2262403878461194,4.641231452131578e-4,36.2223414736542,1231
10 km,Pop. Total (1991),M1,1.308488861934523,0.3033345014023991,1.6055716800522646e-5,73.45886619879487,1228
10 km,Pop. Total (1991),M2,1.369364644657998,0.34516774515933735,7.270856313712493e-5,57.97995133252102,1228
10 km,Pop. Total (1991),M3,1.3416500137537564,0.40950058788533317,0.0010517383078512132,39.76397098916748,1228
10 km,Pop. Total (1991),M4,1.319756766704054,0.4175900130672217,0.0015754582760283409,38.03770834107424,1227
10 km,Pop. Total (2000),M1,1.4304854987071907,0.31731305246505115,6.540440739000175e-6,74.54471318038217,1229
10 km,Pop. Total (2000),M2,1.507805102089749,0.362155192164274,3.1351236930987625e-5,58.93789293999641,1229
10 km,Pop. Total (2000),M3,1.464373593941008,0.42906293542382073,6.426194627624504e-4,40.12338998638239,1229
10 km,Pop. Total (2000),M4,1.4392853001322095,0.43676500360603504,9.830577796841045e-4,38.4167443618956,1228
10 km,Pop. Total (2010),M1,1.5708187004777336,0.3397388073981381,3.771242128358665e-6,72.34370880223697,1233
10 km,Pop. Total (2010),M2,1.6577923572972424,0.3899041040159722,2.1206384442029602e-5,56.9525301155607,1233
10 km,Pop. Total (2010),M3,1.580858170003048,0.4643659399059984,6.632486124273917e-4,38.557181050904155,1233
10 km,Pop. Total (2010),M4,1.5100970460082237,0.47023660304128,0.0013211025098400775,36.2223414736542,1231
10 km,Tx. Urban. (2010),M1,0.14024599847213687,0.05740319257357213,0.014558708500504336,72.34370880223697,1233
10 km,Tx. Urban. (2010),M2,0.21193259969046674,0.06734023440131853,0.001648470727006579,56.9525301155607,1233
10 km,Tx. Urban. (2010),M3,0.12009327252467761,0.07563280195937017,0.11232107566492466,38.557181050904155,1233
10 km,Tx. Urban. (2010),M4,0.1447894930499662,0.07913554300813422,0.06730390524821694,36.2223414736542,1231
10 km,Val. Prod. (2000),M1,2.9813935004942484,0.7134689711064152,2.9314269852642738e-5,45.01066448213833,928
10 km,Val. Prod. (2000),M2,3.2984211905332197,0.8161524952830247,5.3126792205704376e-5,37.83473939728721,928
10 km,Val. Prod. (2000),M3,2.7613095435156456,1.0217708140028712,0.0068825468834534664,19.17806535455944,928
10 km,Val. Prod. (2000),M4,2.3887777326351523,1.0003268884045993,0.016940474347856282,17.46912039804698,927
10 km,Val. Prod. (2010),M1,3.9041101856481175,0.8962766536892236,1.3250864057345879e-5,45.01066448213833,928
10 km,Val. Prod. (2010),M2,4.514994524057497,1.0602146604846603,2.0574211379464913e-5,37.83473939728721,928
10 km,Val. Prod. (2010),M3,3.2971968692505236,1.194953829314255,0.005793115191329745,19.17806535455944,928
10 km,Val. Prod. (2010),M4,2.869634768530207,1.1755583918520869,0.014643317708800563,17.46912039804698,927
10 km,IDHM (2000),M1,0.07073317985027884,0.01706229461404592,3.3894833964431825e-5,72.34370880223697,1233
10 km,IDHM (2000),M2,0.08951001059106145,0.020596835933059367,1.387603419411576e-5,56.9525301155607,1233
10 km,IDHM (2000),M3,0.08840354734597211,0.024524634723224435,3.1253350538107405e-4,38.557181050904155,1233
10 km,IDHM (2000),M4,0.09852326610786066,0.025842155660618066,1.37567202650013e-4,36.2223414736542,1231
10 km,IDHM (2010),M1,0.04275122341959528,0.012265670512665958,4.913336688938674e-4,72.34370880223697,1233
10 km,IDHM (2010),M2,0.056581181876697,0.014657402497959335,1.1327285179474345e-4,56.9525301155607,1233
10 km,IDHM (2010),M3,0.054772316918892804,0.017229711875978174,0.001478118245517468,38.557181050904155,1233
10 km,IDHM (2010),M4,0.061287438868936776,0.017936622120167632,6.33412028654412e-4,36.2223414736542,1231
10 km,Renda p.c. (2000),M1,0.39006653233100685,0.09769283411934188,6.530163349527385e-5,72.34370880223697,1233
10 km,Renda p.c. (2000),M2,0.5523050084652454,0.12393085717581555,8.328621462272423e-6,56.9525301155607,1233
10 km,Renda p.c. (2000),M3,0.5632857121419811,0.15635288666698846,3.149818878718236e-4,38.557181050904155,1233
10 km,Renda p.c. (2000),M4,0.6082550915950771,0.1613124592363446,1.6281372871396194e-4,36.2223414736542,1231
10 km,Renda p.c. (2010),M1,0.2551901640559826,0.0780979183625485,0.0010847626938534916,72.34370880223697,1233
10 km,Renda p.c. (2010),M2,0.39015123214338004,0.09726530963318375,6.0409269297068136e-5,56.9525301155607,1233
10 km,Renda p.c. (2010),M3,0.35911140184780094,0.11819062366235009,0.002378312754648393,38.557181050904155,1233
10 km,Renda p.c. (2010),M4,0.39737641050410183,0.12206882628416671,0.0011325382426907726,36.2223414736542,1231
10 km,% Pobres (2010),M1,-11.879647181361838,3.1857682976610295,1.9226097887958815e-4,72.34370880223697,1233
10 km,% Pobres (2010),M2,-15.908261837348158,3.8778719102645836,4.0903244077794554e-5,56.9525301155607,1233
10 km,% Pobres (2010),M3,-15.903866419903064,4.733643572241935,7.801258918342935e-4,38.557181050904155,1233
10 km,% Pobres (2010),M4,-17.460450820417687,4.989066538254945,4.6570687443292513e-4,36.2223414736542,1231
25 km,PIB Total (2000),M1,0.9399396381034798,0.19192910044320904,9.71489119372393e-7,174.28863326865428,1233
25 km,PIB Total (2000),M2,1.365902885245044,0.24848124435508867,3.8629361265307693e-8,112.97039666307668,1233
25 km,PIB Total (2000),M3,1.2360022841312552,0.2854105470581895,1.4869562283692517e-5,82.96770990610244,1233
25 km,PIB Total (2000),M4,1.176251156955336,0.2904665749068174,5.132207267233291e-5,79.27914318788379,1231
25 km,PIB Total (2010),M1,1.0230234416547463,0.19703031988565914,2.078087595336342e-7,174.28863326865428,1233
25 km,PIB Total (2010),M2,1.4699787156536686,0.2565100609546715,1.0002504602368845e-8,112.97039666307668,1233
25 km,PIB Total (2010),M3,1.3265208086388678,0.2948408803966055,6.8239354280574815e-6,82.96770990610244,1233
25 km,PIB Total (2010),M4,1.2543660746034733,0.29906024413085414,2.73644109094473e-5,79.27914318788379,1231
25 km,PIB p.c. (2000),M1,0.2961396625501852,0.0690740731622276,1.808769541811195e-5,170.2440337375105,1229
25 km,PIB p.c. (2000),M2,0.6762970500416065,0.09984336213606253,1.2563283746658271e-11,109.75184391832929,1229
25 km,PIB p.c. (2000),M3,0.6650847905137491,0.11627020059305113,1.0642034142804846e-8,80.49897502428104,1229
25 km,PIB p.c. (2000),M4,0.6630846476816361,0.11905452319797324,2.5534235170709962e-8,78.57528084114853,1228
25 km,PIB p.c. (2010),M1,0.27751108349174886,0.06658990732590775,3.080062857296895e-5,174.28863326865428,1233
25 km,PIB p.c. (2010),M2,0.6486065701316301,0.09607613054827031,1.468647425895142e-11,112.97039666307668,1233
25 km,PIB p.c. (2010),M3,0.6148687419243064,0.11273462017385076,4.921449692218971e-8,82.96770990610244,1233
25 km,PIB p.c. (2010),M4,0.6294554034171065,0.11525935045632947,4.729028812988645e-8,79.27914318788379,1231
25 km,Pop. Total (1991),M1,0.5442440139171256,0.1487230779485619,2.5276148724495684e-4,169.94878021721942,1228
25 km,Pop. Total (1991),M2,0.5664317799670424,0.18420122359877414,0.002104526811038676,109.55881034242401,1228
25 km,Pop. Total (1991),M3,0.4614968721849375,0.21593253243745614,0.0325795203168171,80.45301584022162,1228
25 km,Pop. Total (1991),M4,0.4244962360315935,0.21704451362323518,0.050488405991621965,78.52384129300924,1227
25 km,Pop. Total (2000),M1,0.6113274074146011,0.154857883925732,7.891636260803914e-5,170.2440337375105,1229
25 km,Pop. Total (2000),M2,0.6545792142210654,0.19197434535215105,6.502904745171456e-4,109.75184391832929,1229
25 km,Pop. Total (2000),M3,0.5403625331010931,0.22334372701420566,0.015545231276800964,80.49897502428104,1229
25 km,Pop. Total (2000),M4,0.49893032379174385,0.2243802446606925,0.026175845227784267,78.57528084114853,1228
25 km,Pop. Total (2010),M1,0.7455123581629962,0.16161762879501473,3.972502489402174e-6,174.28863326865428,1233
25 km,Pop. Total (2010),M2,0.8213721455220364,0.20138718649655032,4.531316417311082e-5,112.97039666307668,1233
25 km,Pop. Total (2010),M3,0.7116520667145554,0.2346284959748688,0.0024205408970761066,82.96770990610244,1233
25 km,Pop. Total (2010),M4,0.6249106711863565,0.23363779770854481,0.00747964786097266,79.27914318788379,1231
25 km,Tx. Urban. (2010),M1,0.06509843735176254,0.031680385919064226,0.03989350624454158,174.28863326865428,1233
25 km,Tx. Urban. (2010),M2,0.1449191939783317,0.039672625357276003,2.5931914587684624e-4,112.97039666307668,1233
25 km,Tx. Urban. (2010),M3,0.09996149180589199,0.0449632605209862,0.026203559530175724,82.96770990610244,1233
25 km,Tx. Urban. (2010),M4,0.11610233503507919,0.04652030368702038,0.012569658038952936,79.27914318788379,1231
25 km,Val. Prod. (2000),M1,1.943795468123444,0.36321524712478936,8.716302302147483e-8,90.910150782074,928
25 km,Val. Prod. (2000),M2,2.4369690205240797,0.45624217369145137,9.223475339048548e-8,65.74678573852084,928
25 km,Val. Prod. (2000),M3,1.9988311446156555,0.5530012110542715,3.0091045336377853e-4,38.66918610687115,928
25 km,Val. Prod. (2000),M4,1.7580450479454857,0.541525351167541,0.0011684633737918393,36.05297187809414,927
25 km,Val. Prod. (2010),M1,2.5149855733024618,0.45149835079220507,2.542871468946828e-8,90.910150782074,928
25 km,Val. Prod. (2010),M2,3.4000998756151337,0.6027283792345582,1.6888771492418186e-8,65.74678573852084,928
25 km,Val. Prod. (2010),M3,2.3625550944015608,0.6761350063457465,4.7547372226786067e-4,38.66918610687115,928
25 km,Val. Prod. (2010),M4,2.089497987438315,0.667689900437492,0.0017513759938800888,36.05297187809414,927
25 km,IDHM (2000),M1,0.03184016466844203,0.009452649822206297,7.56099092414031e-4,174.28863326865428,1233
25 km,IDHM (2000),M2,0.05172875757488851,0.011836899777952095,1.2417418695065408e-5,112.97039666307668,1233
25 km,IDHM (2000),M3,0.05565485230594277,0.01376307939401065,5.2596485545119975e-5,82.96770990610244,1233
25 km,IDHM (2000),M4,0.06228400686100169,0.013441604687235518,3.5923349106514735e-6,79.27914318788379,1231
25 km,IDHM (2010),M1,0.014103379718471571,0.006936497126929521,0.042030956028905386,174.28863326865428,1233
25 km,IDHM (2010),M2,0.02709584958259667,0.008494067671729154,0.001422859095821627,112.97039666307668,1233
25 km,IDHM (2010),M3,0.02904755470518915,0.009745425673939065,0.002876516259548545,82.96770990610244,1233
25 km,IDHM (2010),M4,0.03350011763159889,0.00936571344382017,3.477076990572314e-4,79.27914318788379,1231
25 km,Renda p.c. (2000),M1,0.1930247207437738,0.055993286632912406,5.662545084468285e-4,174.28863326865428,1233
25 km,Renda p.c. (2000),M2,0.37665854414898264,0.07445336044950102,4.214907389776812e-7,112.97039666307668,1233
25 km,Renda p.c. (2000),M3,0.3990198771192215,0.09133846178885549,1.2505387491090758e-5,82.96770990610244,1233
25 km,Renda p.c. (2000),M4,0.4303042929643924,0.08739048704062369,8.482491609118625e-7,79.27914318788379,1231
25 km,Renda p.c. (2010),M1,0.11553678713342609,0.04538430960583529,0.01090454470561264,174.28863326865428,1233
25 km,Renda p.c. (2010),M2,0.26491326271094606,0.05875200970309098,6.513155270448934e-6,112.97039666307668,1233
25 km,Renda p.c. (2010),M3,0.2626516522482262,0.06985480216913278,1.6993673184684255e-4,82.96770990610244,1233
25 km,Renda p.c. (2010),M4,0.2882376617401943,0.06762626612854274,2.024108823883708e-5,79.27914318788379,1231
25 km,% Pobres (2010),M1,-6.841660816567618,1.7734535911635323,1.1440388068928442e-4,174.28863326865428,1233
25 km,% Pobres (2010),M2,-11.736969193428763,2.3070984360547393,3.6314121620861783e-7,112.97039666307668,1233
25 km,% Pobres (2010),M3,-12.703966289806225,2.8109252457092295,6.198692654946214e-6,82.96770990610244,1233
25 km,% Pobres (2010),M4,-13.79069611468405,2.8220790626342485,1.0253234394852484e-6,79.27914318788379,1231
50 km,PIB Total (2000),M1,0.02191237768573905,0.1483601918797927,0.8825817800262656,355.33672556497584,1233
50 km,PIB Total (2000),M2,0.15850780580633114,0.1929757666876697,0.4114258078079036,180.31584058402242,1233
50 km,PIB Total (2000),M3,-0.015414046313716234,0.214994866601104,0.9428446747587504,157.17614032152034,1233
50 km,PIB Total (2000),M4,-0.08969266843715741,0.21758178060638356,0.6801744509918264,153.65591889974098,1231
50 km,PIB Total (2010),M1,0.09747412090612077,0.15259292613266384,0.5229626005219832,355.33672556497584,1233
50 km,PIB Total (2010),M2,0.2736838698794915,0.20020408283255212,0.17161765187177846,180.31584058402242,1233
50 km,PIB Total (2010),M3,0.10395855824595968,0.2220800731039085,0.6397038186245549,157.17614032152034,1233
50 km,PIB Total (2010),M4,0.019087860269722576,0.2241509916817101,0.9321371631729525,153.65591889974098,1231
50 km,PIB p.c. (2000),M1,-0.12594919712123206,0.059608572372830494,0.03460610440845113,348.43716970872003,1229
50 km,PIB p.c. (2000),M2,0.18699690907002237,0.07329212799033545,0.010729373966711142,174.52453009965865,1229
50 km,PIB p.c. (2000),M3,0.12393512563785385,0.07699316436999241,0.10746555230978094,151.72282229460168,1229
50 km,PIB p.c. (2000),M4,0.11755096598416229,0.07806351415280996,0.13210889741931786,153.01103662498153,1228
50 km,PIB p.c. (2010),M1,-0.09949030919905251,0.0579634183586397,0.08608286789259223,355.33672556497584,1233
50 km,PIB p.c. (2010),M2,0.23029733558897336,0.07466538915019207,0.002039685893437282,180.31584058402242,1233
50 km,PIB p.c. (2010),M3,0.17482002698625995,0.08053946135765461,0.029960414942835856,157.17614032152034,1233
50 km,PIB p.c. (2010),M4,0.1817801635673375,0.08079880250205206,0.024462416127685183,153.65591889974098,1231
50 km,Pop. Total (1991),M1,0.11779431226719626,0.12263039539528303,0.33677156352818693,348.15089590941966,1228
50 km,Pop. Total (1991),M2,-0.06506307478111689,0.16700310838274912,0.6968382696882305,174.40241674539251,1228
50 km,Pop. Total (1991),M3,-0.1652352163034317,0.18541859084850662,0.37285032682648556,151.56172019656785,1228
50 km,Pop. Total (1991),M4,-0.1907612287641844,0.18552330296116223,0.3038401212786934,152.85333232664453,1227
50 km,Pop. Total (2000),M1,0.1277158832354893,0.12624522219230427,0.3117057930510163,348.43716970872003,1229
50 km,Pop. Total (2000),M2,-0.053772665092228666,0.17046209488795788,0.7524182394406846,174.52453009965865,1229
50 km,Pop. Total (2000),M3,-0.1683169429717044,0.1898611592395535,0.3753338977804104,151.72282229460168,1229
50 km,Pop. Total (2000),M4,-0.19606311716791283,0.19054946424974759,0.3035099631948981,153.01103662498153,1228
50 km,Pop. Total (2010),M1,0.19696443010517353,0.1301446161853381,0.13017112553478416,355.33672556497584,1233
50 km,Pop. Total (2010),M2,0.04338653429051814,0.17714445325983458,0.8065169994711878,180.31584058402242,1233
50 km,Pop. Total (2010),M3,-0.07086146874029914,0.19898800674120842,0.7217587543644497,157.17614032152034,1233
50 km,Pop. Total (2010),M4,-0.16269230329762077,0.19516772696396625,0.4045050216421999,153.65591889974098,1231
50 km,Tx. Urban. (2010),M1,-0.024117547788871666,0.026057597863579095,0.3546811232499647,355.33672556497584,1233
50 km,Tx. Urban. (2010),M2,0.041940337852844956,0.035906057551315027,0.24278359402547967,180.31584058402242,1233
50 km,Tx. Urban. (2010),M3,0.009365062292545065,0.038239398482980066,0.8065291314255121,157.17614032152034,1233
50 km,Tx. Urban. (2010),M4,0.0211801725239994,0.038301508049048465,0.580273447395331,153.65591889974098,1231
50 km,Val. Prod. (2000),M1,0.5255368051383356,0.3382922311205464,0.12030385339348659,138.0037158491672,928
50 km,Val. Prod. (2000),M2,0.7073806628687358,0.4459013954335688,0.11264723324485271,81.40188592746861,928
50 km,Val. Prod. (2000),M3,0.08502258479280156,0.44531760931928643,0.8485837898728126,68.52598327595473,928
50 km,Val. Prod. (2000),M4,-0.03472525314149599,0.4279128562130752,0.935322430475124,71.41100593448667,927
50 km,Val. Prod. (2010),M1,0.9454903617448998,0.37317144312282075,0.011287750211267822,138.0037158491672,928
50 km,Val. Prod. (2010),M2,1.7410619213234706,0.5495461398128055,0.0015339571567438703,81.40188592746861,928
50 km,Val. Prod. (2010),M3,1.082757892311247,0.5287669434979008,0.040589065997900464,68.52598327595473,928
50 km,Val. Prod. (2010),M4,0.9205704634029543,0.49609134551324896,0.06350387648298761,71.41100593448667,927
50 km,IDHM (2000),M1,0.00471501123070662,0.008473300677994573,0.5778997923609361,355.33672556497584,1233
50 km,IDHM (2000),M2,0.020281031748779463,0.012113866016544949,0.09409134388130957,180.31584058402242,1233
50 km,IDHM (2000),M3,0.021919753909116987,0.012736612534065059,0.08525020074739542,157.17614032152034,1233
50 km,IDHM (2000),M4,0.027900269510693562,0.01197805272854356,0.01984410083347643,153.65591889974098,1231
50 km,IDHM (2010),M1,-0.002183154642536969,0.006071780879570584,0.719178035206061,355.33672556497584,1233
50 km,IDHM (2010),M2,0.007895677569632517,0.008470759972816225,0.3512798336095815,180.31584058402242,1233
50 km,IDHM (2010),M3,0.008840664269735652,0.00872725344168487,0.3110625399068174,157.17614032152034,1233
50 km,IDHM (2010),M4,0.01323193761913283,0.008044275859678344,0.09999278723881311,153.65591889974098,1231
50 km,Renda p.c. (2000),M1,-0.048230952549726716,0.049531249747807864,0.33018170626304366,355.33672556497584,1233
50 km,Renda p.c. (2000),M2,0.08531683684773028,0.0708930342373763,0.22879887498216367,180.31584058402242,1233
50 km,Renda p.c. (2000),M3,0.07046735269190983,0.07662434227087113,0.35775721504397406,157.17614032152034,1233
50 km,Renda p.c. (2000),M4,0.1029062751701151,0.06759830854980868,0.12792885207790206,153.65591889974098,1231
50 km,Renda p.c. (2010),M1,-0.054367768762480125,0.03985409402575025,0.17251399418293611,355.33672556497584,1233
50 km,Renda p.c. (2010),M2,0.06611926375462576,0.054465150173723824,0.22475774016888206,180.31584058402242,1233
50 km,Renda p.c. (2010),M3,0.04878183471368478,0.058139559294487726,0.40144282075919757,157.17614032152034,1233
50 km,Renda p.c. (2010),M4,0.07440274376926068,0.05272402586742903,0.1581934862422376,153.65591889974098,1231
50 km,% Pobres (2010),M1,0.580563866329483,1.4862303014297664,0.6960718795782479,355.33672556497584,1233
50 km,% Pobres (2010),M2,-2.5562508228587753,2.0252322360077137,0.20687635008591365,180.31584058402242,1233
50 km,% Pobres (2010),M3,-2.1776154004220913,2.174484317118764,0.31661417262054004,157.17614032152034,1233
50 km,% Pobres (2010),M4,-3.0266619382175937,2.0749613473670907,0.14465886732642375,153.65591889974098,1231
100 km,PIB Total (2000),M1,-0.37547478839796544,0.16006162894082057,0.018985586121932574,897.7367604645647,1233
100 km,PIB Total (2000),M2,-0.897057387080136,0.32831326249362064,0.006288973840077539,230.17578190044168,1233
100 km,PIB Total (2000),M3,-0.6778923289121123,0.3167361227870534,0.032335118663679996,258.6562091652257,1233
100 km,PIB Total (2000),M4,-0.7827642675703982,0.31963406007038087,0.014327777044473855,231.3084053756143,1231
100 km,PIB Total (2010),M1,-0.3642603102711176,0.1680652327961854,0.03020630532151758,897.7367604645647,1233
100 km,PIB Total (2010),M2,-0.8960928546301468,0.3456495656591956,0.009528410191192771,230.17578190044168,1233
100 km,PIB Total (2010),M3,-0.665934836867678,0.3330091380676157,0.045527326791023226,258.6562091652257,1233
100 km,PIB Total (2010),M4,-0.7663173249833763,0.33475492638563853,0.02206836827536285,231.3084053756143,1231
100 km,PIB p.c. (2000),M1,-0.41283046815133057,0.07210780750445743,1.0332167565962891e-8,877.5043019531975,1229
100 km,PIB p.c. (2000),M2,-0.33289447493304714,0.120557154173134,0.005757175843620788,212.07726472231522,1229
100 km,PIB p.c. (2000),M3,-0.24444574766230676,0.10928444196625887,0.025300427012128424,240.40284655523084,1229
100 km,PIB p.c. (2000),M4,-0.2429882704855037,0.11079902441607131,0.028303471282176584,230.82730332706336,1228
100 km,PIB p.c. (2010),M1,-0.43347075068350377,0.06962169651812766,4.782281237680763e-10,897.7367604645647,1233
100 km,PIB p.c. (2010),M2,-0.3915159477637178,0.11861000543883364,9.638628697257179e-4,230.17578190044168,1233
100 km,PIB p.c. (2010),M3,-0.29183392425138727,0.10479990748431812,0.005358101734134868,258.6562091652257,1233
100 km,PIB p.c. (2010),M4,-0.2659139950012656,0.11070596446864278,0.01630640567471353,231.3084053756143,1231
100 km,Pop. Total (1991),M1,0.030059803856075325,0.12817265356113244,0.8145767471188772,876.7844460861315,1228
100 km,Pop. Total (1991),M2,-0.5892864247612195,0.26772051489924603,0.027727147774514016,211.8777359137219,1228
100 km,Pop. Total (1991),M3,-0.49853743156641117,0.2595204166385571,0.05473233356797014,240.19748712527146,1228
100 km,Pop. Total (1991),M4,-0.4752884165744663,0.26721913032132244,0.07529770741176622,230.6164572293991,1227
100 km,Pop. Total (2000),M1,0.011512023385411255,0.13627089319406913,0.932675630229779,877.5043019531975,1229
100 km,Pop. Total (2000),M2,-0.6657956270926704,0.278145759680475,0.01667969203763664,212.07726472231522,1229
100 km,Pop. Total (2000),M3,-0.5585496470577656,0.2694332622086836,0.03816727329050407,240.40284655523084,1229
100 km,Pop. Total (2000),M4,-0.534324153581092,0.2771820914703557,0.05389234620885741,230.82730332706336,1228
100 km,Pop. Total (2010),M1,0.06921044041238653,0.14424948597645523,0.6313718952060836,897.7367604645647,1233
100 km,Pop. Total (2010),M2,-0.5045769068664272,0.3058034261060283,0.0989420974994677,230.17578190044168,1233
100 km,Pop. Total (2010),M3,-0.37410091261629597,0.3005381659724001,0.21321628244960733,258.6562091652257,1233
100 km,Pop. Total (2010),M4,-0.5004033299821161,0.2850529508902443,0.07917809262113162,231.3084053756143,1231
100 km,Tx. Urban. (2010),M1,-0.12163825954646815,0.026052733722655142,3.027798932686565e-6,897.7367604645647,1233
100 km,Tx. Urban. (2010),M2,-0.18195885504148113,0.053762748359846804,7.131365633434861e-4,230.17578190044168,1233
100 km,Tx. Urban. (2010),M3,-0.13949134764207702,0.04900429446214841,0.0044200962970213364,258.6562091652257,1233
100 km,Tx. Urban. (2010),M4,-0.14252848125285222,0.05150544632680899,0.005653126777914741,231.3084053756143,1231
100 km,Val. Prod. (2000),M1,-0.493460076437591,0.252115566621206,0.050314874434213674,595.7379737552599,928
100 km,Val. Prod. (2000),M2,-1.6944883761678327,0.5867156238455544,0.0038758716956475148,169.04765606792168,928
100 km,Val. Prod. (2000),M3,-0.825065588830755,0.535500598834555,0.12338080663944528,168.32740018007345,928
100 km,Val. Prod. (2000),M4,-0.7047385697192603,0.5361880050661908,0.1887285328554551,165.27129063997555,927
100 km,Val. Prod. (2010),M1,-0.8830794159337646,0.3268556703829029,0.006897743895368569,595.7379737552599,928
100 km,Val. Prod. (2010),M2,-1.8945505585840996,0.7124305623742561,0.007830843664946352,169.04765606792168,928
100 km,Val. Prod. (2010),M3,-0.4521379329518713,0.5932613480884333,0.44598678334205566,168.32740018007345,928
100 km,Val. Prod. (2010),M4,-0.29402720438981444,0.5892332218507278,0.617779591262575,165.27129063997555,927
100 km,IDHM (2000),M1,-0.02227012408774144,0.008518285936122439,0.008938686118048933,897.7367604645647,1233
100 km,IDHM (2000),M2,-0.0407621341334606,0.01877719526004818,0.029943882949651,230.17578190044168,1233
100 km,IDHM (2000),M3,-0.03241929268603977,0.016956408736138538,0.055886488538754,258.6562091652257,1233
100 km,IDHM (2000),M4,-0.024164282541178205,0.01504609079247627,0.10827010258854197,231.3084053756143,1231
100 km,IDHM (2010),M1,-0.02035865549231419,0.006235867325738358,0.0010955405422441444,897.7367604645647,1233
100 km,IDHM (2010),M2,-0.03612139711265611,0.013362814237184563,0.00686902919451704,230.17578190044168,1233
100 km,IDHM (2010),M3,-0.02990381322321901,0.011943340773074351,0.012286523961241524,258.6562091652257,1233
100 km,IDHM (2010),M4,-0.023831615038388317,0.010237455653619915,0.01991823386465552,231.3084053756143,1231
100 km,Renda p.c. (2000),M1,-0.22451215299816044,0.054278890831044785,3.529966734894252e-5,897.7367604645647,1233
100 km,Renda p.c. (2000),M2,-0.3006168293568744,0.12249887535655724,0.014126226368388117,230.17578190044168,1233
100 km,Renda p.c. (2000),M3,-0.25829756853841024,0.1141169675387809,0.02360822341929958,258.6562091652257,1233
100 km,Renda p.c. (2000),M4,-0.17361583219390772,0.09086489444771816,0.056042750895976434,231.3084053756143,1231
100 km,Renda p.c. (2010),M1,-0.20124628752809545,0.04473584331667653,6.841951640135235e-6,897.7367604645647,1233
100 km,Renda p.c. (2010),M2,-0.24799924420733088,0.09450745863029225,0.008687227599304181,230.17578190044168,1233
100 km,Renda p.c. (2010),M3,-0.20646036485483643,0.08710916008132225,0.01778164886796052,258.6562091652257,1233
100 km,Renda p.c. (2010),M4,-0.15327189415093836,0.0744695359664035,0.03957261985876781,231.3084053756143,1231
100 km,% Pobres (2010),M1,6.99997732492901,1.5576608459189674,6.992936983474252e-6,897.7367604645647,1233
100 km,% Pobres (2010),M2,13.52995832354329,3.2501463615863675,3.1426318650051854e-5,230.17578190044168,1233
100 km,% Pobres (2010),M3,12.026529364455772,3.0558326008545467,8.298971160991542e-5,258.6562091652257,1233
100 km,% Pobres (2010),M4,11.322114087897395,3.032928671544151,1.891651856065213e-4,231.3084053756143,1231
