ano_tratamento,outcome_var,variavel_endogena,variavel_instrumento,coeficiente,erro_padrao,t_estatistica,p_valor,F_stat_1estagio,n_observacoes,significancia,coeficiente_sig
1880,log(pib_1970),densidade_buffer_real_1880,densidade_buffer_sintetica_1880,7.852109983751446,5.607944132535206,1.4001762139883713,0.16170138876413856,154.71842265362073,1310,,+7.8521
1880,log(pop_total_1970),densidade_buffer_real_1880,densidade_buffer_sintetica_1880,3.531613656332777,2.306744763233918,1.5309945480841436,0.12601572787126178,155.18005427420718,1310,,+3.5316
1880,log(pib_1980),densidade_buffer_real_1880,densidade_buffer_sintetica_1880,8.523182150539991,6.33490314265092,1.3454321176840216,0.17872272204236084,154.61535682568274,1310,,+8.5232
1880,log(pop_total_1980),densidade_buffer_real_1880,densidade_buffer_sintetica_1880,3.816073382680875,2.7566882983961536,1.3842962894648168,0.16650716472251242,155.0052844860496,1310,,+3.8161
1880,log(pop_total_1991),densidade_buffer_real_1880,densidade_buffer_sintetica_1880,3.984517042358753,3.0064072779030964,1.3253417365121158,0.18529342063552592,154.45273069909965,1310,,+3.9845
1880,log(pib_2000),densidade_buffer_real_1880,densidade_buffer_sintetica_1880,9.564011142841279,6.999283835058554,1.3664271042897733,0.17204288324823777,155.18005427420718,1310,,+9.5640
1880,log(pop_total_2000),densidade_buffer_real_1880,densidade_buffer_sintetica_1880,4.603775499561121,3.189956578289648,1.4432094564840494,0.1492050102858379,154.7333861016946,1310,,+4.6038
1880,log(pib_2010),densidade_buffer_real_1880,densidade_buffer_sintetica_1880,10.454569106289918,6.927628488566496,1.509112263099033,0.13151478087005072,155.18005427420718,1310,,+10.4546
1880,log(pop_total_2010),densidade_buffer_real_1880,densidade_buffer_sintetica_1880,4.767139936595179,3.048465734489408,1.5637833427685335,0.1181135344836797,155.18005427420718,1310,,+4.7671
1880,log(pib_2021),densidade_buffer_real_1880,densidade_buffer_sintetica_1880,9.96581396797484,5.821883316637351,1.7117852464502799,0.0871764246697967,155.18005427420718,1310,*,+9.9658*
1880,log(pop_total_2022),densidade_buffer_real_1880,densidade_buffer_sintetica_1880,4.887691222960618,2.9282132689271854,1.6691718717439357,0.0953265283611396,154.90398981913228,1310,*,+4.8877*
1880,log(pib_2023),densidade_buffer_real_1880,densidade_buffer_sintetica_1880,10.38110092215813,6.046724309115041,1.7168139957215014,0.0862530223112706,155.18005427420718,1310,*,+10.3811*
1911,log(pib_1970),densidade_buffer_real_1911,densidade_buffer_sintetica_1911,1.34265168323885,0.6687991976573818,2.0075557625394684,0.044905936657056215,116.3716691316581,1269,**,+1.3427**
1911,log(pop_total_1970),densidade_buffer_real_1911,densidade_buffer_sintetica_1911,0.8371610598142811,0.5171680324761733,1.618740926050665,0.10575528284686131,116.93388489249189,1269,,+0.8372
1911,log(pib_1980),densidade_buffer_real_1911,densidade_buffer_sintetica_1911,1.1771674729210866,0.7138196285010466,1.6491105398614863,0.0993770637858237,116.4586757500172,1269,*,+1.1772*
1911,log(pop_total_1980),densidade_buffer_real_1911,densidade_buffer_sintetica_1911,0.6050967166205101,0.5302353751063604,1.141185113307714,0.2540114748724858,116.93388489249189,1269,,+0.6051
1911,log(pop_total_1991),densidade_buffer_real_1911,densidade_buffer_sintetica_1911,0.9694600708149939,0.56384581299484,1.7193708784778468,0.0857952145925331,118.7300268189487,1269,*,+0.9695*
1911,log(pib_2000),densidade_buffer_real_1911,densidade_buffer_sintetica_1911,1.1066850282287173,0.713800460377676,1.5504123206129117,0.12129571461150483,116.93388489249189,1269,,+1.1067
1911,log(pop_total_2000),densidade_buffer_real_1911,densidade_buffer_sintetica_1911,1.0730378744768516,0.5736269583575663,1.8706196751094482,0.06163189444768226,119.04435900387179,1269,*,+1.0730*
1911,log(pib_2010),densidade_buffer_real_1911,densidade_buffer_sintetica_1911,1.416908001716259,0.7723457752597673,1.8345513720712752,0.06680974539059924,116.93388489249189,1269,*,+1.4169*
1911,log(pop_total_2010),densidade_buffer_real_1911,densidade_buffer_sintetica_1911,1.067792301953134,0.5961816911819436,1.7910518181734356,0.07352685329520778,116.93388489249189,1269,*,+1.0678*
1911,log(pib_2021),densidade_buffer_real_1911,densidade_buffer_sintetica_1911,1.6764507035088538,0.8448013609016429,1.9844318216055012,0.04742608865215947,116.93388489249189,1269,**,+1.6765**
1911,log(pop_total_2022),densidade_buffer_real_1911,densidade_buffer_sintetica_1911,1.2866362632202797,0.6235019187840574,2.0635642400739607,0.03926559884997811,119.90996292027904,1269,**,+1.2866**
1911,log(pib_2023),densidade_buffer_real_1911,densidade_buffer_sintetica_1911,1.5228487047025598,0.821964448260521,1.852694125549204,0.06416178699534109,116.93388489249189,1269,*,+1.5228*
1936,log(pib_1970),densidade_buffer_real_1936,densidade_buffer_sintetica_1936,2.359162308754253,0.8285562073048771,2.8473171620162288,0.004482965810281421,62.206418361814734,1240,***,+2.3592***
1936,log(pop_total_1970),densidade_buffer_real_1936,densidade_buffer_sintetica_1936,1.1205916920926189,0.6040193941070556,1.8552246881894103,0.06380502676056549,62.61936314659501,1240,*,+1.1206*
1936,log(pib_1980),densidade_buffer_real_1936,densidade_buffer_sintetica_1936,2.046092401106531,0.8612972376751135,2.3755938270851966,0.017674883418420027,62.290737264762804,1240,**,+2.0461**
1936,log(pop_total_1980),densidade_buffer_real_1936,densidade_buffer_sintetica_1936,1.0397677591899113,0.622028971327652,1.6715744878741614,0.09486449330520617,62.61936314659501,1240,*,+1.0398*
1936,log(pop_total_1991),densidade_buffer_real_1936,densidade_buffer_sintetica_1936,1.720356167025991,0.6835559165535593,2.5167745978996208,0.011971172396441717,64.4606489864397,1240,**,+1.7204**
1936,log(pib_2000),densidade_buffer_real_1936,densidade_buffer_sintetica_1936,2.2648358077353623,0.8856693932130003,2.557202298161248,0.01067180506868809,62.61936314659501,1240,**,+2.2648**
1936,log(pop_total_2000),densidade_buffer_real_1936,densidade_buffer_sintetica_1936,1.874168107706463,0.7111507186754779,2.6354021144731616,0.008510475831434949,64.79834478923105,1240,***,+1.8742***
1936,log(pib_2010),densidade_buffer_real_1936,densidade_buffer_sintetica_1936,2.9369969202939368,0.9845073879032687,2.983214708575155,0.0029090289795495497,62.61936314659501,1240,***,+2.9370***
1936,log(pop_total_2010),densidade_buffer_real_1936,densidade_buffer_sintetica_1936,1.9941144287995678,0.7572590046437597,2.633332078682467,0.008561960189111742,62.61936314659501,1240,***,+1.9941***
1936,log(pib_2021),densidade_buffer_real_1936,densidade_buffer_sintetica_1936,3.136934637610283,1.0470425907548728,2.995995258749396,0.0027906965206394565,62.61936314659501,1240,***,+3.1369***
1936,log(pop_total_2022),densidade_buffer_real_1936,densidade_buffer_sintetica_1936,2.257490434928501,0.802089168683497,2.8145130529986035,0.00496375525697563,64.03037537167998,1240,***,+2.2575***
1936,log(pib_2023),densidade_buffer_real_1936,densidade_buffer_sintetica_1936,2.876649776479932,1.0249073829448476,2.8067411986188517,0.005084099982406391,62.61936314659501,1240,***,+2.8766***
1950,log(pib_1970),densidade_buffer_real_1950,densidade_buffer_sintetica_1950,3.129244439414161,1.0990495926130763,2.8472276960443046,0.004484709015329848,38.29324798816747,1232,***,+3.1292***
1950,log(pop_total_1970),densidade_buffer_real_1950,densidade_buffer_sintetica_1950,1.6231839817466893,0.774568649135508,2.0955973154326815,0.03632479420639278,38.617680597693116,1232,**,+1.6232**
1950,log(pib_1980),densidade_buffer_real_1950,densidade_buffer_sintetica_1950,2.8778427501276447,1.1353811247979615,2.534693141600139,0.011379873230220132,38.380729748360345,1232,**,+2.8778**
1950,log(pop_total_1980),densidade_buffer_real_1950,densidade_buffer_sintetica_1950,1.544469194103653,0.7884245557676454,1.9589308613046543,0.05034970967631801,38.617680597693116,1232,*,+1.5445*
1950,log(pop_total_1991),densidade_buffer_real_1950,densidade_buffer_sintetica_1950,2.4233943916338596,0.893405254073984,2.712536534325301,0.006771790598808595,39.824906731723495,1232,***,+2.4234***
1950,log(pib_2000),densidade_buffer_real_1950,densidade_buffer_sintetica_1950,3.3842460884125463,1.209323412092639,2.798462391922418,0.0052159445653833505,38.617680597693116,1232,***,+3.3842***
1950,log(pop_total_2000),densidade_buffer_real_1950,densidade_buffer_sintetica_1950,2.599284416981192,0.9257722102230401,2.807693283810025,0.005069917180092347,40.082166309280026,1232,***,+2.5993***
1950,log(pib_2010),densidade_buffer_real_1950,densidade_buffer_sintetica_1950,4.201412554129076,1.373661725872609,3.0585496232416016,0.0022728536513674535,38.617680597693116,1232,***,+4.2014***
1950,log(pop_total_2010),densidade_buffer_real_1950,densidade_buffer_sintetica_1950,2.7700857414838653,0.99137578755732,2.7941833724920406,0.0052850139088663,38.617680597693116,1232,***,+2.7701***
1950,log(pib_2021),densidade_buffer_real_1950,densidade_buffer_sintetica_1950,4.364501216100063,1.4243297337221534,3.0642491782394075,0.0022303225226761366,38.617680597693116,1232,***,+4.3645***
1950,log(pop_total_2022),densidade_buffer_real_1950,densidade_buffer_sintetica_1950,3.091812675738309,1.053218884127679,2.935584162354894,0.003392103870801391,39.353720615554266,1232,***,+3.0918***
1950,log(pib_2023),densidade_buffer_real_1950,densidade_buffer_sintetica_1950,4.097173831986133,1.3956195710680874,2.935738303562559,0.0033902747308974363,38.617680597693116,1232,***,+4.0972***
