grupo,ano_tratamento,tipo_outcome,outcome_var,coeficiente,erro_padrao,t_estatistica,p_valor,F_stat_1estagio,n_observacoes,significancia,coeficiente_sig
Nordeste,1920,persistencia,log(pib_2010),1.574285204565953,0.71031976926024,2.2163049272942055,0.02685232038123825,102.00549903182049,1252,**,+1.5743**
Nordeste,1920,persistencia,log(pop_total_2010),1.0927206263141702,0.5596584200414382,1.9524777742703543,0.05110717351187808,102.00549903182049,1252,*,+1.0927*
Nordeste,1920,persistencia,adh_idhm_2010,0.003066978291972444,0.022805213984135174,0.13448583705928122,0.8930403227645947,102.00549903182049,1252,,+0.0031
Nordeste,1920,persistencia,adh_gini_2010,-0.053365345279082134,0.02735607384370785,-1.95076770094904,0.05131059363700418,102.00549903182049,1252,*,-0.0534*
Nordeste,1920,persistencia,log(valor_producao_mil_reais_2010),3.042891702989252,1.043155489328745,2.917006845208961,0.0035979921997675015,102.00549903182049,1252,***,+3.0429***
Nordeste,1920,contemporaneo,log(pib_1920),1.165223904683499,0.3363820295691348,3.463989756456406,5.504543707033668e-4,102.00549903182049,1252,***,+1.1652***
Nordeste,1920,contemporaneo,log(pop_total_1940),0.5584481808217605,0.28988226127781264,1.9264655186560866,0.05427553424468334,102.00549903182049,1252,*,+0.5584*
Semiarido,1920,persistencia,log(pib_2010),2.512027836754247,1.083852308710697,2.317684629691332,0.02069069431843296,51.069030491862996,914,**,+2.5120**
Semiarido,1920,persistencia,log(pop_total_2010),2.32700677779362,0.9614449073281646,2.4203225375235733,0.015704481577217527,51.069030491862996,914,**,+2.3270**
Semiarido,1920,persistencia,adh_idhm_2010,0.03357992849047509,0.03169155822597021,1.05958590773733,0.2896182577189028,51.069030491862996,914,,+0.0336
Semiarido,1920,persistencia,adh_gini_2010,0.009519145721767534,0.049714351374913056,0.19147681622114257,0.84819537539362,51.069030491862996,914,,+0.0095
Semiarido,1920,persistencia,log(valor_producao_mil_reais_2010),2.8537996993024013,1.5190043888268476,1.878730384384497,0.060605411718630105,51.069030491862996,914,*,+2.8538*
Semiarido,1920,contemporaneo,log(pib_1920),1.3912197747684028,0.5233566929064699,2.658263080657746,0.007994283018173533,51.069030491862996,914,***,+1.3912***
Semiarido,1920,contemporaneo,log(pop_total_1940),1.4640049922761338,0.45189126723475426,3.2397284444879384,0.0012404519090561774,51.069030491862996,914,***,+1.4640***
Nao_Semiarido,1920,persistencia,log(pib_2010),-0.12538409810988954,1.2174238924078329,-0.10299132363987341,0.9180341678373796,22.809922141539108,338,,-0.1254
Nao_Semiarido,1920,persistencia,log(pop_total_2010),-1.1250882159699134,1.0064270275272458,-1.1179034199173026,0.2644441852227258,22.809922141539108,338,,-1.1251
Nao_Semiarido,1920,persistencia,adh_idhm_2010,0.0038211871412246103,0.04354698778128284,0.08774859837416848,0.9301312073089776,22.809922141539108,338,,+0.0038
Nao_Semiarido,1920,persistencia,adh_gini_2010,-0.11771516957985231,0.05251452137774163,-2.241573692219655,0.025671902025110136,22.809922141539108,338,**,-0.1177**
Nao_Semiarido,1920,persistencia,log(valor_producao_mil_reais_2010),1.1906726323658547,1.4843520444518847,0.802149757408476,0.4230597765538605,22.809922141539108,338,,+1.1907
Nao_Semiarido,1920,contemporaneo,log(pib_1920),0.04218676061563653,0.5091879246442379,0.08285106259169794,0.9340216061871518,22.809922141539108,338,,+0.0422
Nao_Semiarido,1920,contemporaneo,log(pop_total_1940),-0.5947060186720501,0.4620386039687604,-1.2871349137576817,0.19897459951945867,22.809922141539108,338,,-0.5947
MA,1920,persistencia,log(pib_2010),-12.763586553425057,20.05880082097407,-0.6363085544016708,0.526208412700486,3.8758308469689653,98,,-12.7636
MA,1920,persistencia,log(pop_total_2010),-11.916749260946915,18.02403259946022,-0.6611588830184315,0.5102183816179033,3.8758308469689653,98,,-11.9167
MA,1920,persistencia,adh_idhm_2010,-0.14111505852996586,0.5294860028085565,-0.26651329361200904,0.7904604247082931,3.8758308469689653,98,,-0.1411
MA,1920,persistencia,adh_gini_2010,0.23052187822354497,0.49478288578950713,0.4659051168589018,0.6424216388522344,3.8758308469689653,98,,+0.2305
MA,1920,persistencia,log(valor_producao_mil_reais_2010),-9.10893568205654,18.92089636108267,-0.48142199546064846,0.6313981974763068,3.8758308469689653,98,,-9.1089
MA,1920,contemporaneo,log(pib_1920),-13.600197141079889,16.74803393945573,-0.8120473836060224,0.41893110907624653,3.8758308469689653,98,,-13.6002
MA,1920,contemporaneo,log(pop_total_1940),-12.792304016902449,14.231114684725853,-0.8988968397979626,0.3711331673634056,3.8758308469689653,98,,-12.7923
CE,1920,persistencia,log(pib_2010),-0.5397693321050099,3.055428375336768,-0.17665913443168726,0.8600575527184334,5.943160011899279,136,,-0.5398
CE,1920,persistencia,log(pop_total_2010),0.7293455073648261,2.782354622080371,0.2621324764200953,0.7936440103538396,5.943160011899279,136,,+0.7293
CE,1920,persistencia,adh_idhm_2010,0.012068057346636962,0.06330377288235664,0.19063725268103957,0.8491142076709846,5.943160011899279,136,,+0.0121
CE,1920,persistencia,adh_gini_2010,0.10156604904477007,0.18995970827282455,0.5346715362338762,0.59381184227853,5.943160011899279,136,,+0.1016
CE,1920,persistencia,log(valor_producao_mil_reais_2010),2.6787332300884685,4.227389769537089,0.6336612841786287,0.5274414561637352,5.943160011899279,136,,+2.6787
CE,1920,contemporaneo,log(pib_1920),3.6143384516564936,1.8047002888317158,2.002736118580808,0.047334988446888264,5.943160011899279,136,**,+3.6143**
CE,1920,contemporaneo,log(pop_total_1940),0.03196189838948271,0.8569855257216941,0.03729572720912247,0.9703077728198619,5.943160011899279,136,,+0.0320
RN,1920,persistencia,log(pib_2010),-15.189841198261675,25.218148706778887,-0.6023376804887544,0.5479672957797705,0.8644642447455531,143,,-15.1898
RN,1920,persistencia,log(pop_total_2010),-12.436710009233579,21.088530948095997,-0.5897380922285838,0.5563593347414606,0.8644642447455531,143,,-12.4367
RN,1920,persistencia,adh_idhm_2010,-0.26109874269684763,0.406969352766577,-0.6415685626494939,0.5222492552167279,0.8644642447455531,143,,-0.2611
RN,1920,persistencia,adh_gini_2010,0.18051818635764416,0.4293851516126057,0.42041087280192896,0.6748587365488787,0.8644642447455531,143,,+0.1805
RN,1920,persistencia,log(valor_producao_mil_reais_2010),-21.290029383298688,34.532906805620286,-0.6165142570573787,0.5386011488931856,0.8644642447455531,143,,-21.2900
RN,1920,contemporaneo,log(pib_1920),-0.9229864452354235,3.6577867451752364,-0.2523346792846463,0.801169023671755,0.8644642447455531,143,,-0.9230
RN,1920,contemporaneo,log(pop_total_1940),-3.2992110112794677,4.6463433839089205,-0.7100661183814347,0.47889700722231554,0.8644642447455531,143,,-3.2992
PB,1920,persistencia,log(pib_2010),0.5971125778828821,2.474504707489832,0.24130589692375262,0.8096390309700604,5.489275241252592,163,,+0.5971
PB,1920,persistencia,log(pop_total_2010),-0.3816002475552409,2.1215874621904596,-0.17986543300989014,0.8574946666711826,5.489275241252592,163,,-0.3816
PB,1920,persistencia,adh_idhm_2010,-0.15850306594118813,0.15324277660239158,-1.034326507620291,0.30260505827339557,5.489275241252592,163,,-0.1585
PB,1920,persistencia,adh_gini_2010,-0.2081618581569291,0.16120752072424044,-1.2912664199644146,0.19854616467305763,5.489275241252592,163,,-0.2082
PB,1920,persistencia,log(valor_producao_mil_reais_2010),11.457913851735398,10.836130947010405,1.0573805270317942,0.2919937811852833,5.489275241252592,163,,+11.4579
PB,1920,contemporaneo,log(pib_1920),0.7002256374244951,1.2804406820400456,0.546863003687816,0.5852643865497396,5.489275241252592,163,,+0.7002
PB,1920,contemporaneo,log(pop_total_1940),0.278894658341585,0.6650142386828639,0.41938148406260817,0.6755217799425632,5.489275241252592,163,,+0.2789
PE,1920,persistencia,log(pib_2010),2.493934334582036,1.2659827912151385,1.9699591115201993,0.050788633276823224,17.06699377169294,151,*,+2.4939*
PE,1920,persistencia,log(pop_total_2010),1.8849919875837706,1.0417275144056377,1.8094866090383157,0.07249048407516333,17.06699377169294,151,*,+1.8850*
PE,1920,persistencia,adh_idhm_2010,0.11881764724225463,0.05201386667282288,2.2843455955628187,0.023833855234274975,17.06699377169294,151,**,+0.1188**
PE,1920,persistencia,adh_gini_2010,-0.021563298888752414,0.04512575974810514,-0.47784899377030143,0.6334924558456817,17.06699377169294,151,,-0.0216
PE,1920,persistencia,log(valor_producao_mil_reais_2010),2.909225258743671,1.7979106642105278,1.6181144684522617,0.1078570539082657,17.06699377169294,151,,+2.9092
PE,1920,contemporaneo,log(pib_1920),0.6429848778391865,0.43533711875255054,1.4769815164892124,0.14189494258141674,17.06699377169294,151,,+0.6430
PE,1920,contemporaneo,log(pop_total_1940),-0.35522434650681944,0.42408818749971966,-0.8376190541903605,0.4036522759184138,17.06699377169294,151,,-0.3552
AL,1920,persistencia,log(pib_2010),-1.7179782063045792,1.2764004833594107,-1.345955465155389,0.18216675068720356,9.089556113885417,88,,-1.7180
AL,1920,persistencia,log(pop_total_2010),-1.326141690918984,1.1073515928895703,-1.1975796119627133,0.23466166204363265,9.089556113885417,88,,-1.3261
AL,1920,persistencia,adh_idhm_2010,-0.031418801407030905,0.08087298948444088,-0.38849561030602875,0.6986943266519452,9.089556113885417,88,,-0.0314
AL,1920,persistencia,adh_gini_2010,-0.0995532585971135,0.07798434250220077,-1.2765800852177993,0.20549043790363639,9.089556113885417,88,,-0.0996
AL,1920,persistencia,log(valor_producao_mil_reais_2010),-2.103913427490845,1.662233303065922,-1.2657148810640853,0.20933527992080578,9.089556113885417,88,,-2.1039
AL,1920,contemporaneo,log(pib_1920),0.5668282569813918,0.5695002952922043,0.9953081002189096,0.32262531800996797,9.089556113885417,88,,+0.5668
AL,1920,contemporaneo,log(pop_total_1940),-0.2433088564167143,0.5472956581268865,-0.444565661729231,0.6578492300561491,9.089556113885417,88,,-0.2433
SE,1920,persistencia,log(pib_2010),5.382734453813157,3.621076765917474,1.4865010608106595,0.14221451459006462,4.031525067274975,70,,+5.3827
SE,1920,persistencia,log(pop_total_2010),1.8320937782731335,1.9829543147513577,0.9239213251884018,0.3591092322728233,4.031525067274975,70,,+1.8321
SE,1920,persistencia,adh_idhm_2010,0.08551132262472194,0.06111815315128724,1.3991149636516944,0.166761588243726,4.031525067274975,70,,+0.0855
SE,1920,persistencia,adh_gini_2010,0.040647792715937214,0.08231108444899572,0.4938313349658845,0.6231702917355795,4.031525067274975,70,,+0.0406
SE,1920,persistencia,log(valor_producao_mil_reais_2010),-2.0385735817265527,2.7655882344429052,-0.7371211506969688,0.4638291029319155,4.031525067274975,70,,-2.0386
SE,1920,contemporaneo,log(pib_1920),1.1572895934161238,0.9749437317338453,1.1870321904198446,0.2397432165716468,4.031525067274975,70,,+1.1573
SE,1920,contemporaneo,log(pop_total_1940),0.009254039206098241,0.9599768316095074,0.009639856818818033,0.9923395779338511,4.031525067274975,70,,+0.0093
BA,1920,persistencia,log(pib_2010),0.10911422270238802,1.715130471783484,0.0636186135675878,0.9493162780987581,31.80996984133894,309,,+0.1091
BA,1920,persistencia,log(pop_total_2010),-0.20676256559356432,1.2088879918664686,-0.17103533742140348,0.8643112796721548,31.80996984133894,309,,-0.2068
BA,1920,persistencia,adh_idhm_2010,0.10014218862099611,0.06994314148122101,1.4317656670866468,0.15325189166405126,31.80996984133894,309,,+0.1001
BA,1920,persistencia,adh_gini_2010,0.0015102718732071807,0.05160516811948206,0.02926590355660561,0.9766719794563592,31.80996984133894,309,,+0.0015
BA,1920,persistencia,log(valor_producao_mil_reais_2010),0.1646900381511287,0.3392729672900273,0.4854204550000104,0.627732430762332,31.80996984133894,309,,+0.1647
BA,1920,contemporaneo,log(pib_1920),0.6781092153420758,0.6359443047758231,1.066302835404928,0.2871441436492475,31.80996984133894,309,,+0.6781
BA,1920,contemporaneo,log(pop_total_1940),0.44651857814469054,0.5183265094855568,0.8614619742059185,0.3896716736009117,31.80996984133894,309,,+0.4465
Nordeste,1950,persistencia,log(pib_2010),4.201412554129076,1.373661725872609,3.0585496232416016,0.0022728536513674535,38.617680597693116,1230,***,+4.2014***
Nordeste,1950,persistencia,log(pop_total_2010),2.7700857414838653,0.99137578755732,2.7941833724920406,0.0052850139088663,38.617680597693116,1230,***,+2.7701***
Nordeste,1950,persistencia,adh_idhm_2010,0.04999070371485813,0.03215084629324667,1.5548798703118043,0.12023553666890004,38.617680597693116,1230,,+0.0500
Nordeste,1950,persistencia,adh_gini_2010,-0.12953589520219938,0.04737893573809256,-2.734039783381052,0.006347288948386361,38.617680597693116,1230,***,-0.1295***
Nordeste,1950,persistencia,log(valor_producao_mil_reais_2010),6.144274428426862,1.9173952082751977,3.2044903428928326,0.0013882604909183807,38.617680597693116,1230,***,+6.1443***
Nordeste,1950,contemporaneo,log(pib_1949),1.2325951146183007,0.5588060129881878,2.205765661015455,0.02758737431398978,38.617680597693116,1230,**,+1.2326**
Nordeste,1950,contemporaneo,log(pop_total_1950),0.7556892768612795,0.4369429134637506,1.729492008168185,0.08397547460739763,38.617680597693116,1230,*,+0.7557*
Semiarido,1950,persistencia,log(pib_2010),7.438222983771796,2.649306547897758,2.8076112934813358,0.005101922799673128,15.854796691166316,893,***,+7.4382***
Semiarido,1950,persistencia,log(pop_total_2010),5.514949651818178,1.9507227018231836,2.827131527542996,0.0048037089854848945,15.854796691166316,893,***,+5.5149***
Semiarido,1950,persistencia,adh_idhm_2010,0.11959967301933233,0.0555906241383185,2.151436053708426,0.03171460159632027,15.854796691166316,893,**,+0.1196**
Semiarido,1950,persistencia,adh_gini_2010,-0.12175210098958072,0.07757149636385707,-1.5695468915346171,0.11688167919793326,15.854796691166316,893,,-0.1218
Semiarido,1950,persistencia,log(valor_producao_mil_reais_2010),6.602715479822697,2.7679965231708614,2.385377085755511,0.01727330962335756,15.854796691166316,893,**,+6.6027**
Semiarido,1950,contemporaneo,log(pib_1949),1.4455626833765796,0.8416510598470278,1.7175320656511905,0.08623542276825394,15.854796691166316,893,*,+1.4456*
Semiarido,1950,contemporaneo,log(pop_total_1950),1.610353055677212,0.7243747319489886,2.223093910722738,0.026463957572480382,15.854796691166316,893,**,+1.6104**
Nao_Semiarido,1950,persistencia,log(pib_2010),0.2427425375150959,1.2677030289002345,0.1914821783818576,0.8482692814313174,20.692662961501075,337,,+0.2427
Nao_Semiarido,1950,persistencia,log(pop_total_2010),-0.8122383966792237,1.040343968158028,-0.7807402374017945,0.43553245331963253,20.692662961501075,337,,-0.8122
Nao_Semiarido,1950,persistencia,adh_idhm_2010,0.012910570929117788,0.0437735962739152,0.2949396903176363,0.7682312082521774,20.692662961501075,337,,+0.0129
Nao_Semiarido,1950,persistencia,adh_gini_2010,-0.12778391062616412,0.05635181154501084,-2.2676096317524257,0.024019506467154266,20.692662961501075,337,**,-0.1278**
Nao_Semiarido,1950,persistencia,log(valor_producao_mil_reais_2010),2.323922199633213,1.7361344607063385,1.338561184188312,0.18166378754879034,20.692662961501075,337,,+2.3239
Nao_Semiarido,1950,contemporaneo,log(pib_1949),0.10483661794343568,0.7151248331069276,0.14659904549526417,0.8835408187189228,20.692662961501075,337,,+0.1048
Nao_Semiarido,1950,contemporaneo,log(pop_total_1950),-0.7448793931145271,0.5359671112462957,-1.3897856370000825,0.1655600678459942,20.692662961501075,337,,-0.7449
MA,1950,persistencia,log(pib_2010),-14.503656123936025,24.022927224611802,-0.6037422495738505,0.5475170901790165,1.8362954413223012,100,,-14.5037
MA,1950,persistencia,log(pop_total_2010),-13.562109467598475,21.663876457515478,-0.626024132578249,0.5328662081993356,1.8362954413223012,100,,-13.5621
MA,1950,persistencia,adh_idhm_2010,-0.160395604619751,0.6191750594844379,-0.2590472632300564,0.7961838573855683,1.8362954413223012,100,,-0.1604
MA,1950,persistencia,adh_gini_2010,0.26288704258266193,0.580103303628437,0.4531728072195986,0.6515030361724162,1.8362954413223012,100,,+0.2629
MA,1950,persistencia,log(valor_producao_mil_reais_2010),-10.292016064018526,21.92770567529328,-0.46936128277273004,0.6399340802255347,1.8362954413223012,100,,-10.2920
MA,1950,contemporaneo,log(pib_1949),-8.08848273131457,15.325188655103737,-0.5277900920730831,0.5989296351169975,1.8362954413223012,100,,-8.0885
MA,1950,contemporaneo,log(pop_total_1950),-11.705073123848365,14.922094687511594,-0.7844122000944294,0.43483547383101173,1.8362954413223012,100,,-11.7051
PI,1950,persistencia,log(pib_2010),173.3132730633214,18.267838415922416,9.487344321606214,6.9216112017470436e-15,158.28869307541535,92,***,+173.3133***
PI,1950,persistencia,log(pop_total_2010),118.38425930601045,15.987601521635417,7.404754186911996,9.834559117137035e-11,158.28869307541535,92,***,+118.3843***
PI,1950,persistencia,adh_idhm_2010,5.809459373857244,0.7709397200969866,7.535555922746329,5.4288398747784186e-11,158.28869307541535,92,***,+5.8095***
PI,1950,persistencia,adh_gini_2010,2.326642929134394,0.6823841452988638,3.409579406501882,0.001006643065518899,158.28869307541535,92,***,+2.3266***
PI,1950,persistencia,log(valor_producao_mil_reais_2010),90.66758295854146,27.20853219637653,3.332321725558427,0.0012878460770304504,158.28869307541535,92,***,+90.6676***
PI,1950,contemporaneo,log(pib_1949),98.955432318313,18.282235283005022,5.4126550056108815,5.900677232404464e-7,158.28869307541535,92,***,+98.9554***
PI,1950,contemporaneo,log(pop_total_1950),32.762564322449066,20.84453617121912,1.5717578963299574,0.11981122888697573,158.28869307541535,92,,+32.7626
CE,1950,persistencia,log(pib_2010),-119.26708969781612,993.4503379161781,-0.12005339889257677,0.9046320658985195,0.016974713330550256,135,,-119.2671
CE,1950,persistencia,log(pop_total_2010),-86.0316489030738,722.0730023341655,-0.1191453615146513,0.9053499453723997,0.016974713330550256,135,,-86.0316
CE,1950,persistencia,adh_idhm_2010,-3.006594058825158,24.864986210958975,-0.12091677965620724,0.9039495643467547,0.016974713330550256,135,,-3.0066
CE,1950,persistencia,adh_gini_2010,3.8247520355357665,31.92499572109377,0.11980430847821985,0.9048289848740958,0.016974713330550256,135,,+3.8248
CE,1950,persistencia,log(valor_producao_mil_reais_2010),-166.79905181745562,1360.4104818060016,-0.12260935507937495,0.9026117941526243,0.016974713330550256,135,,-166.7991
CE,1950,contemporaneo,log(pib_1949),33.378743526584,279.01237402478097,0.11963176774238483,0.9049653908055426,0.016974713330550256,135,,+33.3787
CE,1950,contemporaneo,log(pop_total_1950),1.0465966711562942,18.039075075223973,0.058018311182359755,0.9538259537343202,0.016974713330550256,135,,+1.0466
RN,1950,persistencia,log(pib_2010),73.90959261353328,272.51504669584125,0.27121288717692366,0.7866608167269162,0.04678559897282811,138,,+73.9096
RN,1950,persistencia,log(pop_total_2010),40.45234477291069,145.96701192378399,0.27713347173286457,0.7821212175730464,0.04678559897282811,138,,+40.4523
RN,1950,persistencia,adh_idhm_2010,0.031130154686650258,0.6928592480701832,0.04492998364870916,0.9642325940533879,0.04678559897282811,138,,+0.0311
RN,1950,persistencia,adh_gini_2010,-0.24979691522122494,1.5207003135729664,-0.16426439383991034,0.8697801120218285,0.04678559897282811,138,,-0.2498
RN,1950,persistencia,log(valor_producao_mil_reais_2010),70.07352011808598,254.623245030228,0.2752047249643963,0.7835992651921512,0.04678559897282811,138,,+70.0735
RN,1950,contemporaneo,log(pib_1949),30.81423652936246,116.33280958281085,0.2648800165651249,0.7915246647227252,0.04678559897282811,138,,+30.8142
RN,1950,contemporaneo,log(pop_total_1950),9.139546240641721,36.30143459696063,0.25176818332702855,0.8016209085625834,0.04678559897282811,138,,+9.1395
PB,1950,persistencia,log(pib_2010),8.175688305966446,10.626510599865162,0.7693671623562099,0.44288518865633264,1.4310455567519385,159,,+8.1757
PB,1950,persistencia,log(pop_total_2010),5.968356751981219,7.707426998797951,0.7743643569912556,0.43993420688112306,1.4310455567519385,159,,+5.9684
PB,1950,persistencia,adh_idhm_2010,-0.25644069398152425,0.33256355503042817,-0.7711028165971494,0.44185894333993503,1.4310455567519385,159,,-0.2564
PB,1950,persistencia,adh_gini_2010,-0.34595800289640266,0.3927051405768689,-0.8809612280302813,0.37974817450940346,1.4310455567519385,159,,-0.3460
PB,1950,persistencia,log(valor_producao_mil_reais_2010),23.331769139453456,28.972164658951844,0.8053167381210636,0.42191163638129625,1.4310455567519385,159,,+23.3318
PB,1950,contemporaneo,log(pib_1949),1.0844029244469766,1.9779493462225222,0.5482460541863541,0.5843379662471757,1.4310455567519385,159,,+1.0844
PB,1950,contemporaneo,log(pop_total_1950),0.016711838610149243,1.167703700667581,0.014311711610226992,0.9886003138511658,1.4310455567519385,159,,+0.0167
PE,1950,persistencia,log(pib_2010),2.960180813994768,1.946886163272145,1.5204693884205185,0.1306809849910495,6.812477244232484,147,,+2.9602
PE,1950,persistencia,log(pop_total_2010),2.309544237702603,1.644204995360965,1.4046571104082866,0.16237011770178472,6.812477244232484,147,,+2.3095
PE,1950,persistencia,adh_idhm_2010,0.17305032510707097,0.09058620189478171,1.9103386772753044,0.05816408584663403,6.812477244232484,147,*,+0.1731*
PE,1950,persistencia,adh_gini_2010,-0.15559919137907352,0.10381850652244666,-1.4987616041792253,0.1362195771481222,6.812477244232484,147,,-0.1556
PE,1950,persistencia,log(valor_producao_mil_reais_2010),1.775339313702574,2.289013861063489,0.7755913338496522,0.4393174103667786,6.812477244232484,147,,+1.7753
PE,1950,contemporaneo,log(pib_1949),0.8562264444124636,0.9679257634371083,0.8845992913464769,0.3779114385277106,6.812477244232484,147,,+0.8562
PE,1950,contemporaneo,log(pop_total_1950),0.5818224190813055,0.6880818792323775,0.84557148886174,0.3992555636771661,6.812477244232484,147,,+0.5818
AL,1950,persistencia,log(pib_2010),1.2780008151707989,3.859199314504169,0.3311569864680588,0.7414027191324168,1.3074570365779512,88,,+1.2780
AL,1950,persistencia,log(pop_total_2010),0.01911478233094499,3.2856159803508738,0.005817716508946279,0.9953728260912215,1.3074570365779512,88,,+0.0191
AL,1950,persistencia,adh_idhm_2010,0.05006191952005068,0.11571683008765053,0.4326243596729268,0.6664664336071486,1.3074570365779512,88,,+0.0501
AL,1950,persistencia,adh_gini_2010,-0.11342588843919721,0.15483156527854736,-0.7325759978925492,0.4659850953773481,1.3074570365779512,88,,-0.1134
AL,1950,persistencia,log(valor_producao_mil_reais_2010),2.8023349945886196,6.985682258425327,0.4011540878786414,0.6893896839751519,1.3074570365779512,88,,+2.8023
AL,1950,contemporaneo,log(pib_1949),3.6553752681003573,3.226929966000915,1.1327718006320442,0.26073641249556373,1.3074570365779512,88,,+3.6554
AL,1950,contemporaneo,log(pop_total_1950),-0.4283204565321057,1.4359621253957158,-0.2982811656080909,0.7662716990947624,1.3074570365779512,88,,-0.4283
SE,1950,persistencia,log(pib_2010),4.937500253681719,2.8563028674351107,1.7286333007519865,0.08885205807895703,5.269448788109472,70,*,+4.9375*
SE,1950,persistencia,log(pop_total_2010),2.0504786616477872,1.8039532757617416,1.1366584097262427,0.260055358846977,5.269448788109472,70,,+2.0505
SE,1950,persistencia,adh_idhm_2010,0.10247707659267746,0.05942750029235857,1.7244049655215665,0.08961757293906217,5.269448788109472,70,*,+0.1025*
SE,1950,persistencia,adh_gini_2010,0.02065941127041171,0.0653488422483706,0.316140432785201,0.7529577921610981,5.269448788109472,70,,+0.0207
SE,1950,persistencia,log(valor_producao_mil_reais_2010),-0.5552527495550237,2.3163205555131317,-0.2397132591313637,0.8113432999539639,5.269448788109472,70,,-0.5553
SE,1950,contemporaneo,log(pib_1949),1.9008621180370824,1.5515900539287613,1.2251058926447316,0.2251692925051201,5.269448788109472,70,,+1.9009
SE,1950,contemporaneo,log(pop_total_1950),0.3550766791502724,1.0004431317830809,0.35491940308233455,0.7238544681474348,5.269448788109472,70,,+0.3551
BA,1950,persistencia,log(pib_2010),0.4688053885568877,1.5859153904748227,0.29560554829884556,0.7677414319415089,22.971358966564715,301,,+0.4688
BA,1950,persistencia,log(pop_total_2010),0.3768533146970938,1.1809729597786307,0.3191041010521813,0.7498757287099602,22.971358966564715,301,,+0.3769
BA,1950,persistencia,adh_idhm_2010,0.14224580867779224,0.07808871675566338,1.8215923450615017,0.0695399074937976,22.971358966564715,301,*,+0.1422*
BA,1950,persistencia,adh_gini_2010,0.006673471774893525,0.04970234412775036,0.13426875315459252,0.8932825579436192,22.971358966564715,301,,+0.0067
BA,1950,persistencia,log(valor_producao_mil_reais_2010),-0.11542215230772968,0.35349372075454266,-0.32651825345400115,0.7442661902149037,22.971358966564715,301,,-0.1154
BA,1950,contemporaneo,log(pib_1949),-0.5335660033979366,0.6138654255990945,-0.8691905117106234,0.3854568125904654,22.971358966564715,301,,-0.5336
BA,1950,contemporaneo,log(pop_total_1950),-0.6286174458839895,0.7222518332535562,-0.8703577020389575,0.3848198893729171,22.971358966564715,301,,-0.6286
Nordeste,1985,persistencia,log(pib_2010),4.4056089996950085,1.3754706467607367,3.2029829281128706,0.0013954269967308812,35.15276611885742,1232,***,+4.4056***
Nordeste,1985,persistencia,log(pop_total_2010),2.9873641415988295,1.0120444354531086,2.9518112416292652,0.003219813840426749,35.15276611885742,1232,***,+2.9874***
Nordeste,1985,persistencia,adh_idhm_2010,0.05040201549912937,0.0304781584329886,1.653709347628294,0.09844489763469859,35.15276611885742,1232,*,+0.0504*
Nordeste,1985,persistencia,adh_gini_2010,-0.0958996024908971,0.04311832487225252,-2.224103157416729,0.02632473248238557,35.15276611885742,1232,**,-0.0959**
Nordeste,1985,persistencia,log(valor_producao_mil_reais_2010),6.689511885934096,1.9650926637266624,3.4041712176808496,6.852898277181055e-4,35.15276611885742,1232,***,+6.6895***
Nordeste,1985,contemporaneo,log(pib_1985),3.6649445935201035,1.2385339336690782,2.9590990556576338,0.0031452738849209916,35.047205174330024,1230,***,+3.6649***
Nordeste,1985,contemporaneo,log(pop_total_1991),2.5832836114953395,0.9203578260910785,2.806825278453924,0.005083176188870952,35.15276611885742,1232,***,+2.5833***
Nordeste,1985,contemporaneo,adh_idhm_1991,0.10316472282371889,0.046280326861919414,2.2291269275499723,0.025987745774977453,35.15276611885742,1232,**,+0.1032**
Nordeste,1985,contemporaneo,log(valor_producao_mil_reais_1985),3.8597892518915176,1.2213388390531486,3.160293547107571,0.0016150253420835836,35.15276611885742,1232,***,+3.8598***
Semiarido,1985,persistencia,log(pib_2010),7.97906625686505,2.919501277964603,2.7330237246643163,0.0064017362604152075,11.953553496694159,895,***,+7.9791***
Semiarido,1985,persistencia,log(pop_total_2010),6.020226634855318,2.2022749789073752,2.7336398463021,0.006389873736019068,11.953553496694159,895,***,+6.0202***
Semiarido,1985,persistencia,adh_idhm_2010,0.13139375585211918,0.058519049808114586,2.2453159489595707,0.024995983902768866,11.953553496694159,895,**,+0.1314**
Semiarido,1985,persistencia,adh_gini_2010,-0.09637609371724912,0.0781376862729541,-1.2334137125660951,0.2177515469807217,11.953553496694159,895,,-0.0964
Semiarido,1985,persistencia,log(valor_producao_mil_reais_2010),8.044260968495756,3.23287170570486,2.488271017467386,0.01302100638529539,11.953553496694159,895,**,+8.0443**
Semiarido,1985,contemporaneo,log(pib_1985),6.783300335031964,2.3940622600361965,2.8333850995710552,0.004711568767320005,11.826501313414694,893,***,+6.7833***
Semiarido,1985,contemporaneo,log(pop_total_1991),5.173667421757825,1.9173947151116826,2.698279796529258,0.007103667846423807,11.953553496694159,895,***,+5.1737***
Semiarido,1985,contemporaneo,adh_idhm_1991,0.21876931740802388,0.09542835596362095,2.2924980232439798,0.022112660214947944,11.953553496694159,895,**,+0.2188**
Semiarido,1985,contemporaneo,log(valor_producao_mil_reais_1985),3.492249909459554,1.8279571755323791,1.9104659322461763,0.05639874313482873,11.953553496694159,895,*,+3.4922*
Nao_Semiarido,1985,persistencia,log(pib_2010),0.28369341306841156,1.1132630526817264,0.2548305293928742,0.7990176859709193,24.527582627843465,337,,+0.2837
Nao_Semiarido,1985,persistencia,log(pop_total_2010),-0.6824327243248509,0.899880265033037,-0.7583594738571103,0.4487939716775625,24.527582627843465,337,,-0.6824
Nao_Semiarido,1985,persistencia,adh_idhm_2010,0.006758692950938657,0.03893180177555625,0.17360339472349245,0.8622869293102449,24.527582627843465,337,,+0.0068
Nao_Semiarido,1985,persistencia,adh_gini_2010,-0.08523356136333594,0.043915722263305645,-1.9408438930436072,0.05315511835276767,24.527582627843465,337,*,-0.0852*
Nao_Semiarido,1985,persistencia,log(valor_producao_mil_reais_2010),2.2910731901701507,1.4863926004775165,1.5413647709455252,0.12421630186854431,24.527582627843465,337,,+2.2911
Nao_Semiarido,1985,contemporaneo,log(pib_1985),0.6590982020417262,1.270297672622402,0.5188533492949602,0.6042216325313088,24.527582627843465,337,,+0.6591
Nao_Semiarido,1985,contemporaneo,log(pop_total_1991),-0.19788518232883978,0.7866124357569009,-0.25156630296396093,0.8015377848010306,24.527582627843465,337,,-0.1979
Nao_Semiarido,1985,contemporaneo,adh_idhm_1991,0.02074968879261948,0.051126445667600655,0.4058504071948183,0.6851237585943678,24.527582627843465,337,,+0.0207
Nao_Semiarido,1985,contemporaneo,log(valor_producao_mil_reais_1985),2.5178113527627644,1.358808144060317,1.8529557419630829,0.06480916891401284,24.527582627843465,337,*,+2.5178*
MA,1985,persistencia,log(pib_2010),-16.19230332823804,35.85680159463994,-0.45158247830611165,0.6526561437436166,0.508914871626655,99,,-16.1923
MA,1985,persistencia,log(pop_total_2010),-15.498960054258532,32.98003923590652,-0.46994971544437325,0.639527681516146,0.508914871626655,99,,-15.4990
MA,1985,persistencia,adh_idhm_2010,-0.7016998562287853,1.4334660673673056,-0.48951270783655354,0.6256697572180034,0.508914871626655,99,,-0.7017
MA,1985,persistencia,adh_gini_2010,1.183228229531224,1.9705977557891206,0.6004412752705097,0.549721216663477,0.508914871626655,99,,+1.1832
MA,1985,persistencia,log(valor_producao_mil_reais_2010),-8.24729400814499,27.75655241622586,-0.2971296249070114,0.7670522499337978,0.508914871626655,99,,-8.2473
MA,1985,contemporaneo,log(pib_1985),-28.87979898017761,52.826642279414386,-0.5466900362022736,0.5859445777106655,0.508914871626655,99,,-28.8798
MA,1985,contemporaneo,log(pop_total_1991),-19.68280935907569,38.84109102243636,-0.5067522265969825,0.6135679827972034,0.508914871626655,99,,-19.6828
MA,1985,contemporaneo,adh_idhm_1991,-0.8408815995829784,1.7399677762685095,-0.48327423705875266,0.6300746594632294,0.508914871626655,99,,-0.8409
MA,1985,contemporaneo,log(valor_producao_mil_reais_1985),-37.35415936008121,60.678437941431724,-0.6156084537992942,0.5397066512180324,0.508914871626655,99,,-37.3542
PI,1985,persistencia,log(pib_2010),26.99028506369433,12.368687713672195,2.1821462137700833,0.03199595127751083,11.038447239537824,90,**,+26.9903**
PI,1985,persistencia,log(pop_total_2010),22.45391251587131,10.69689912363416,2.09910482059803,0.03892160185971942,11.038447239537824,90,**,+22.4539**
PI,1985,persistencia,adh_idhm_2010,0.7191369456746202,0.42312846687215544,1.6995711751341493,0.0930490742170568,11.038447239537824,90,*,+0.7191*
PI,1985,persistencia,adh_gini_2010,0.2645843646817667,0.44383947401433915,0.5961262577406956,0.5527531626669668,11.038447239537824,90,,+0.2646
PI,1985,persistencia,log(valor_producao_mil_reais_2010),33.26699762162872,23.366375625957104,1.4237123529193492,0.15837052815559322,11.038447239537824,90,,+33.2670
PI,1985,contemporaneo,log(pib_1985),20.982429688297202,8.41522246516675,2.4933897796701245,0.014689596788686496,11.038447239537824,90,**,+20.9824**
PI,1985,contemporaneo,log(pop_total_1991),21.314896905785247,9.635511981472465,2.2121187692745705,0.02977466422961794,11.038447239537824,90,**,+21.3149**
PI,1985,contemporaneo,adh_idhm_1991,0.602113788999949,0.3660677531538451,1.6448151573375607,0.10388358565315285,11.038447239537824,90,,+0.6021
PI,1985,contemporaneo,log(valor_producao_mil_reais_1985),12.004916471668992,6.181329686354858,1.9421252514923393,0.05559784117515357,11.038447239537824,90,*,+12.0049*
CE,1985,persistencia,log(pib_2010),-154.5354878897051,1662.322089416136,-0.09296362532485099,0.9260801128373463,0.010074708650789795,135,,-154.5355
CE,1985,persistencia,log(pop_total_2010),-111.47167469565466,1206.0512250827933,-0.09242698185394432,0.9265055972510344,0.010074708650789795,135,,-111.4717
CE,1985,persistencia,adh_idhm_2010,-3.893779994767101,41.65605823598917,-0.09347451870525356,0.92567506457761,0.010074708650789795,135,,-3.8938
CE,1985,persistencia,adh_gini_2010,4.960715123565933,53.43765526761974,0.09283182614810294,0.9261846094677072,0.010074708650789795,135,,+4.9607
CE,1985,persistencia,log(valor_producao_mil_reais_2010),-215.72026805163478,2283.1273360699406,-0.09448455399030205,0.9248743423741101,0.010074708650789795,135,,-215.7203
CE,1985,contemporaneo,log(pib_1985),-164.98659551443416,1766.9520542111106,-0.09337355539513807,0.9257551091166141,0.010074708650789795,135,,-164.9866
CE,1985,contemporaneo,log(pop_total_1991),-98.69235245684104,1067.7038123706036,-0.09243420442389934,0.9264998706056218,0.010074708650789795,135,,-98.6924
CE,1985,contemporaneo,adh_idhm_1991,-7.531668424379404,80.63368594118154,-0.09340597960352948,0.9257294028557507,0.010074708650789795,135,,-7.5317
CE,1985,contemporaneo,log(valor_producao_mil_reais_1985),-179.18518080332433,1905.0686688681262,-0.09405707192160431,0.9252132265129264,0.010074708650789795,135,,-179.1852
RN,1985,persistencia,log(pib_2010),11.213532984572453,8.541291036335064,1.3128615963171777,0.1915248334413628,1.6729326244016558,140,,+11.2135
RN,1985,persistencia,log(pop_total_2010),5.9028737433716,4.07135509718883,1.4498548032441063,0.14948893395755203,1.6729326244016558,140,,+5.9029
RN,1985,persistencia,adh_idhm_2010,-0.035745660505801524,0.12854498281445292,-0.27807900178724415,0.7813901340478598,1.6729326244016558,140,,-0.0357
RN,1985,persistencia,adh_gini_2010,0.1718154505709446,0.18497721627643196,0.9288465575899992,0.3546769577260481,1.6729326244016558,140,,+0.1718
RN,1985,persistencia,log(valor_producao_mil_reais_2010),12.145385140457108,8.949402020744547,1.3571169461718595,0.1770777323028311,1.6729326244016558,140,,+12.1454
RN,1985,contemporaneo,log(pib_1985),13.108782671589125,8.01958861668034,1.6345954011061763,0.10453472246410074,1.6729326244016558,140,,+13.1088
RN,1985,contemporaneo,log(pop_total_1991),5.482499179479277,3.584684190157664,1.5294232040112135,0.1285707116312556,1.6729326244016558,140,,+5.4825
RN,1985,contemporaneo,adh_idhm_1991,-0.22331760702263548,0.25611585034925166,-0.8719398144164411,0.38483648199427645,1.6729326244016558,140,,-0.2233
RN,1985,contemporaneo,log(valor_producao_mil_reais_1985),15.557510328973194,11.2865054919977,1.3784169369344392,0.1704241418468666,1.6729326244016558,140,,+15.5575
PB,1985,persistencia,log(pib_2010),15.644708290691142,43.713927185682685,0.35788841904406027,0.7209299255119161,0.1764446082235212,159,,+15.6447
PB,1985,persistencia,log(pop_total_2010),11.232083465791675,31.015358318323432,0.3621458553053672,0.7177527313922617,0.1764446082235212,159,,+11.2321
PB,1985,persistencia,adh_idhm_2010,-0.6419474962789025,1.7815767014723365,-0.36032548907289935,0.7191106153254361,0.1764446082235212,159,,-0.6419
PB,1985,persistencia,adh_gini_2010,-0.8278083513276897,2.162405333798486,-0.3828183081076478,0.7023964132004261,0.1764446082235212,159,,-0.8278
PB,1985,persistencia,log(valor_producao_mil_reais_2010),48.41132804772451,133.87897389740976,0.36160516202358756,0.7181559623339839,0.1764446082235212,159,,+48.4113
PB,1985,contemporaneo,log(pib_1985),20.216143859676777,56.17502331233901,0.35987780098056926,0.7194447012127823,0.1764446082235212,159,,+20.2161
PB,1985,contemporaneo,log(pop_total_1991),12.412153521684104,34.050653956614696,0.3645202684652966,0.7159829149559096,0.1764446082235212,159,,+12.4122
PB,1985,contemporaneo,adh_idhm_1991,-0.4694121577770005,1.3365891340388338,-0.35120153667459186,0.7259299585956357,0.1764446082235212,159,,-0.4694
PB,1985,contemporaneo,log(valor_producao_mil_reais_1985),38.211240410406845,104.46269388324335,0.3657883880834537,0.7150383269005478,0.1764446082235212,159,,+38.2112
PE,1985,persistencia,log(pib_2010),2.712370905008143,1.8316572798358401,1.4808288290980045,0.1409317566939491,6.926018536267245,147,,+2.7124
PE,1985,persistencia,log(pop_total_2010),1.9574005216019543,1.5536302480904969,1.2598882674997574,0.20983614257278366,6.926018536267245,147,,+1.9574
PE,1985,persistencia,adh_idhm_2010,0.15677809636044948,0.0799860563722943,1.960067835207769,0.05200254256870857,6.926018536267245,147,*,+0.1568*
PE,1985,persistencia,adh_gini_2010,-0.13636246367732596,0.0949460056166666,-1.4362106419502623,0.1532054543581118,6.926018536267245,147,,-0.1364
PE,1985,persistencia,log(valor_producao_mil_reais_2010),2.3871071556927035,2.2488308095198954,1.0614881055468681,0.29032228461060433,6.926018536267245,147,,+2.3871
PE,1985,contemporaneo,log(pib_1985),2.3965448596390786,1.7773374931149442,1.3483904260855477,0.179741719084564,6.926018536267245,147,,+2.3965
PE,1985,contemporaneo,log(pop_total_1991),1.3873493022125984,1.4104290149979626,0.9836363882620512,0.327015722989213,6.926018536267245,147,,+1.3873
PE,1985,contemporaneo,adh_idhm_1991,0.20222740520599114,0.11222610661279231,1.8019640109562516,0.07373391405084413,6.926018536267245,147,*,+0.2022*
PE,1985,contemporaneo,log(valor_producao_mil_reais_1985),-2.1795778062450495,2.284838633014455,-0.9539307392441402,0.34178665675072584,6.926018536267245,147,,-2.1796
AL,1985,persistencia,log(pib_2010),1.2780008151707989,3.859199314504169,0.3311569864680588,0.7414027191324168,1.3074570365779512,88,,+1.2780
AL,1985,persistencia,log(pop_total_2010),0.01911478233094499,3.2856159803508738,0.005817716508946279,0.9953728260912215,1.3074570365779512,88,,+0.0191
AL,1985,persistencia,adh_idhm_2010,0.05006191952005068,0.11571683008765053,0.4326243596729268,0.6664664336071486,1.3074570365779512,88,,+0.0501
AL,1985,persistencia,adh_gini_2010,-0.11342588843919721,0.15483156527854736,-0.7325759978925492,0.4659850953773481,1.3074570365779512,88,,-0.1134
AL,1985,persistencia,log(valor_producao_mil_reais_2010),2.8023349945886196,6.985682258425327,0.4011540878786414,0.6893896839751519,1.3074570365779512,88,,+2.8023
AL,1985,contemporaneo,log(pib_1985),-1.7686538488996177,4.345269192200058,-0.40702975366277105,0.6850868707291989,1.3074570365779512,88,,-1.7687
AL,1985,contemporaneo,log(pop_total_1991),0.7570904475720965,3.4679675833293335,0.21830955145355518,0.82775088863285,1.3074570365779512,88,,+0.7571
AL,1985,contemporaneo,adh_idhm_1991,0.2150309058274873,0.21865529721108257,0.9834241775533277,0.32840101002209365,1.3074570365779512,88,,+0.2150
AL,1985,contemporaneo,log(valor_producao_mil_reais_1985),1.9731126076933094,5.705166731988695,0.3458466159507885,0.7303773046231918,1.3074570365779512,88,,+1.9731
SE,1985,persistencia,log(pib_2010),4.919037832193112,2.83855648956502,1.7329363887159788,0.08807855867627676,5.307384474819352,70,*,+4.9190*
SE,1985,persistencia,log(pop_total_2010),2.0428114617771485,1.7934239697365166,1.1390566292460511,0.2590614639064428,5.307384474819352,70,,+2.0428
SE,1985,persistencia,adh_idhm_2010,0.10209389180605655,0.059022913567500064,1.7297331770872246,0.08865381892471166,5.307384474819352,70,*,+0.1021*
SE,1985,persistencia,adh_gini_2010,0.020582161095402896,0.06509041300868755,0.3162087954896801,0.7529061542811206,5.307384474819352,70,,+0.0206
SE,1985,persistencia,log(valor_producao_mil_reais_2010),-0.5531765349173838,2.3082147761521754,-0.23965557305699967,0.8113878235043778,5.307384474819352,70,,-0.5532
SE,1985,contemporaneo,log(pib_1985),4.460869487650086,2.708713841567763,1.6468588963491995,0.10464697503480004,5.307384474819352,70,,+4.4609
SE,1985,contemporaneo,log(pop_total_1991),2.006963599848177,1.672980632801801,1.1996334927601897,0.2348460454256533,5.307384474819352,70,,+2.0070
SE,1985,contemporaneo,adh_idhm_1991,0.1354115607157631,0.08187741982571903,1.6538327783654478,0.10321636736239002,5.307384474819352,70,,+0.1354
SE,1985,contemporaneo,log(valor_producao_mil_reais_1985),0.9332011689836577,2.0020188063645574,0.4661300713144882,0.6427559640064702,5.307384474819352,70,,+0.9332
BA,1985,persistencia,log(pib_2010),0.2646047636156652,1.2890798892982003,0.20526638093758573,0.8375055751497144,28.44410034203778,304,,+0.2646
BA,1985,persistencia,log(pop_total_2010),0.21383531686370816,0.9686065768985798,0.22076591462799688,0.8254274201243432,28.44410034203778,304,,+0.2138
BA,1985,persistencia,adh_idhm_2010,0.11525845599603146,0.05551856362447924,2.0760345454112525,0.03875666148934503,28.44410034203778,304,**,+0.1153**
BA,1985,persistencia,adh_gini_2010,-0.015872842927294073,0.043193709916079265,-0.3674804261577276,0.7135241859180467,28.44410034203778,304,,-0.0159
BA,1985,persistencia,log(valor_producao_mil_reais_2010),-0.04980073786237682,0.2902048951478734,-0.17160543703785885,0.8638653877214837,28.44410034203778,304,,-0.0498
BA,1985,contemporaneo,log(pib_1985),-0.3591369166102112,1.278010667461989,-0.28101245611934045,0.7788991819604181,28.05300266102366,302,,-0.3591
BA,1985,contemporaneo,log(pop_total_1991),-0.07679006329527027,0.8619418116326022,-0.0890896140074959,0.9290711431869315,28.44410034203778,304,,-0.0768
BA,1985,contemporaneo,adh_idhm_1991,0.20647272563411034,0.08763268865364589,2.356115381215343,0.01912122241775262,28.44410034203778,304,**,+0.2065**
BA,1985,contemporaneo,log(valor_producao_mil_reais_1985),-0.17727311062920847,0.2305477070815996,-0.7689215948977743,0.4425550182914141,28.44410034203778,304,,-0.1773
Nordeste,2003,persistencia,log(pib_2010),4.42491265430618,1.3761658516155015,3.215391988626741,0.001336998939744488,35.200680551072125,1231,***,+4.4249***
Nordeste,2003,persistencia,log(pop_total_2010),3.0007101613671225,1.0123175399923037,2.9641985274600064,0.00309393976167501,35.200680551072125,1231,***,+3.0007***
Nordeste,2003,persistencia,adh_idhm_2010,0.0514605856995914,0.030472711802109628,1.6887432281635264,0.09152545332448953,35.200680551072125,1231,*,+0.0515*
Nordeste,2003,persistencia,adh_gini_2010,-0.09749954384127535,0.04327530693985888,-2.2530064079446896,0.024436673596594533,35.200680551072125,1231,**,-0.0975**
Nordeste,2003,persistencia,log(valor_producao_mil_reais_2010),6.66117497628276,1.9564208556040457,3.4047761028524306,6.838061862443252e-4,35.200680551072125,1231,***,+6.6612***
Nordeste,2003,contemporaneo,log(pib_2003),4.438873230055479,1.3553002399161773,3.2751954875548566,0.001085698920637385,35.200680551072125,1231,***,+4.4389***
Nordeste,2003,contemporaneo,log(pop_total_2007),3.094472769309244,1.0020790873842729,3.088052438442505,0.002060437324573574,35.200680551072125,1231,***,+3.0945***
Nordeste,2003,contemporaneo,adh_idhm_2000,0.10685678771989304,0.04469503099837157,2.390797932857151,0.016963430347256496,35.200680551072125,1231,**,+0.1069**
Nordeste,2003,contemporaneo,log(valor_producao_mil_reais_2003),5.186039414346632,1.7416286848991214,2.9776952224733355,0.002961868327821572,35.200680551072125,1231,***,+5.1860***
Semiarido,2003,persistencia,log(pib_2010),7.97906625686505,2.919501277964603,2.7330237246643163,0.0064017362604152075,11.953553496694159,895,***,+7.9791***
Semiarido,2003,persistencia,log(pop_total_2010),6.020226634855318,2.2022749789073752,2.7336398463021,0.006389873736019068,11.953553496694159,895,***,+6.0202***
Semiarido,2003,persistencia,adh_idhm_2010,0.13139375585211918,0.058519049808114586,2.2453159489595707,0.024995983902768866,11.953553496694159,895,**,+0.1314**
Semiarido,2003,persistencia,adh_gini_2010,-0.09637609371724912,0.0781376862729541,-1.2334137125660951,0.2177515469807217,11.953553496694159,895,,-0.0964
Semiarido,2003,persistencia,log(valor_producao_mil_reais_2010),8.044260968495756,3.23287170570486,2.488271017467386,0.01302100638529539,11.953553496694159,895,**,+8.0443**
Semiarido,2003,contemporaneo,log(pib_2003),7.839168475670746,2.785755554291202,2.8140187905558416,0.005001984669335191,11.953553496694159,895,***,+7.8392***
Semiarido,2003,contemporaneo,log(pop_total_2007),5.836659516978606,2.12957726894684,2.74075968131697,0.006254222035919208,11.953553496694159,895,***,+5.8367***
Semiarido,2003,contemporaneo,adh_idhm_2000,0.23892676994956577,0.09402065223610112,2.541215831491807,0.011217799970157424,11.953553496694159,895,**,+0.2389**
Semiarido,2003,contemporaneo,log(valor_producao_mil_reais_2003),6.182567225348229,2.867007085047526,2.1564534170817162,0.0313192026088628,11.953553496694159,895,**,+6.1826**
Nao_Semiarido,2003,persistencia,log(pib_2010),0.34694667288985154,1.121149532800852,0.30945619896313964,0.7571765611713234,24.18281329111666,336,,+0.3469
Nao_Semiarido,2003,persistencia,log(pop_total_2010),-0.6344289448456031,0.9036804255687794,-0.7020501129547998,0.4831598239671726,24.18281329111666,336,,-0.6344
Nao_Semiarido,2003,persistencia,adh_idhm_2010,0.00870087403896939,0.03881942848559361,0.22413709779880958,0.8227941111836885,24.18281329111666,336,,+0.0087
Nao_Semiarido,2003,persistencia,adh_gini_2010,-0.08772056695633204,0.04462273699745215,-1.9658266807197566,0.05018568309845796,24.18281329111666,336,*,-0.0877*
Nao_Semiarido,2003,persistencia,log(valor_producao_mil_reais_2010),2.2637457349531704,1.4890722302232031,1.5202390381115685,0.12944143525827928,24.18281329111666,336,,+2.2637
Nao_Semiarido,2003,contemporaneo,log(pib_2003),0.3727769171934012,1.102520895538504,0.3381132445669666,0.7355002580057524,24.18281329111666,336,,+0.3728
Nao_Semiarido,2003,contemporaneo,log(pop_total_2007),-0.0562803545709053,0.7810505929633964,-0.07205724581473157,0.9426015068153271,24.18281329111666,336,,-0.0563
Nao_Semiarido,2003,contemporaneo,adh_idhm_2000,0.01979186392226387,0.0502282574587337,0.39403843421254214,0.6938159331455025,24.18281329111666,336,,+0.0198
Nao_Semiarido,2003,contemporaneo,log(valor_producao_mil_reais_2003),1.7256409622408564,1.4030768212582319,1.2298977048835857,0.21964168198944692,24.18281329111666,336,,+1.7256
MA,2003,persistencia,log(pib_2010),-10.734002855544531,20.928761963407112,-0.5128828391432038,0.6093039597365512,0.9460552242640022,98,,-10.7340
MA,2003,persistencia,log(pop_total_2010),-8.545177895617371,18.197868531192384,-0.4695702620870326,0.6398105048450049,0.9460552242640022,98,,-8.5452
MA,2003,persistencia,adh_idhm_2010,-0.537230727487298,0.8674655515183087,-0.6193107340654544,0.53729383394557,0.9460552242640022,98,,-0.5372
MA,2003,persistencia,adh_gini_2010,0.6374238480182512,0.9541858694303523,0.6680290166095127,0.5058438013448958,0.9460552242640022,98,,+0.6374
MA,2003,persistencia,log(valor_producao_mil_reais_2010),-10.921012010169534,21.018961269371264,-0.5195790538937614,0.6046468374004432,0.9460552242640022,98,,-10.9210
MA,2003,contemporaneo,log(pib_2003),-12.044992415187835,22.411338302328797,-0.5374508319271688,0.5922975189693895,0.9460552242640022,98,,-12.0450
MA,2003,contemporaneo,log(pop_total_2007),-9.377173391557108,18.792791475740703,-0.4989771425741589,0.6190266026433802,0.9460552242640022,98,,-9.3772
MA,2003,contemporaneo,adh_idhm_2000,-0.6931384705793562,1.1064551883352938,-0.626449654614762,0.5326235642082133,0.9460552242640022,98,,-0.6931
MA,2003,contemporaneo,log(valor_producao_mil_reais_2003),-17.348271538499716,27.333766457747682,-0.6346828039712908,0.5272635119443623,0.9460552242640022,98,,-17.3483
PI,2003,persistencia,log(pib_2010),26.99028506369433,12.368687713672195,2.1821462137700833,0.03199595127751083,11.038447239537824,90,**,+26.9903**
PI,2003,persistencia,log(pop_total_2010),22.45391251587131,10.69689912363416,2.09910482059803,0.03892160185971942,11.038447239537824,90,**,+22.4539**
PI,2003,persistencia,adh_idhm_2010,0.7191369456746202,0.42312846687215544,1.6995711751341493,0.0930490742170568,11.038447239537824,90,*,+0.7191*
PI,2003,persistencia,adh_gini_2010,0.2645843646817667,0.44383947401433915,0.5961262577406956,0.5527531626669668,11.038447239537824,90,,+0.2646
PI,2003,persistencia,log(valor_producao_mil_reais_2010),33.26699762162872,23.366375625957104,1.4237123529193492,0.15837052815559322,11.038447239537824,90,,+33.2670
PI,2003,contemporaneo,log(pib_2003),24.65006366949956,10.972526842241733,2.2465257113432084,0.027392280812377094,11.038447239537824,90,**,+24.6501**
PI,2003,contemporaneo,log(pop_total_2007),22.165575041883358,10.501559802392286,2.1106935978057253,0.03788316752837398,11.038447239537824,90,**,+22.1656**
PI,2003,contemporaneo,adh_idhm_2000,0.6595599955343019,0.37993814383461566,1.7359667783748598,0.08637214954882494,11.038447239537824,90,*,+0.6596*
PI,2003,contemporaneo,log(valor_producao_mil_reais_2003),21.162773678986525,14.501746634930026,1.4593258461716767,0.1483428016027662,11.038447239537824,90,,+21.1628
CE,2003,persistencia,log(pib_2010),-154.5354878897051,1662.322089416136,-0.09296362532485099,0.9260801128373463,0.010074708650789795,135,,-154.5355
CE,2003,persistencia,log(pop_total_2010),-111.47167469565466,1206.0512250827933,-0.09242698185394432,0.9265055972510344,0.010074708650789795,135,,-111.4717
CE,2003,persistencia,adh_idhm_2010,-3.893779994767101,41.65605823598917,-0.09347451870525356,0.92567506457761,0.010074708650789795,135,,-3.8938
CE,2003,persistencia,adh_gini_2010,4.960715123565933,53.43765526761974,0.09283182614810294,0.9261846094677072,0.010074708650789795,135,,+4.9607
CE,2003,persistencia,log(valor_producao_mil_reais_2010),-215.72026805163478,2283.1273360699406,-0.09448455399030205,0.9248743423741101,0.010074708650789795,135,,-215.7203
CE,2003,contemporaneo,log(pib_2003),-157.40761002704676,1691.129334864451,-0.0930783984299246,0.9259891163341656,0.010074708650789795,135,,-157.4076
CE,2003,contemporaneo,log(pop_total_2007),-87.38717730232747,945.7222742492582,-0.09240257915221246,0.9265249457414795,0.010074708650789795,135,,-87.3872
CE,2003,contemporaneo,adh_idhm_2000,-7.247345362402939,77.49041981490092,-0.09352569491447406,0.9256344919505943,0.010074708650789795,135,,-7.2473
CE,2003,contemporaneo,log(valor_producao_mil_reais_2003),-170.77805399682256,1810.9184515631318,-0.09430466283526569,0.9250169484539681,0.010074708650789795,135,,-170.7781
RN,2003,persistencia,log(pib_2010),11.213532984572453,8.541291036335064,1.3128615963171777,0.1915248334413628,1.6729326244016558,140,,+11.2135
RN,2003,persistencia,log(pop_total_2010),5.9028737433716,4.07135509718883,1.4498548032441063,0.14948893395755203,1.6729326244016558,140,,+5.9029
RN,2003,persistencia,adh_idhm_2010,-0.035745660505801524,0.12854498281445292,-0.27807900178724415,0.7813901340478598,1.6729326244016558,140,,-0.0357
RN,2003,persistencia,adh_gini_2010,0.1718154505709446,0.18497721627643196,0.9288465575899992,0.3546769577260481,1.6729326244016558,140,,+0.1718
RN,2003,persistencia,log(valor_producao_mil_reais_2010),12.145385140457108,8.949402020744547,1.3571169461718595,0.1770777323028311,1.6729326244016558,140,,+12.1454
RN,2003,contemporaneo,log(pib_2003),9.59423714607837,6.851092930520905,1.4003951257670209,0.16375911763741813,1.6729326244016558,140,,+9.5942
RN,2003,contemporaneo,log(pop_total_2007),6.4468767994721645,4.45788609827163,1.4461735130405613,0.15051687077515608,1.6729326244016558,140,,+6.4469
RN,2003,contemporaneo,adh_idhm_2000,-0.19503663516408842,0.25712372515009685,-0.7585322398788176,0.449494975987744,1.6729326244016558,140,,-0.1950
RN,2003,contemporaneo,log(valor_producao_mil_reais_2003),11.748399743380133,9.420685015504999,1.2470855064195516,0.21459115676837295,1.6729326244016558,140,,+11.7484
PB,2003,persistencia,log(pib_2010),15.644708290691142,43.713927185682685,0.35788841904406027,0.7209299255119161,0.1764446082235212,159,,+15.6447
PB,2003,persistencia,log(pop_total_2010),11.232083465791675,31.015358318323432,0.3621458553053672,0.7177527313922617,0.1764446082235212,159,,+11.2321
PB,2003,persistencia,adh_idhm_2010,-0.6419474962789025,1.7815767014723365,-0.36032548907289935,0.7191106153254361,0.1764446082235212,159,,-0.6419
PB,2003,persistencia,adh_gini_2010,-0.8278083513276897,2.162405333798486,-0.3828183081076478,0.7023964132004261,0.1764446082235212,159,,-0.8278
PB,2003,persistencia,log(valor_producao_mil_reais_2010),48.41132804772451,133.87897389740976,0.36160516202358756,0.7181559623339839,0.1764446082235212,159,,+48.4113
PB,2003,contemporaneo,log(pib_2003),17.769034331670355,49.49499808672355,0.35900666771490775,0.7200949369054188,0.1764446082235212,159,,+17.7690
PB,2003,contemporaneo,log(pop_total_2007),13.740614441988328,37.539136822398234,0.3660343738588524,0.7148551497193455,0.1764446082235212,159,,+13.7406
PB,2003,contemporaneo,adh_idhm_2000,-0.5207083609814731,1.5051500824429487,-0.3459511227852656,0.7298641874823071,0.1764446082235212,159,,-0.5207
PB,2003,contemporaneo,log(valor_producao_mil_reais_2003),34.20666745031576,96.10339714576716,0.35593609035934465,0.7223885212094112,0.1764446082235212,159,,+34.2067
PE,2003,persistencia,log(pib_2010),2.712370905008143,1.8316572798358401,1.4808288290980045,0.1409317566939491,6.926018536267245,147,,+2.7124
PE,2003,persistencia,log(pop_total_2010),1.9574005216019543,1.5536302480904969,1.2598882674997574,0.20983614257278366,6.926018536267245,147,,+1.9574
PE,2003,persistencia,adh_idhm_2010,0.15677809636044948,0.0799860563722943,1.960067835207769,0.05200254256870857,6.926018536267245,147,*,+0.1568*
PE,2003,persistencia,adh_gini_2010,-0.13636246367732596,0.0949460056166666,-1.4362106419502623,0.1532054543581118,6.926018536267245,147,,-0.1364
PE,2003,persistencia,log(valor_producao_mil_reais_2010),2.3871071556927035,2.2488308095198954,1.0614881055468681,0.29032228461060433,6.926018536267245,147,,+2.3871
PE,2003,contemporaneo,log(pib_2003),2.4302783811219513,1.800272616625404,1.3499502012520126,0.17924204203015254,6.926018536267245,147,,+2.4303
PE,2003,contemporaneo,log(pop_total_2007),2.0887017393402942,1.544447531800476,1.3523941061988303,0.17846123294947355,6.926018536267245,147,,+2.0887
PE,2003,contemporaneo,adh_idhm_2000,0.22717199363635654,0.11492736128317174,1.9766571780641782,0.050073901431914314,6.926018536267245,147,*,+0.2272*
PE,2003,contemporaneo,log(valor_producao_mil_reais_2003),-2.3470344547081083,3.375066592399543,-0.6954038951389865,0.48797157226085963,6.926018536267245,147,,-2.3470
AL,2003,persistencia,log(pib_2010),1.2780008151707989,3.859199314504169,0.3311569864680588,0.7414027191324168,1.3074570365779512,88,,+1.2780
AL,2003,persistencia,log(pop_total_2010),0.01911478233094499,3.2856159803508738,0.005817716508946279,0.9953728260912215,1.3074570365779512,88,,+0.0191
AL,2003,persistencia,adh_idhm_2010,0.05006191952005068,0.11571683008765053,0.4326243596729268,0.6664664336071486,1.3074570365779512,88,,+0.0501
AL,2003,persistencia,adh_gini_2010,-0.11342588843919721,0.15483156527854736,-0.7325759978925492,0.4659850953773481,1.3074570365779512,88,,-0.1134
AL,2003,persistencia,log(valor_producao_mil_reais_2010),2.8023349945886196,6.985682258425327,0.4011540878786414,0.6893896839751519,1.3074570365779512,88,,+2.8023
AL,2003,contemporaneo,log(pib_2003),2.1806165151727157,4.621032597830526,0.4718894465701167,0.6383065069038711,1.3074570365779512,88,,+2.1806
AL,2003,contemporaneo,log(pop_total_2007),0.11497887987846411,3.2456344246765334,0.035425702600477914,0.9718296501332342,1.3074570365779512,88,,+0.1150
AL,2003,contemporaneo,adh_idhm_2000,0.1112961175308822,0.1633965043291617,0.6811413621596002,0.4977738292953008,1.3074570365779512,88,,+0.1113
AL,2003,contemporaneo,log(valor_producao_mil_reais_2003),0.9402535202486035,6.141850887176848,0.1530896040168762,0.8787179698569059,1.3074570365779512,88,,+0.9403
SE,2003,persistencia,log(pib_2010),4.919037832193112,2.83855648956502,1.7329363887159788,0.08807855867627676,5.307384474819352,70,*,+4.9190*
SE,2003,persistencia,log(pop_total_2010),2.0428114617771485,1.7934239697365166,1.1390566292460511,0.2590614639064428,5.307384474819352,70,,+2.0428
SE,2003,persistencia,adh_idhm_2010,0.10209389180605655,0.059022913567500064,1.7297331770872246,0.08865381892471166,5.307384474819352,70,*,+0.1021*
SE,2003,persistencia,adh_gini_2010,0.020582161095402896,0.06509041300868755,0.3162087954896801,0.7529061542811206,5.307384474819352,70,,+0.0206
SE,2003,persistencia,log(valor_producao_mil_reais_2010),-0.5531765349173838,2.3082147761521754,-0.23965557305699967,0.8113878235043778,5.307384474819352,70,,-0.5532
SE,2003,contemporaneo,log(pib_2003),4.943260438556649,3.0279857625159488,1.6325243334200163,0.10763817884373689,5.307384474819352,70,,+4.9433
SE,2003,contemporaneo,log(pop_total_2007),2.275944663502912,1.7548619777440644,1.296936563882202,0.19945886006121274,5.307384474819352,70,,+2.2759
SE,2003,contemporaneo,adh_idhm_2000,0.14092890142346093,0.07924720360705471,1.778345417994222,0.08025023829852933,5.307384474819352,70,*,+0.1409*
SE,2003,contemporaneo,log(valor_producao_mil_reais_2003),-0.5090906160716031,2.204638625399252,-0.23091794283492093,0.8181388779236564,5.307384474819352,70,,-0.5091
BA,2003,persistencia,log(pib_2010),0.2646047636156652,1.2890798892982003,0.20526638093758573,0.8375055751497144,28.44410034203778,304,,+0.2646
BA,2003,persistencia,log(pop_total_2010),0.21383531686370816,0.9686065768985798,0.22076591462799688,0.8254274201243432,28.44410034203778,304,,+0.2138
BA,2003,persistencia,adh_idhm_2010,0.11525845599603146,0.05551856362447924,2.0760345454112525,0.03875666148934503,28.44410034203778,304,**,+0.1153**
BA,2003,persistencia,adh_gini_2010,-0.015872842927294073,0.043193709916079265,-0.3674804261577276,0.7135241859180467,28.44410034203778,304,,-0.0159
BA,2003,persistencia,log(valor_producao_mil_reais_2010),-0.04980073786237682,0.2902048951478734,-0.17160543703785885,0.8638653877214837,28.44410034203778,304,,-0.0498
BA,2003,contemporaneo,log(pib_2003),-0.0079380218393581,1.1921704391406778,-0.006658462228840253,0.9946918555037108,28.44410034203778,304,,-0.0079
BA,2003,contemporaneo,log(pop_total_2007),0.11925331587777066,0.9094357378201214,0.1311289087490841,0.8957627126176799,28.44410034203778,304,,+0.1193
BA,2003,contemporaneo,adh_idhm_2000,0.2276311913406468,0.09040127962827069,2.5180085091346536,0.01233140057716526,28.44410034203778,304,**,+0.2276**
BA,2003,contemporaneo,log(valor_producao_mil_reais_2003),0.27336328751993477,0.3664941591348206,0.7458871600171227,0.4563295118540762,28.44410034203778,304,,+0.2734
