ano_tratamento,subamostra,outcome_var,variavel_endogena,variavel_instrumento,coeficiente,erro_padrao,t_estatistica,p_valor,F_stat_1estagio,n_observacoes,significancia,coeficiente_sig
1858,Geral,pct_commaquinas,densidade_buffer_real_1858,densidade_buffer_sintetica_1858,-0.11282261463913812,0.13177243430411748,-0.8561928390785808,0.39206948460223934,477224.9930975597,1321,,-0.1128
1858,Geral,pct_cominstruagra,densidade_buffer_real_1858,densidade_buffer_sintetica_1858,0.09581789668840857,0.07380350163243879,1.29828388313616,0.19445010228978726,477224.9930975597,1321,,+0.0958
1860,Geral,pct_commaquinas,densidade_buffer_real_1860,densidade_buffer_sintetica_1860,-0.47217774891496134,0.45636630290173485,-1.0346463924104208,0.30105197751444523,4174.9718224172775,1318,,-0.4722
1860,Geral,pct_cominstruagra,densidade_buffer_real_1860,densidade_buffer_sintetica_1860,0.12048903678763109,0.11522458824224774,1.0456885863138465,0.29592495749062275,4174.9718224172775,1318,,+0.1205
1862,Geral,pct_commaquinas,densidade_buffer_real_1862,densidade_buffer_sintetica_1862,-0.5175512580255305,0.4945450638156639,-1.0465199147522821,0.2955415369745187,168.61429193364975,1317,,-0.5176
1862,Geral,pct_cominstruagra,densidade_buffer_real_1862,densidade_buffer_sintetica_1862,0.13749953933004166,0.1229303777652729,1.118515551888953,0.2635810647997661,168.61429193364975,1317,,+0.1375
1863,Geral,pct_commaquinas,densidade_buffer_real_1863,densidade_buffer_sintetica_1863,-0.5395603985852074,0.5271510785627327,-1.0235403483500565,0.3062682505110518,109.78342469617517,1316,,-0.5396
1863,Geral,pct_cominstruagra,densidade_buffer_real_1863,densidade_buffer_sintetica_1863,0.14334320764783343,0.12602548140171815,1.137414482003948,0.2556026017801672,109.78342469617517,1316,,+0.1433
1873,Geral,pct_commaquinas,densidade_buffer_real_1873,densidade_buffer_sintetica_1873,-0.5409927105745596,0.5277600911729835,-1.0250731717363577,0.3055449844489263,109.67458281163755,1314,,-0.5410
1873,Geral,pct_cominstruagra,densidade_buffer_real_1873,densidade_buffer_sintetica_1873,0.14355554492491995,0.12598509310849185,1.139464530151177,0.25474756410996646,109.67458281163755,1314,,+0.1436
1875,Geral,pct_commaquinas,densidade_buffer_real_1875,densidade_buffer_sintetica_1875,-0.5400370586885597,0.5271945406403212,-1.024360111985682,0.3058815783023872,109.50984701764358,1312,,-0.5400
1875,Geral,pct_cominstruagra,densidade_buffer_real_1875,densidade_buffer_sintetica_1875,0.14283114909784195,0.1264503331679937,1.1295434778181703,0.2589052162699175,109.50984701764358,1312,,+0.1428
1876,Geral,pct_commaquinas,densidade_buffer_real_1876,densidade_buffer_sintetica_1876,-0.5407356171102266,0.5274038662902295,-1.0252780680463587,0.3054487427443455,109.37674116557282,1310,,-0.5407
1876,Geral,pct_cominstruagra,densidade_buffer_real_1876,densidade_buffer_sintetica_1876,0.14302561855070978,0.12645267834335702,1.131060412673524,0.25826671699882736,109.37674116557282,1310,,+0.1430
1880,Geral,pct_commaquinas,densidade_buffer_real_1880,densidade_buffer_sintetica_1880,-0.5564449015315133,0.5552723451415136,-1.002111677990556,0.31650175636102734,48.93559138372838,1310,,-0.5564
1880,Geral,pct_cominstruagra,densidade_buffer_real_1880,densidade_buffer_sintetica_1880,0.14723120748553978,0.12750130896400597,1.1547427134815034,0.24843716030612398,48.93559138372838,1310,,+0.1472
1881,Geral,pct_commaquinas,densidade_buffer_real_1881,densidade_buffer_sintetica_1881,-0.38693171289772865,0.37855554367766153,-1.0221266584520008,0.3069379974177352,88.91012995752699,1303,,-0.3869
1881,Geral,pct_cominstruagra,densidade_buffer_real_1881,densidade_buffer_sintetica_1881,0.09108783534863832,0.06987109370754363,1.303655496361638,0.19261449632251781,88.91012995752699,1303,,+0.0911
1882,Geral,pct_commaquinas,densidade_buffer_real_1882,densidade_buffer_sintetica_1882,0.020950280310212427,0.527110760200994,0.03974549922339627,0.9683030231753013,43.91140381660167,1297,,+0.0210
1882,Geral,pct_cominstruagra,densidade_buffer_real_1882,densidade_buffer_sintetica_1882,0.3065234964131232,0.16039905560460602,1.9110056181921877,0.05625577834885707,43.91140381660167,1297,*,+0.3065*
1883,Geral,pct_commaquinas,densidade_buffer_real_1883,densidade_buffer_sintetica_1883,0.2770946658572932,0.2763076651060721,1.002848276941282,0.3161485766537784,37.71204205419068,1293,,+0.2771
1883,Geral,pct_cominstruagra,densidade_buffer_real_1883,densidade_buffer_sintetica_1883,0.14821955264429798,0.10861381853794046,1.3646472855801737,0.17263537029910844,37.71204205419068,1293,,+0.1482
1884,Geral,pct_commaquinas,densidade_buffer_real_1884,densidade_buffer_sintetica_1884,0.24248606823611762,0.19545695157074197,1.2406111232546997,0.21500718354673,90.63477256010057,1290,,+0.2425
1884,Geral,pct_cominstruagra,densidade_buffer_real_1884,densidade_buffer_sintetica_1884,-0.019088369861272755,0.058205381957344766,-0.32794853704871274,0.7430113803337417,90.63477256010057,1290,,-0.0191
1885,Geral,pct_commaquinas,densidade_buffer_real_1885,densidade_buffer_sintetica_1885,0.2763181900887987,0.2312891542000683,1.1946871916431485,0.23246040611561392,62.400739919115146,1288,,+0.2763
1885,Geral,pct_cominstruagra,densidade_buffer_real_1885,densidade_buffer_sintetica_1885,-0.038663363645878246,0.061499926022522695,-0.6286733358300111,0.5296902153310622,62.400739919115146,1288,,-0.0387
1886,Geral,pct_commaquinas,densidade_buffer_real_1886,densidade_buffer_sintetica_1886,0.27734602409002024,0.23206534957723296,1.195120359826565,0.23229143690022083,60.76560836582752,1287,,+0.2773
1886,Geral,pct_cominstruagra,densidade_buffer_real_1886,densidade_buffer_sintetica_1886,-0.03871535081534673,0.061397860700081686,-0.6305651430505822,0.5284527355521187,60.76560836582752,1287,,-0.0387
1887,Geral,pct_commaquinas,densidade_buffer_real_1887,densidade_buffer_sintetica_1887,0.3064877351764943,0.23726123911308825,1.2917733057543797,0.19670050515094678,39.382032941045914,1287,,+0.3065
1887,Geral,pct_cominstruagra,densidade_buffer_real_1887,densidade_buffer_sintetica_1887,0.03403981555157098,0.11496281959294048,0.29609412566688004,0.7672127499725939,39.382032941045914,1287,,+0.0340
1888,Geral,pct_commaquinas,densidade_buffer_real_1888,densidade_buffer_sintetica_1888,0.3196177778601139,0.24572514472979357,1.3007125429169035,0.19362299606875494,36.766101628987904,1286,,+0.3196
1888,Geral,pct_cominstruagra,densidade_buffer_real_1888,densidade_buffer_sintetica_1888,0.035605289730318034,0.11765296648606775,0.3026297661141791,0.7622279223107304,36.766101628987904,1286,,+0.0356
1891,Geral,pct_commaquinas,densidade_buffer_real_1891,densidade_buffer_sintetica_1891,0.32231356186755583,0.2484861355217296,1.2971088354318674,0.19485968721157204,35.26996764107836,1286,,+0.3223
1891,Geral,pct_cominstruagra,densidade_buffer_real_1891,densidade_buffer_sintetica_1891,0.036109389705477876,0.11865973600887066,0.3043103829489259,0.760947714628907,35.26996764107836,1286,,+0.0361
1892,Geral,pct_commaquinas,densidade_buffer_real_1892,densidade_buffer_sintetica_1892,0.3257468393785228,0.2515781877754233,1.2948135220264316,0.19565024114392354,33.52424500768646,1286,,+0.3257
1892,Geral,pct_cominstruagra,densidade_buffer_real_1892,densidade_buffer_sintetica_1892,0.03662406292465177,0.11978912550121731,0.3057377935719181,0.7598608586286404,33.52424500768646,1286,,+0.0366
1894,Geral,pct_commaquinas,densidade_buffer_real_1894,densidade_buffer_sintetica_1894,0.19662519224768854,0.127754119416525,1.5390908187204415,0.12406357964973182,98.52678978748952,1284,,+0.1966
1894,Geral,pct_cominstruagra,densidade_buffer_real_1894,densidade_buffer_sintetica_1894,0.3022087210952553,0.1292193469155131,2.338726578558295,0.019524122233548793,98.52678978748952,1284,**,+0.3022**
1895,Geral,pct_commaquinas,densidade_buffer_real_1895,densidade_buffer_sintetica_1895,0.1869078541497581,0.12205327200053188,1.5313629129823214,0.125961109987884,105.553540272215,1282,,+0.1869
1895,Geral,pct_cominstruagra,densidade_buffer_real_1895,densidade_buffer_sintetica_1895,0.2880187405534164,0.122245643975106,2.3560654693926626,0.018640613001624968,105.553540272215,1282,**,+0.2880**
1896,Geral,pct_commaquinas,densidade_buffer_real_1896,densidade_buffer_sintetica_1896,0.179067226666982,0.11993539751095572,1.4930306680363048,0.13571004259273167,107.32336583038736,1281,,+0.1791
1896,Geral,pct_cominstruagra,densidade_buffer_real_1896,densidade_buffer_sintetica_1896,0.28830766982744516,0.12095300035321675,2.383633882462657,0.017308058456780656,107.32336583038736,1281,**,+0.2883**
1900,Geral,pct_commaquinas,densidade_buffer_real_1900,densidade_buffer_sintetica_1900,0.17884917234282413,0.11991881104408315,1.4914188256676235,0.1361326553118479,107.21477158744358,1281,,+0.1788
1900,Geral,pct_cominstruagra,densidade_buffer_real_1900,densidade_buffer_sintetica_1900,0.28834291778072046,0.12097560907984531,2.383479777236838,0.01731541700979393,107.21477158744358,1281,**,+0.2883**
1901,Geral,pct_commaquinas,densidade_buffer_real_1901,densidade_buffer_sintetica_1901,0.27719136966745095,0.114418191478875,2.422616247335361,0.015566877866131633,131.63902775683704,1280,**,+0.2772**
1901,Geral,pct_cominstruagra,densidade_buffer_real_1901,densidade_buffer_sintetica_1901,0.24605850667827406,0.09913883105738207,2.4819589262239146,0.013211859752974165,131.63902775683704,1280,**,+0.2461**
1902,Geral,pct_commaquinas,densidade_buffer_real_1902,densidade_buffer_sintetica_1902,0.2693853795412506,0.11201536373725497,2.4048967083937276,0.016338504267917595,139.51942523479738,1279,**,+0.2694**
1902,Geral,pct_cominstruagra,densidade_buffer_real_1902,densidade_buffer_sintetica_1902,0.24270885457578315,0.09742727262503895,2.4911798107074037,0.012875870880441662,139.51942523479738,1279,**,+0.2427**
1904,Geral,pct_commaquinas,densidade_buffer_real_1904,densidade_buffer_sintetica_1904,0.34142249234765504,0.1312237756906582,2.6018340849489885,0.009395001444474239,101.98402547054856,1279,***,+0.3414***
1904,Geral,pct_cominstruagra,densidade_buffer_real_1904,densidade_buffer_sintetica_1904,0.23406661348180963,0.09987671970158378,2.343555276756831,0.0192750878684725,101.98402547054856,1279,**,+0.2341**
1905,Geral,pct_commaquinas,densidade_buffer_real_1905,densidade_buffer_sintetica_1905,0.31516131151914767,0.12901915143120224,2.442748289870774,0.014730017858691305,100.5266231383223,1276,**,+0.3152**
1905,Geral,pct_cominstruagra,densidade_buffer_real_1905,densidade_buffer_sintetica_1905,0.22993263438188202,0.09872218932589819,2.329087674735784,0.020032055007149618,100.5266231383223,1276,**,+0.2299**
1906,Geral,pct_commaquinas,densidade_buffer_real_1906,densidade_buffer_sintetica_1906,0.3244638210556679,0.134331119204205,2.415403243699849,0.015877531647425367,89.84641705968092,1275,**,+0.3245**
1906,Geral,pct_cominstruagra,densidade_buffer_real_1906,densidade_buffer_sintetica_1906,0.23672009178599404,0.10302355950516506,2.2977277520111907,0.021761439108870774,89.84641705968092,1275,**,+0.2367**
1907,Geral,pct_commaquinas,densidade_buffer_real_1907,densidade_buffer_sintetica_1907,0.2843906028846522,0.1127177914550395,2.5230320716325334,0.011773084649878326,115.97825635977537,1273,**,+0.2844**
1907,Geral,pct_cominstruagra,densidade_buffer_real_1907,densidade_buffer_sintetica_1907,0.2207648229306465,0.08435381348122903,2.6171291352438093,0.008987385779112138,115.97825635977537,1273,***,+0.2208***
1908,Geral,pct_commaquinas,densidade_buffer_real_1908,densidade_buffer_sintetica_1908,0.2890457937136275,0.11312358501420557,2.555132898920507,0.010746827370880094,115.72055476246902,1273,**,+0.2890**
1908,Geral,pct_cominstruagra,densidade_buffer_real_1908,densidade_buffer_sintetica_1908,0.2205634040509451,0.08435411148150736,2.614732111774995,0.009050412021125937,115.72055476246902,1273,***,+0.2206***
1910,Geral,pct_commaquinas,densidade_buffer_real_1910,densidade_buffer_sintetica_1910,0.29716087417153036,0.11850934070466694,2.5074890502688287,0.012300639838684723,100.37856976329324,1272,**,+0.2972**
1910,Geral,pct_cominstruagra,densidade_buffer_real_1910,densidade_buffer_sintetica_1910,0.22920178756360726,0.08852986421191597,2.5889770599326987,0.009751591321143402,100.37856976329324,1272,***,+0.2292***
1911,Geral,pct_commaquinas,densidade_buffer_real_1911,densidade_buffer_sintetica_1911,0.29441377328160934,0.116674130965435,2.5233851826916984,0.011761461072941903,99.14866847347082,1269,**,+0.2944**
1911,Geral,pct_cominstruagra,densidade_buffer_real_1911,densidade_buffer_sintetica_1911,0.2277725895208229,0.08800964378777983,2.5880412613651465,0.009778074605770319,99.14866847347082,1269,***,+0.2278***
1912,Geral,pct_commaquinas,densidade_buffer_real_1912,densidade_buffer_sintetica_1912,0.28278991123113456,0.10695189069422335,2.6440851993877703,0.008306199060813839,105.92078687279377,1269,***,+0.2828***
1912,Geral,pct_cominstruagra,densidade_buffer_real_1912,densidade_buffer_sintetica_1912,0.21195564351873514,0.07790311777063251,2.720759445633343,0.006614556869719718,105.92078687279377,1269,***,+0.2120***
1913,Geral,pct_commaquinas,densidade_buffer_real_1913,densidade_buffer_sintetica_1913,0.28935650663788437,0.1038462075993801,2.7863945475425496,0.005420683984502804,108.23560063634504,1264,***,+0.2894***
1913,Geral,pct_cominstruagra,densidade_buffer_real_1913,densidade_buffer_sintetica_1913,0.20785755730229616,0.07110521610541085,2.9232392317626186,0.0035344502458339987,108.23560063634504,1264,***,+0.2079***
1914,Geral,pct_commaquinas,densidade_buffer_real_1914,densidade_buffer_sintetica_1914,0.3034669867639677,0.10842264809665987,2.7989261661772353,0.005216155955361453,95.74355593139026,1264,***,+0.3035***
1914,Geral,pct_cominstruagra,densidade_buffer_real_1914,densidade_buffer_sintetica_1914,0.21489109744267307,0.07444297169353686,2.8866539386327306,0.003969134196136447,95.74355593139026,1264,***,+0.2149***
1915,Geral,pct_commaquinas,densidade_buffer_real_1915,densidade_buffer_sintetica_1915,0.297361798655535,0.1074768279989705,2.766752649774735,0.0057559608200238085,83.78015403330137,1262,***,+0.2974***
1915,Geral,pct_cominstruagra,densidade_buffer_real_1915,densidade_buffer_sintetica_1915,0.2142937362493541,0.07414117159186887,2.8903473151057666,0.003923211799458089,83.78015403330137,1262,***,+0.2143***
1916,Geral,pct_commaquinas,densidade_buffer_real_1916,densidade_buffer_sintetica_1916,0.2652018501540812,0.09458463896182104,2.8038575086291715,0.0051378446240830065,94.42207352959142,1260,***,+0.2652***
1916,Geral,pct_cominstruagra,densidade_buffer_real_1916,densidade_buffer_sintetica_1916,0.230220512204588,0.06776159158460433,3.3975074495873394,7.042294265134678e-4,94.42207352959142,1260,***,+0.2302***
1917,Geral,pct_commaquinas,densidade_buffer_real_1917,densidade_buffer_sintetica_1917,0.2646613716341228,0.09487950105277282,2.7894473379124936,0.005370530935643487,93.06018252100073,1257,***,+0.2647***
1917,Geral,pct_cominstruagra,densidade_buffer_real_1917,densidade_buffer_sintetica_1917,0.2310788949991271,0.06805958488942367,3.395243967099722,7.100388614595014e-4,93.06018252100073,1257,***,+0.2311***
1918,Geral,pct_commaquinas,densidade_buffer_real_1918,densidade_buffer_sintetica_1918,0.26459124919510796,0.09545010665657638,2.7720372293253797,0.005664239227832545,90.16484154054483,1257,***,+0.2646***
1918,Geral,pct_cominstruagra,densidade_buffer_real_1918,densidade_buffer_sintetica_1918,0.23228278447896059,0.0685368912239325,3.389164292848016,7.258032186734584e-4,90.16484154054483,1257,***,+0.2323***
1919,Geral,pct_commaquinas,densidade_buffer_real_1919,densidade_buffer_sintetica_1919,0.30207253289837055,0.10382994856814338,2.909300611856905,0.0036949994779396592,86.84050343932334,1255,***,+0.3021***
1919,Geral,pct_cominstruagra,densidade_buffer_real_1919,densidade_buffer_sintetica_1919,0.2244881255684178,0.06748291623716347,3.3265919448334405,9.081067352984427e-4,86.84050343932334,1255,***,+0.2245***
1920,Geral,pct_commaquinas,densidade_buffer_real_1920,densidade_buffer_sintetica_1920,0.29932093960053785,0.10324095594890305,2.8992461068326456,0.0038145869585940843,86.89066046917766,1254,***,+0.2993***
1920,Geral,pct_cominstruagra,densidade_buffer_real_1920,densidade_buffer_sintetica_1920,0.2231190912155776,0.06702352310994196,3.3289669188172106,9.004490804164401e-4,86.89066046917766,1254,***,+0.2231***
1858,Nao_Semiarido_Dummy0,pct_commaquinas,densidade_buffer_real_1858,densidade_buffer_sintetica_1858,-0.2832603618492238,0.17034665895072554,-1.6628465952546783,0.09736037484958655,125851.39597957383,374,*,-0.2833*
1858,Nao_Semiarido_Dummy0,pct_cominstruagra,densidade_buffer_real_1858,densidade_buffer_sintetica_1858,-0.38140479607940725,0.14520800141643364,-2.626610051505347,0.009055236133452781,125851.39597957383,374,***,-0.3814***
1860,Nao_Semiarido_Dummy0,pct_commaquinas,densidade_buffer_real_1860,densidade_buffer_sintetica_1860,-0.5347267589267424,0.31809503036792447,-1.6810283339172287,0.09377776493339146,1104.8550443014801,371,*,-0.5347*
1860,Nao_Semiarido_Dummy0,pct_cominstruagra,densidade_buffer_real_1860,densidade_buffer_sintetica_1860,-0.23903144992294745,0.08419704316927502,-2.8389530193166475,0.004829024850575404,1104.8550443014801,371,***,-0.2390***
1862,Nao_Semiarido_Dummy0,pct_commaquinas,densidade_buffer_real_1862,densidade_buffer_sintetica_1862,-0.6594703978084973,0.37516042209071876,-1.757835738997619,0.07977855694136851,39.999491729738445,370,*,-0.6595*
1862,Nao_Semiarido_Dummy0,pct_cominstruagra,densidade_buffer_real_1862,densidade_buffer_sintetica_1862,-0.27860475594962936,0.11621917181026165,-2.3972357710866925,0.017120688723540167,39.999491729738445,370,**,-0.2786**
1863,Nao_Semiarido_Dummy0,pct_commaquinas,densidade_buffer_real_1863,densidade_buffer_sintetica_1863,-0.718208301924397,0.4710402777375862,-1.5247280028237982,0.1283631697745663,23.24929311879502,369,,-0.7182
1863,Nao_Semiarido_Dummy0,pct_cominstruagra,densidade_buffer_real_1863,densidade_buffer_sintetica_1863,-0.3034178160174956,0.1316791652687319,-2.304220378358855,0.02188206420089023,23.24929311879502,369,**,-0.3034**
1873,Nao_Semiarido_Dummy0,pct_commaquinas,densidade_buffer_real_1873,densidade_buffer_sintetica_1873,-0.718208301924397,0.4710402777375862,-1.5247280028237982,0.1283631697745663,23.24929311879502,368,,-0.7182
1873,Nao_Semiarido_Dummy0,pct_cominstruagra,densidade_buffer_real_1873,densidade_buffer_sintetica_1873,-0.3034178160174956,0.1316791652687319,-2.304220378358855,0.02188206420089023,23.24929311879502,368,**,-0.3034**
1875,Nao_Semiarido_Dummy0,pct_commaquinas,densidade_buffer_real_1875,densidade_buffer_sintetica_1875,-0.7152192695587923,0.4669865537766912,-1.5315628764352043,0.12667027827780084,23.159585169729738,366,,-0.7152
1875,Nao_Semiarido_Dummy0,pct_cominstruagra,densidade_buffer_real_1875,densidade_buffer_sintetica_1875,-0.3038908548489233,0.1319318560636116,-2.303392553671047,0.021931403232000175,23.159585169729738,366,**,-0.3039**
1876,Nao_Semiarido_Dummy0,pct_commaquinas,densidade_buffer_real_1876,densidade_buffer_sintetica_1876,-0.7120501458153887,0.46809356889932485,-1.5211705375267242,0.1292599005842742,23.051069345687573,365,,-0.7121
1876,Nao_Semiarido_Dummy0,pct_cominstruagra,densidade_buffer_real_1876,densidade_buffer_sintetica_1876,-0.30185667829933943,0.1316742718049088,-2.292449953674901,0.02256489252910303,23.051069345687573,365,**,-0.3019**
1880,Nao_Semiarido_Dummy0,pct_commaquinas,densidade_buffer_real_1880,densidade_buffer_sintetica_1880,-0.7298876036939111,0.502680943533433,-1.4519898020470052,0.1475390964416721,14.238353100132631,366,,-0.7299
1880,Nao_Semiarido_Dummy0,pct_cominstruagra,densidade_buffer_real_1880,densidade_buffer_sintetica_1880,-0.30941844317806005,0.13796384687448204,-2.2427501855581444,0.025635739345438457,14.238353100132631,366,**,-0.3094**
1881,Nao_Semiarido_Dummy0,pct_commaquinas,densidade_buffer_real_1881,densidade_buffer_sintetica_1881,-0.43868678667146904,0.30953752395180023,-1.4172329773490704,0.15745250766546348,24.269792423383844,361,,-0.4387
1881,Nao_Semiarido_Dummy0,pct_cominstruagra,densidade_buffer_real_1881,densidade_buffer_sintetica_1881,-0.15059225852061037,0.08604136960625017,-1.7502308390691996,0.08110078130682803,24.269792423383844,361,*,-0.1506*
1882,Nao_Semiarido_Dummy0,pct_commaquinas,densidade_buffer_real_1882,densidade_buffer_sintetica_1882,-0.39921836179559433,0.29537286463947193,-1.351574262865598,0.17753317784535905,16.82560406993297,361,,-0.3992
1882,Nao_Semiarido_Dummy0,pct_cominstruagra,densidade_buffer_real_1882,densidade_buffer_sintetica_1882,-0.21416870780736535,0.22759259263063017,-0.9410179186057649,0.3474553056273858,16.82560406993297,361,,-0.2142
1883,Nao_Semiarido_Dummy0,pct_commaquinas,densidade_buffer_real_1883,densidade_buffer_sintetica_1883,0.08023648340652034,0.16792637771271626,0.47780750409436373,0.6331375072794572,28.124502836237607,358,,+0.0802
1883,Nao_Semiarido_Dummy0,pct_cominstruagra,densidade_buffer_real_1883,densidade_buffer_sintetica_1883,-0.06114049840943374,0.08573990815542748,-0.7130926510744512,0.47634645360690353,28.124502836237607,358,,-0.0611
1884,Nao_Semiarido_Dummy0,pct_commaquinas,densidade_buffer_real_1884,densidade_buffer_sintetica_1884,0.15755671355246736,0.14993285425197259,1.0508484904027928,0.29417959354517753,71.11998587056141,357,,+0.1576
1884,Nao_Semiarido_Dummy0,pct_cominstruagra,densidade_buffer_real_1884,densidade_buffer_sintetica_1884,-0.129239708973938,0.05524842981374573,-2.33924673352044,0.019983166372265573,71.11998587056141,357,**,-0.1292**
1885,Nao_Semiarido_Dummy0,pct_commaquinas,densidade_buffer_real_1885,densidade_buffer_sintetica_1885,0.19120365563529965,0.17274299755170427,1.1068677650917216,0.2692437833330351,53.903363699500204,357,,+0.1912
1885,Nao_Semiarido_Dummy0,pct_cominstruagra,densidade_buffer_real_1885,densidade_buffer_sintetica_1885,-0.1259332537501063,0.059939021241340644,-2.1010228585989768,0.03647871893231746,53.903363699500204,357,**,-0.1259**
1886,Nao_Semiarido_Dummy0,pct_commaquinas,densidade_buffer_real_1886,densidade_buffer_sintetica_1886,0.19060340164703635,0.17260266320640869,1.1042900387875318,0.27035819707617403,52.07507926874825,357,,+0.1906
1886,Nao_Semiarido_Dummy0,pct_cominstruagra,densidade_buffer_real_1886,densidade_buffer_sintetica_1886,-0.125537905987678,0.060259293083003006,-2.0832953651606605,0.03807646162999358,52.07507926874825,357,**,-0.1255**
1887,Nao_Semiarido_Dummy0,pct_commaquinas,densidade_buffer_real_1887,densidade_buffer_sintetica_1887,0.18563949610863056,0.1586614187660381,1.1700355231436215,0.24292156746734447,55.145524476957796,357,,+0.1856
1887,Nao_Semiarido_Dummy0,pct_cominstruagra,densidade_buffer_real_1887,densidade_buffer_sintetica_1887,-0.07658826063701794,0.08967764626355021,-0.8540395943481348,0.39376905401280615,55.145524476957796,357,,-0.0766
1888,Nao_Semiarido_Dummy0,pct_commaquinas,densidade_buffer_real_1888,densidade_buffer_sintetica_1888,0.1856393477651658,0.15866121245765474,1.1700361095797833,0.2429213318480397,55.14564705303995,357,,+0.1856
1888,Nao_Semiarido_Dummy0,pct_cominstruagra,densidade_buffer_real_1888,densidade_buffer_sintetica_1888,-0.07658811723076969,0.08967751758441196,-0.8540392206851463,0.39376926071015483,55.14564705303995,357,,-0.0766
1891,Nao_Semiarido_Dummy0,pct_commaquinas,densidade_buffer_real_1891,densidade_buffer_sintetica_1891,0.1856393477651658,0.15866121245765474,1.1700361095797833,0.2429213318480397,55.14564705303995,357,,+0.1856
1891,Nao_Semiarido_Dummy0,pct_cominstruagra,densidade_buffer_real_1891,densidade_buffer_sintetica_1891,-0.07658811723076969,0.08967751758441196,-0.8540392206851463,0.39376926071015483,55.14564705303995,357,,-0.0766
1892,Nao_Semiarido_Dummy0,pct_commaquinas,densidade_buffer_real_1892,densidade_buffer_sintetica_1892,0.18878790392304468,0.16106469960737832,1.1721246454576715,0.24208322047509978,50.30353753379943,357,,+0.1888
1892,Nao_Semiarido_Dummy0,pct_cominstruagra,densidade_buffer_real_1892,densidade_buffer_sintetica_1892,-0.07703639790128008,0.09064750911940006,-0.849845722730323,0.39609311390662083,50.30353753379943,357,,-0.0770
1894,Nao_Semiarido_Dummy0,pct_commaquinas,densidade_buffer_real_1894,densidade_buffer_sintetica_1894,0.12510105093875398,0.1185598081123156,1.0551725152949105,0.2922011453030494,63.874060801965186,357,,+0.1251
1894,Nao_Semiarido_Dummy0,pct_cominstruagra,densidade_buffer_real_1894,densidade_buffer_sintetica_1894,0.17133673883054182,0.12733981923425314,1.3455079476385337,0.17948413345938827,63.874060801965186,357,,+0.1713
1895,Nao_Semiarido_Dummy0,pct_commaquinas,densidade_buffer_real_1895,densidade_buffer_sintetica_1895,0.12510105093875398,0.1185598081123156,1.0551725152949105,0.2922011453030494,63.874060801965186,357,,+0.1251
1895,Nao_Semiarido_Dummy0,pct_cominstruagra,densidade_buffer_real_1895,densidade_buffer_sintetica_1895,0.17133673883054182,0.12733981923425314,1.3455079476385337,0.17948413345938827,63.874060801965186,357,,+0.1713
1896,Nao_Semiarido_Dummy0,pct_commaquinas,densidade_buffer_real_1896,densidade_buffer_sintetica_1896,0.12510024209564735,0.11855964937686084,1.0551671057831504,0.29220361478812196,63.87404899196785,357,,+0.1251
1896,Nao_Semiarido_Dummy0,pct_cominstruagra,densidade_buffer_real_1896,densidade_buffer_sintetica_1896,0.17133670994455952,0.1273397323762933,1.3455086385626571,0.17948391073978817,63.87404899196785,357,,+0.1713
1900,Nao_Semiarido_Dummy0,pct_commaquinas,densidade_buffer_real_1900,densidade_buffer_sintetica_1900,0.12510024209564735,0.11855964937686084,1.0551671057831504,0.29220361478812196,63.87404899196785,357,,+0.1251
1900,Nao_Semiarido_Dummy0,pct_cominstruagra,densidade_buffer_real_1900,densidade_buffer_sintetica_1900,0.17133670994455952,0.1273397323762933,1.3455086385626571,0.17948391073978817,63.87404899196785,357,,+0.1713
1901,Nao_Semiarido_Dummy0,pct_commaquinas,densidade_buffer_real_1901,densidade_buffer_sintetica_1901,0.09781152245471565,0.11566706819288274,0.8456298234481768,0.39843775187878205,49.747292549647575,357,,+0.0978
1901,Nao_Semiarido_Dummy0,pct_cominstruagra,densidade_buffer_real_1901,densidade_buffer_sintetica_1901,0.1706506185951461,0.1279308742304809,1.3339283392037256,0.1832458930214139,49.747292549647575,357,,+0.1707
1902,Nao_Semiarido_Dummy0,pct_commaquinas,densidade_buffer_real_1902,densidade_buffer_sintetica_1902,0.09329664678323668,0.11382509984121139,0.819649153950997,0.41307341284780474,54.47423144471341,356,,+0.0933
1902,Nao_Semiarido_Dummy0,pct_cominstruagra,densidade_buffer_real_1902,densidade_buffer_sintetica_1902,0.16858802434414194,0.12614224715063432,1.3364913671057443,0.18241167700544828,54.47423144471341,356,,+0.1686
1904,Nao_Semiarido_Dummy0,pct_commaquinas,densidade_buffer_real_1904,densidade_buffer_sintetica_1904,0.08715560241472808,0.12328469698624964,0.7069458298173766,0.4801544244260786,42.3184340068638,356,,+0.0872
1904,Nao_Semiarido_Dummy0,pct_cominstruagra,densidade_buffer_real_1904,densidade_buffer_sintetica_1904,0.1712416016375114,0.13406493571196346,1.2773034255983344,0.202492745270184,42.3184340068638,356,,+0.1712
1905,Nao_Semiarido_Dummy0,pct_commaquinas,densidade_buffer_real_1905,densidade_buffer_sintetica_1905,0.07831314238576115,0.1211104978710012,0.6466255507361143,0.5183787930532388,41.918358622384304,353,,+0.0783
1905,Nao_Semiarido_Dummy0,pct_cominstruagra,densidade_buffer_real_1905,densidade_buffer_sintetica_1905,0.16758771675020703,0.1297230014965746,1.291888985120594,0.19741020242830215,41.918358622384304,353,,+0.1676
1906,Nao_Semiarido_Dummy0,pct_commaquinas,densidade_buffer_real_1906,densidade_buffer_sintetica_1906,0.08024123838733357,0.12428511724406319,0.6456222608678153,0.5190275762178364,39.861563324748026,353,,+0.0802
1906,Nao_Semiarido_Dummy0,pct_cominstruagra,densidade_buffer_real_1906,densidade_buffer_sintetica_1906,0.1717150387051495,0.13391766858603188,1.2822433403911575,0.20076742187768767,39.861563324748026,353,,+0.1717
1907,Nao_Semiarido_Dummy0,pct_commaquinas,densidade_buffer_real_1907,densidade_buffer_sintetica_1907,0.04933822871526891,0.11782577967756366,0.41873882651390487,0.6757148489127714,43.552526343357265,351,,+0.0493
1907,Nao_Semiarido_Dummy0,pct_cominstruagra,densidade_buffer_real_1907,densidade_buffer_sintetica_1907,0.1675697980146556,0.1235187750795745,1.356634227522918,0.1759453660388468,43.552526343357265,351,,+0.1676
1908,Nao_Semiarido_Dummy0,pct_commaquinas,densidade_buffer_real_1908,densidade_buffer_sintetica_1908,0.057335747743959165,0.11667620829215207,0.4914090763079392,0.623507574095049,43.30890008214045,350,,+0.0573
1908,Nao_Semiarido_Dummy0,pct_cominstruagra,densidade_buffer_real_1908,densidade_buffer_sintetica_1908,0.16770377239759124,0.1236593962706913,1.3561749244714612,0.17609485902944103,43.30890008214045,350,,+0.1677
1910,Nao_Semiarido_Dummy0,pct_commaquinas,densidade_buffer_real_1910,densidade_buffer_sintetica_1910,0.050088941816120364,0.1198311073535262,0.41799615243767857,0.676257149628886,38.85715043909505,349,,+0.0501
1910,Nao_Semiarido_Dummy0,pct_cominstruagra,densidade_buffer_real_1910,densidade_buffer_sintetica_1910,0.17059435564275352,0.12556627287873826,1.358600137853098,0.17532192681271164,38.85715043909505,349,,+0.1706
1911,Nao_Semiarido_Dummy0,pct_commaquinas,densidade_buffer_real_1911,densidade_buffer_sintetica_1911,0.045733983510041765,0.11925158586898005,0.38350838839400436,0.7016228830398802,36.75157371201677,346,,+0.0457
1911,Nao_Semiarido_Dummy0,pct_cominstruagra,densidade_buffer_real_1911,densidade_buffer_sintetica_1911,0.1702814146348236,0.12603929013141807,1.3510185153952816,0.17773899102060053,36.75157371201677,346,,+0.1703
1912,Nao_Semiarido_Dummy0,pct_commaquinas,densidade_buffer_real_1912,densidade_buffer_sintetica_1912,0.04457761983348059,0.12895865964714873,0.3456737217605394,0.7298359900241956,28.96103567333731,347,,+0.0446
1912,Nao_Semiarido_Dummy0,pct_cominstruagra,densidade_buffer_real_1912,densidade_buffer_sintetica_1912,0.18420883311500677,0.13852962407919803,1.3297432541193768,0.1846371485160611,28.96103567333731,347,,+0.1842
1913,Nao_Semiarido_Dummy0,pct_commaquinas,densidade_buffer_real_1913,densidade_buffer_sintetica_1913,0.06392321572442736,0.1325448623876019,0.4822760729683828,0.6299748993451673,24.888059620519154,344,,+0.0639
1913,Nao_Semiarido_Dummy0,pct_cominstruagra,densidade_buffer_real_1913,densidade_buffer_sintetica_1913,0.2243469005179382,0.1477390674183158,1.5185347006605312,0.1299728296565576,24.888059620519154,344,,+0.2243
1914,Nao_Semiarido_Dummy0,pct_commaquinas,densidade_buffer_real_1914,densidade_buffer_sintetica_1914,0.07411963492157125,0.13889476810547538,0.5336387823138558,0.5940016535959071,19.76461319301591,344,,+0.0741
1914,Nao_Semiarido_Dummy0,pct_cominstruagra,densidade_buffer_real_1914,densidade_buffer_sintetica_1914,0.2351179895331899,0.15843685135740224,1.4839854965484651,0.13890256479604213,19.76461319301591,344,,+0.2351
1915,Nao_Semiarido_Dummy0,pct_commaquinas,densidade_buffer_real_1915,densidade_buffer_sintetica_1915,0.06153817519118237,0.1285467998916003,0.478721953740394,0.6324984265815597,18.109662410571453,343,,+0.0615
1915,Nao_Semiarido_Dummy0,pct_cominstruagra,densidade_buffer_real_1915,densidade_buffer_sintetica_1915,0.2211323861005589,0.14419371659034613,1.5335785173552,0.12622733993648003,18.109662410571453,343,,+0.2211
1916,Nao_Semiarido_Dummy0,pct_commaquinas,densidade_buffer_real_1916,densidade_buffer_sintetica_1916,0.07353925453206067,0.10636577625504595,0.6913807910894835,0.48988320110803074,24.641364665485334,342,,+0.0735
1916,Nao_Semiarido_Dummy0,pct_cominstruagra,densidade_buffer_real_1916,densidade_buffer_sintetica_1916,0.25395537868289064,0.12175412434689595,2.085805142496309,0.03787628600241227,24.641364665485334,342,**,+0.2540**
1917,Nao_Semiarido_Dummy0,pct_commaquinas,densidade_buffer_real_1917,densidade_buffer_sintetica_1917,0.07353925453206067,0.10636577625504595,0.6913807910894835,0.48988320110803074,24.641364665485334,342,,+0.0735
1917,Nao_Semiarido_Dummy0,pct_cominstruagra,densidade_buffer_real_1917,densidade_buffer_sintetica_1917,0.25395537868289064,0.12175412434689595,2.085805142496309,0.03787628600241227,24.641364665485334,342,**,+0.2540**
1918,Nao_Semiarido_Dummy0,pct_commaquinas,densidade_buffer_real_1918,densidade_buffer_sintetica_1918,0.07353925453206067,0.10636577625504595,0.6913807910894835,0.48988320110803074,24.641364665485334,342,,+0.0735
1918,Nao_Semiarido_Dummy0,pct_cominstruagra,densidade_buffer_real_1918,densidade_buffer_sintetica_1918,0.25395537868289064,0.12175412434689595,2.085805142496309,0.03787628600241227,24.641364665485334,342,**,+0.2540**
1919,Nao_Semiarido_Dummy0,pct_commaquinas,densidade_buffer_real_1919,densidade_buffer_sintetica_1919,0.14524155941125652,0.12437049376865786,1.1678136430126347,0.24385118272506512,23.18017036250038,340,,+0.1452
1919,Nao_Semiarido_Dummy0,pct_cominstruagra,densidade_buffer_real_1919,densidade_buffer_sintetica_1919,0.2417240322337461,0.11919569315280924,2.0279594492047224,0.043487955396134564,23.18017036250038,340,**,+0.2417**
1920,Nao_Semiarido_Dummy0,pct_commaquinas,densidade_buffer_real_1920,densidade_buffer_sintetica_1920,0.13281806074685465,0.12119386750942551,1.0959140381960755,0.27403196693968873,23.78155686531499,340,,+0.1328
1920,Nao_Semiarido_Dummy0,pct_cominstruagra,densidade_buffer_real_1920,densidade_buffer_sintetica_1920,0.2363152959260095,0.1154815636840382,2.0463465196278157,0.04163010312085843,23.78155686531499,340,**,+0.2363**
1881,Semiarido_Dummy1,pct_commaquinas,densidade_buffer_real_1881,densidade_buffer_sintetica_1881,-0.2542860685089572,0.033513088539904014,-7.587664389874987,8.827064909844375e-14,239.47615826914912,942,***,-0.2543***
1881,Semiarido_Dummy1,pct_cominstruagra,densidade_buffer_real_1881,densidade_buffer_sintetica_1881,-0.019581494305551162,0.003926910798843762,-4.98648818590856,7.502506276581558e-7,239.47615826914912,942,***,-0.0196***
1882,Semiarido_Dummy1,pct_commaquinas,densidade_buffer_real_1882,densidade_buffer_sintetica_1882,0.7452183403555165,1.094400242969973,0.6809376598210084,0.49610364297661835,14.500761282911649,936,,+0.7452
1882,Semiarido_Dummy1,pct_cominstruagra,densidade_buffer_real_1882,densidade_buffer_sintetica_1882,0.6618223127459266,0.0775006548524992,8.539570588216579,6.5220372891875206e-17,14.500761282911649,936,***,+0.6618***
1883,Semiarido_Dummy1,pct_commaquinas,densidade_buffer_real_1883,densidade_buffer_sintetica_1883,0.728722141001977,0.7547664713187708,0.9654935250749974,0.3345837240399202,13.622726996212439,935,,+0.7287
1883,Semiarido_Dummy1,pct_cominstruagra,densidade_buffer_real_1883,densidade_buffer_sintetica_1883,0.32928182886808327,0.23751268602916314,1.38637575269412,0.16601086664373246,13.622726996212439,935,,+0.3293
1884,Semiarido_Dummy1,pct_commaquinas,densidade_buffer_real_1884,densidade_buffer_sintetica_1884,0.8604349994347396,0.8957748324435219,0.9605483077567817,0.33706456001332885,7.509591238508805,933,,+0.8604
1884,Semiarido_Dummy1,pct_cominstruagra,densidade_buffer_real_1884,densidade_buffer_sintetica_1884,0.37851910884363893,0.28661597884046985,1.320649010480753,0.18698959665493325,7.509591238508805,933,,+0.3785
1885,Semiarido_Dummy1,pct_commaquinas,densidade_buffer_real_1885,densidade_buffer_sintetica_1885,0.8552026347521876,0.8978340427671657,0.952517496570317,0.3411176933662672,7.394163155765361,931,,+0.8552
1885,Semiarido_Dummy1,pct_cominstruagra,densidade_buffer_real_1885,densidade_buffer_sintetica_1885,0.37931894713440417,0.2885134718315581,1.3147356507354384,0.18896950274068264,7.394163155765361,931,,+0.3793
1886,Semiarido_Dummy1,pct_commaquinas,densidade_buffer_real_1886,densidade_buffer_sintetica_1886,0.8836994355748705,0.9096980758372687,0.9714205834298709,0.3316281552951259,7.358509828283129,930,,+0.8837
1886,Semiarido_Dummy1,pct_cominstruagra,densidade_buffer_real_1886,densidade_buffer_sintetica_1886,0.3809458181461648,0.28978941917725765,1.314560825677175,0.18902871508818472,7.358509828283129,930,,+0.3809
1887,Semiarido_Dummy1,pct_commaquinas,densidade_buffer_real_1887,densidade_buffer_sintetica_1887,0.6848678107202619,0.7570387295331874,0.9046668076580069,0.365910258004288,5.007857623034728,930,,+0.6849
1887,Semiarido_Dummy1,pct_cominstruagra,densidade_buffer_real_1887,densidade_buffer_sintetica_1887,0.5724747641712992,0.38852996150393654,1.4734378835427313,0.14102053599111208,5.007857623034728,930,,+0.5725
1888,Semiarido_Dummy1,pct_commaquinas,densidade_buffer_real_1888,densidade_buffer_sintetica_1888,0.8200386686538123,0.9248474190177265,0.8866745495432848,0.375516995418544,3.4077172591471117,929,,+0.8200
1888,Semiarido_Dummy1,pct_cominstruagra,densidade_buffer_real_1888,densidade_buffer_sintetica_1888,0.6604455869242889,0.5217926091845003,1.2657243036778283,0.20597529199909106,3.4077172591471117,929,,+0.6604
1891,Semiarido_Dummy1,pct_commaquinas,densidade_buffer_real_1891,densidade_buffer_sintetica_1891,0.8800168278271423,1.0175986233580838,0.864797580919557,0.38740593493805997,2.754219626554588,929,,+0.8800
1891,Semiarido_Dummy1,pct_cominstruagra,densidade_buffer_real_1891,densidade_buffer_sintetica_1891,0.7092258778134302,0.6013726491765854,1.1793450845902622,0.23860707045561175,2.754219626554588,929,,+0.7092
1892,Semiarido_Dummy1,pct_commaquinas,densidade_buffer_real_1892,densidade_buffer_sintetica_1892,0.8800168278271423,1.0175986233580838,0.864797580919557,0.38740593493805997,2.754219626554588,929,,+0.8800
1892,Semiarido_Dummy1,pct_cominstruagra,densidade_buffer_real_1892,densidade_buffer_sintetica_1892,0.7092258778134302,0.6013726491765854,1.1793450845902622,0.23860707045561175,2.754219626554588,929,,+0.7092
1894,Semiarido_Dummy1,pct_commaquinas,densidade_buffer_real_1894,densidade_buffer_sintetica_1894,0.4411514423705002,0.2913141489802607,1.5143495223789916,0.13032779127247338,20.328731154093067,927,,+0.4412
1894,Semiarido_Dummy1,pct_cominstruagra,densidade_buffer_real_1894,densidade_buffer_sintetica_1894,0.2532186360731936,0.10277277640576474,2.4638687883009265,0.013951646475894067,20.328731154093067,927,**,+0.2532**
1895,Semiarido_Dummy1,pct_commaquinas,densidade_buffer_real_1895,densidade_buffer_sintetica_1895,0.3615612245752682,0.25660382279734373,1.4090250902490098,0.15921199082645143,27.529282951068858,925,,+0.3616
1895,Semiarido_Dummy1,pct_cominstruagra,densidade_buffer_real_1895,densidade_buffer_sintetica_1895,0.2103260323178461,0.08173969296220929,2.5731199212491065,0.010255729630938749,27.529282951068858,925,**,+0.2103**
1896,Semiarido_Dummy1,pct_commaquinas,densidade_buffer_real_1896,densidade_buffer_sintetica_1896,0.3259660423372969,0.2498409962633764,1.304693974217391,0.19236854472850545,29.17197877643626,924,,+0.3260
1896,Semiarido_Dummy1,pct_cominstruagra,densidade_buffer_real_1896,densidade_buffer_sintetica_1896,0.2094399967845641,0.07960958660961912,2.6308388939587553,0.00867968338843569,29.17197877643626,924,***,+0.2094***
1900,Semiarido_Dummy1,pct_commaquinas,densidade_buffer_real_1900,densidade_buffer_sintetica_1900,0.3245026638030245,0.25018289600532134,1.2970617455644227,0.19498064226702136,29.093502344597457,924,,+0.3245
1900,Semiarido_Dummy1,pct_cominstruagra,densidade_buffer_real_1900,densidade_buffer_sintetica_1900,0.20949752610543979,0.0796959404279896,2.6287101322900415,0.008733929554344102,29.093502344597457,924,***,+0.2095***
1901,Semiarido_Dummy1,pct_commaquinas,densidade_buffer_real_1901,densidade_buffer_sintetica_1901,0.3877226660260634,0.17253562645534748,2.24720351379955,0.02489681260316024,56.60383821696177,923,**,+0.3877**
1901,Semiarido_Dummy1,pct_cominstruagra,densidade_buffer_real_1901,densidade_buffer_sintetica_1901,0.13161338804294573,0.06129107347237737,2.147350023201359,0.03206305955492208,56.60383821696177,923,**,+0.1316**
1902,Semiarido_Dummy1,pct_commaquinas,densidade_buffer_real_1902,densidade_buffer_sintetica_1902,0.3877226660260634,0.17253562645534748,2.24720351379955,0.02489681260316024,56.60383821696177,923,**,+0.3877**
1902,Semiarido_Dummy1,pct_cominstruagra,densidade_buffer_real_1902,densidade_buffer_sintetica_1902,0.13161338804294573,0.06129107347237737,2.147350023201359,0.03206305955492208,56.60383821696177,923,**,+0.1316**
1904,Semiarido_Dummy1,pct_commaquinas,densidade_buffer_real_1904,densidade_buffer_sintetica_1904,0.518294913203159,0.23322285318780064,2.22231615006359,0.026538789627920337,26.239910562403626,923,**,+0.5183**
1904,Semiarido_Dummy1,pct_cominstruagra,densidade_buffer_real_1904,densidade_buffer_sintetica_1904,0.16017496363073302,0.07963797336807994,2.0112887967454665,0.044627431087284924,26.239910562403626,923,**,+0.1602**
1905,Semiarido_Dummy1,pct_commaquinas,densidade_buffer_real_1905,densidade_buffer_sintetica_1905,0.49769800599924696,0.23697067301561223,2.100251476968449,0.036016929108130036,24.860546623130922,923,**,+0.4977**
1905,Semiarido_Dummy1,pct_cominstruagra,densidade_buffer_real_1905,densidade_buffer_sintetica_1905,0.16130654360000074,0.08172493787633951,1.9737738295265341,0.0487486022816166,24.860546623130922,923,**,+0.1613**
1906,Semiarido_Dummy1,pct_commaquinas,densidade_buffer_real_1906,densidade_buffer_sintetica_1906,0.5331155021466292,0.2590245033207576,2.058166294354232,0.039895181714941365,19.897308115873102,922,**,+0.5331**
1906,Semiarido_Dummy1,pct_cominstruagra,densidade_buffer_real_1906,densidade_buffer_sintetica_1906,0.17278595960851156,0.09135013962588125,1.8914690258399778,0.05892005670233157,19.897308115873102,922,*,+0.1728*
1907,Semiarido_Dummy1,pct_commaquinas,densidade_buffer_real_1907,densidade_buffer_sintetica_1907,0.43421646337583536,0.18515054820277138,2.34520754915775,0.019258456323764064,37.62043068645263,922,**,+0.4342**
1907,Semiarido_Dummy1,pct_cominstruagra,densidade_buffer_real_1907,densidade_buffer_sintetica_1907,0.12097816364522408,0.057800803678944856,2.0930187115943664,0.03665996418535891,37.62043068645263,922,**,+0.1210**
1908,Semiarido_Dummy1,pct_commaquinas,densidade_buffer_real_1908,densidade_buffer_sintetica_1908,0.4342481417875952,0.18516896108164177,2.345145424216823,0.01926164327948898,37.615697454915015,923,**,+0.4342**
1908,Semiarido_Dummy1,pct_cominstruagra,densidade_buffer_real_1908,densidade_buffer_sintetica_1908,0.12098698964885325,0.057806852204694593,2.092952392917663,0.0366659017547529,37.615697454915015,923,**,+0.1210**
1910,Semiarido_Dummy1,pct_commaquinas,densidade_buffer_real_1910,densidade_buffer_sintetica_1910,0.46511902763243795,0.20039296611398666,2.321034698233225,0.02053390706721943,31.70325258159611,923,**,+0.4651**
1910,Semiarido_Dummy1,pct_cominstruagra,densidade_buffer_real_1910,densidade_buffer_sintetica_1910,0.12811769031867223,0.06234976097036963,2.054822477660458,0.04021840194214728,31.70325258159611,923,**,+0.1281**
1911,Semiarido_Dummy1,pct_commaquinas,densidade_buffer_real_1911,densidade_buffer_sintetica_1911,0.46511902763243795,0.20039296611398666,2.321034698233225,0.02053390706721943,31.70325258159611,923,**,+0.4651**
1911,Semiarido_Dummy1,pct_cominstruagra,densidade_buffer_real_1911,densidade_buffer_sintetica_1911,0.12811769031867223,0.06234976097036963,2.054822477660458,0.04021840194214728,31.70325258159611,923,**,+0.1281**
1912,Semiarido_Dummy1,pct_commaquinas,densidade_buffer_real_1912,densidade_buffer_sintetica_1912,0.40862183560728904,0.1569000810844499,2.604344323999122,0.009374746635267498,46.67176294473653,922,***,+0.4086***
1912,Semiarido_Dummy1,pct_cominstruagra,densidade_buffer_real_1912,densidade_buffer_sintetica_1912,0.09274161361886646,0.045965110237816895,2.0176523702224283,0.043958843255395653,46.67176294473653,922,**,+0.0927**
1913,Semiarido_Dummy1,pct_commaquinas,densidade_buffer_real_1913,densidade_buffer_sintetica_1913,0.34786941714463837,0.1394032219346768,2.495418773804576,0.012780553023830625,61.74909252493898,920,**,+0.3479**
1913,Semiarido_Dummy1,pct_cominstruagra,densidade_buffer_real_1913,densidade_buffer_sintetica_1913,0.06275089162598403,0.034989126258478026,1.7934398007660795,0.07327881348597738,61.74909252493898,920,*,+0.0628*
1914,Semiarido_Dummy1,pct_commaquinas,densidade_buffer_real_1914,densidade_buffer_sintetica_1914,0.3481317872697736,0.13953321938419902,2.4949742348537587,0.012796449169717894,61.66702703954578,920,**,+0.3481**
1914,Semiarido_Dummy1,pct_cominstruagra,densidade_buffer_real_1914,densidade_buffer_sintetica_1914,0.0627982196130873,0.03502007997389486,1.7932060594921313,0.07331620042960688,61.66702703954578,920,*,+0.0628*
1915,Semiarido_Dummy1,pct_commaquinas,densidade_buffer_real_1915,densidade_buffer_sintetica_1915,0.3466663259316164,0.13938833961857133,2.4870539880182956,0.013082872956197427,61.44645417765905,919,**,+0.3467**
1915,Semiarido_Dummy1,pct_cominstruagra,densidade_buffer_real_1915,densidade_buffer_sintetica_1915,0.06277972441659949,0.03504753118694706,1.7912738013335694,0.07362633394727815,61.44645417765905,919,*,+0.0628*
1916,Semiarido_Dummy1,pct_commaquinas,densidade_buffer_real_1916,densidade_buffer_sintetica_1916,0.34705465230896626,0.14634684044004093,2.3714529897975924,0.017953877548440286,50.377281297683545,918,**,+0.3471**
1916,Semiarido_Dummy1,pct_cominstruagra,densidade_buffer_real_1916,densidade_buffer_sintetica_1916,0.06583678765693395,0.036840297119512345,1.7870862290647407,0.07430158521120772,50.377281297683545,918,*,+0.0658*
1917,Semiarido_Dummy1,pct_commaquinas,densidade_buffer_real_1917,densidade_buffer_sintetica_1917,0.3430466433986968,0.1478935874079438,2.3195504917495207,0.020616131870495127,48.32660739669683,915,**,+0.3430**
1917,Semiarido_Dummy1,pct_cominstruagra,densidade_buffer_real_1917,densidade_buffer_sintetica_1917,0.06656394222518844,0.03730976383498557,1.7840890797269284,0.07478811763940443,48.32660739669683,915,*,+0.0666*
1918,Semiarido_Dummy1,pct_commaquinas,densidade_buffer_real_1918,densidade_buffer_sintetica_1918,0.34637337093234755,0.15202464187498893,2.2784028079945955,0.0229654270262437,43.85457426808583,915,**,+0.3464**
1918,Semiarido_Dummy1,pct_cominstruagra,densidade_buffer_real_1918,densidade_buffer_sintetica_1918,0.06797912404003484,0.03836069293044962,1.7721036521234201,0.07675791492098943,43.85457426808583,915,*,+0.0680*
1919,Semiarido_Dummy1,pct_commaquinas,densidade_buffer_real_1919,densidade_buffer_sintetica_1919,0.35660285466193403,0.1544164189662608,2.3093584027476375,0.021177581796521988,43.11298067900574,915,**,+0.3566**
1919,Semiarido_Dummy1,pct_cominstruagra,densidade_buffer_real_1919,densidade_buffer_sintetica_1919,0.05633372866827996,0.038900677830893786,1.4481425982644793,0.1479689652284751,43.11298067900574,915,,+0.0563
1920,Semiarido_Dummy1,pct_commaquinas,densidade_buffer_real_1920,densidade_buffer_sintetica_1920,0.36564720270539536,0.1562551570827823,2.340064862701968,0.019525364334965118,42.596704703860006,914,**,+0.3656**
1920,Semiarido_Dummy1,pct_cominstruagra,densidade_buffer_real_1920,densidade_buffer_sintetica_1920,0.05671046906660196,0.03914910800878756,1.448576275451091,0.14784777184654596,42.596704703860006,914,,+0.0567
