subamostra,ano_tratamento,ano_outcome,escopo,outcome_var,outcome_coluna,variavel_endogena,variavel_instrumento,coeficiente,erro_padrao,t_estatistica,p_valor,F_stat_1estagio,n_observacoes,significancia
Atendidos_Dummy1,1950,1991,IDH_Educação,adh_idhm_e (1991),adh_idhm_e_1991,vizinhos_dens_real_1950,vizinhos_dens_sint_1950,0.14516753836199392,0.11069270974756813,1.3114462433257326,0.19062151866662388,22.144612665312223,347,
Atendidos_Dummy1,1950,2000,IDH_Educação,adh_idhm_e (2000),adh_idhm_e_2000,vizinhos_dens_real_1950,vizinhos_dens_sint_1950,0.22054719899391662,0.13236017304105027,1.6662655686126668,0.0966122665802276,22.144612665312223,347,*
Atendidos_Dummy1,1950,2010,IDH_Educação,adh_idhm_e (2010),adh_idhm_e_2010,vizinhos_dens_real_1950,vizinhos_dens_sint_1950,0.1618806592377281,0.11191714387160688,1.4464330810964954,0.14900777699297846,22.144612665312223,347,
Geral,1950,1991,IDH_Educação,adh_idhm_e (1991),adh_idhm_e_1991,vizinhos_dens_real_1950,vizinhos_dens_sint_1950,0.10084998463603892,0.03766935839492855,2.677241899867783,0.007523253870079893,179.3872237135314,1232,***
Geral,1950,2000,IDH_Educação,adh_idhm_e (2000),adh_idhm_e_2000,vizinhos_dens_real_1950,vizinhos_dens_sint_1950,0.1119422617074111,0.04638041059956344,2.413567716635626,0.015944612026969833,179.3872237135314,1232,**
Geral,1950,2010,IDH_Educação,adh_idhm_e (2010),adh_idhm_e_2010,vizinhos_dens_real_1950,vizinhos_dens_sint_1950,0.07312501546175429,0.03931997857796811,1.859741996470159,0.06316397694740154,179.3872237135314,1232,*
Nao_Atendidos_Dummy0,1950,1991,IDH_Educação,adh_idhm_e (1991),adh_idhm_e_1991,vizinhos_dens_real_1950,vizinhos_dens_sint_1950,0.12094633509363525,0.09283430107819164,1.302819471778709,0.19298232235361096,76.86206682148143,885,
Nao_Atendidos_Dummy0,1950,2000,IDH_Educação,adh_idhm_e (2000),adh_idhm_e_2000,vizinhos_dens_real_1950,vizinhos_dens_sint_1950,0.07837102638671044,0.10964441990273341,0.7147744176697192,0.4749408558271856,76.86206682148143,885,
Nao_Atendidos_Dummy0,1950,2010,IDH_Educação,adh_idhm_e (2010),adh_idhm_e_2010,vizinhos_dens_real_1950,vizinhos_dens_sint_1950,-0.002449068775233723,0.088070490524759,-0.027808051943859942,0.9778216432854836,76.86206682148143,885,
Atendidos_Dummy1,1950,1991,IDH_Geral,adh_idhm (1991),adh_idhm_1991,vizinhos_dens_real_1950,vizinhos_dens_sint_1950,0.15795476896907543,0.11017659443500812,1.4336508564189747,0.15262159039840129,22.144612665312223,347,
Atendidos_Dummy1,1950,2000,IDH_Geral,adh_idhm (2000),adh_idhm_2000,vizinhos_dens_real_1950,vizinhos_dens_sint_1950,0.18546054842578152,0.10521512986334365,1.762679461277697,0.07888299936760627,22.144612665312223,347,*
Atendidos_Dummy1,1950,2010,IDH_Geral,adh_idhm (2010),adh_idhm_2010,vizinhos_dens_real_1950,vizinhos_dens_sint_1950,0.09537483374982009,0.07920415238293248,1.204164565624115,0.22939157754389983,22.144612665312223,347,
Geral,1950,1991,IDH_Geral,adh_idhm (1991),adh_idhm_1991,vizinhos_dens_real_1950,vizinhos_dens_sint_1950,0.11708023244214862,0.03784882009246825,3.093365451184754,0.0020242240472199756,179.3872237135314,1232,***
Geral,1950,2000,IDH_Geral,adh_idhm (2000),adh_idhm_2000,vizinhos_dens_real_1950,vizinhos_dens_sint_1950,0.10411180689515692,0.035915179060452176,2.8988246646332088,0.003813056988536043,179.3872237135314,1232,***
Geral,1950,2010,IDH_Geral,adh_idhm (2010),adh_idhm_2010,vizinhos_dens_real_1950,vizinhos_dens_sint_1950,0.053461591822402954,0.026490469373154805,2.0181443774862076,0.04379600961029334,179.3872237135314,1232,**
Nao_Atendidos_Dummy0,1950,1991,IDH_Geral,adh_idhm (1991),adh_idhm_1991,vizinhos_dens_real_1950,vizinhos_dens_sint_1950,0.1640260635953814,0.0948664919395204,1.7290200179421817,0.0841614833175161,76.86206682148143,885,*
Nao_Atendidos_Dummy0,1950,2000,IDH_Geral,adh_idhm (2000),adh_idhm_2000,vizinhos_dens_real_1950,vizinhos_dens_sint_1950,0.10189275646988794,0.08490698852171852,1.200051470955475,0.23044715875266517,76.86206682148143,885,
Nao_Atendidos_Dummy0,1950,2010,IDH_Geral,adh_idhm (2010),adh_idhm_2010,vizinhos_dens_real_1950,vizinhos_dens_sint_1950,0.01578990023239602,0.057299381215474975,0.275568424954153,0.7829452272929875,76.86206682148143,885,
Atendidos_Dummy1,1950,1991,IDH_Longevidade,adh_idhm_l (1991),adh_idhm_l_1991,vizinhos_dens_real_1950,vizinhos_dens_sint_1950,0.06831645444596153,0.09583310324896417,0.7128690622538089,0.4764320779960938,22.144612665312223,347,
Atendidos_Dummy1,1950,2000,IDH_Longevidade,adh_idhm_l (2000),adh_idhm_l_2000,vizinhos_dens_real_1950,vizinhos_dens_sint_1950,0.06987391338520327,0.06909560923544027,1.0112641622003935,0.31263315469543673,22.144612665312223,347,
Atendidos_Dummy1,1950,2010,IDH_Longevidade,adh_idhm_l (2010),adh_idhm_l_2010,vizinhos_dens_real_1950,vizinhos_dens_sint_1950,-0.01949519950800235,0.06197693830824142,-0.314555704753327,0.753298400859368,22.144612665312223,347,
Geral,1950,1991,IDH_Longevidade,adh_idhm_l (1991),adh_idhm_l_1991,vizinhos_dens_real_1950,vizinhos_dens_sint_1950,0.020878662989243464,0.03281043684588724,0.6363421214814026,0.5246735090592749,179.3872237135314,1232,
Geral,1950,2000,IDH_Longevidade,adh_idhm_l (2000),adh_idhm_l_2000,vizinhos_dens_real_1950,vizinhos_dens_sint_1950,0.042702978181727656,0.02507694874418129,1.7028777550792022,0.08884713048388174,179.3872237135314,1232,*
Geral,1950,2010,IDH_Longevidade,adh_idhm_l (2010),adh_idhm_l_2010,vizinhos_dens_real_1950,vizinhos_dens_sint_1950,0.01484211396391608,0.020001465553220715,0.7420513224105292,0.4581998967964924,179.3872237135314,1232,
Nao_Atendidos_Dummy0,1950,1991,IDH_Longevidade,adh_idhm_l (1991),adh_idhm_l_1991,vizinhos_dens_real_1950,vizinhos_dens_sint_1950,-0.005209979081682449,0.07592593987808159,-0.06861922407609831,0.9453085383394273,76.86206682148143,885,
Nao_Atendidos_Dummy0,1950,2000,IDH_Longevidade,adh_idhm_l (2000),adh_idhm_l_2000,vizinhos_dens_real_1950,vizinhos_dens_sint_1950,0.05632213322615311,0.06432641066130684,0.875567790074623,0.38150754179751,76.86206682148143,885,
Nao_Atendidos_Dummy0,1950,2010,IDH_Longevidade,adh_idhm_l (2010),adh_idhm_l_2010,vizinhos_dens_real_1950,vizinhos_dens_sint_1950,0.016681839838530572,0.04506587083388106,0.3701657047751747,0.7113494351377445,76.86206682148143,885,
Atendidos_Dummy1,1950,1991,IDH_Renda,adh_idhm_r (1991),adh_idhm_r_1991,vizinhos_dens_real_1950,vizinhos_dens_sint_1950,0.12995877885476653,0.1011966708223267,1.2842199036659825,0.19996860639215508,22.144612665312223,347,
Atendidos_Dummy1,1950,2000,IDH_Renda,adh_idhm_r (2000),adh_idhm_r_2000,vizinhos_dens_real_1950,vizinhos_dens_sint_1950,0.17018933760787416,0.10230197452380758,1.6635977790269132,0.09714502457104049,22.144612665312223,347,*
Atendidos_Dummy1,1950,2010,IDH_Renda,adh_idhm_r (2010),adh_idhm_r_2010,vizinhos_dens_real_1950,vizinhos_dens_sint_1950,0.10284244453678298,0.08608804797582678,1.1946193107510206,0.23309630821914137,22.144612665312223,347,
Geral,1950,1991,IDH_Renda,adh_idhm_r (1991),adh_idhm_r_1991,vizinhos_dens_real_1950,vizinhos_dens_sint_1950,0.13402132765581165,0.03525171819628518,3.8018381660027796,1.5076575880337362e-4,179.3872237135314,1232,***
Geral,1950,2000,IDH_Renda,adh_idhm_r (2000),adh_idhm_r_2000,vizinhos_dens_real_1950,vizinhos_dens_sint_1950,0.11251896634309452,0.033164661362096996,3.3927367783012987,7.142964106392908e-4,179.3872237135314,1232,***
Geral,1950,2010,IDH_Renda,adh_idhm_r (2010),adh_idhm_r_2010,vizinhos_dens_real_1950,vizinhos_dens_sint_1950,0.05686745504511031,0.027854244186208323,2.041608261381851,0.041406392967419874,179.3872237135314,1232,**
Nao_Atendidos_Dummy0,1950,1991,IDH_Renda,adh_idhm_r (1991),adh_idhm_r_1991,vizinhos_dens_real_1950,vizinhos_dens_sint_1950,0.25595247551278255,0.09577543969601668,2.67242287088584,0.007671964367694106,76.86206682148143,885,***
Nao_Atendidos_Dummy0,1950,2000,IDH_Renda,adh_idhm_r (2000),adh_idhm_r_2000,vizinhos_dens_real_1950,vizinhos_dens_sint_1950,0.14981534740099767,0.07958291434356139,1.8825064228515325,0.060101945855698675,76.86206682148143,885,*
Nao_Atendidos_Dummy0,1950,2010,IDH_Renda,adh_idhm_r (2010),adh_idhm_r_2010,vizinhos_dens_real_1950,vizinhos_dens_sint_1950,0.032141597117950046,0.06167126748867347,0.5211762045243057,0.602377118205268,76.86206682148143,885,
Atendidos_Dummy1,1950,1959,PIB_Agropecuário,pibag (1959),pibag_1959,vizinhos_dens_real_1950,vizinhos_dens_sint_1950,-1.66097163726687,2.0069666115070026,-0.8276030242574239,0.408495244772609,22.144612665312223,347,
Atendidos_Dummy1,1950,1970,PIB_Agropecuário,pibag (1970),pibag_1970,vizinhos_dens_real_1950,vizinhos_dens_sint_1950,0.18955173316599172,2.042573755503129,0.09280043506644446,0.9261187610099467,22.1941708991542,347,
Atendidos_Dummy1,1950,1975,PIB_Agropecuário,pibag (1975),pibag_1975,vizinhos_dens_real_1950,vizinhos_dens_sint_1950,-1.962671101514854,1.820611871338431,-1.078028289506861,0.2818108958239671,22.144612665312223,347,
Atendidos_Dummy1,1950,1980,PIB_Agropecuário,pibag (1980),pibag_1980,vizinhos_dens_real_1950,vizinhos_dens_sint_1950,-0.5487203272653881,1.8886471225352583,-0.29053618366188166,0.7715902435097496,22.001666792886628,347,
Atendidos_Dummy1,1950,1985,PIB_Agropecuário,pibag (1985),pibag_1985,vizinhos_dens_real_1950,vizinhos_dens_sint_1950,-1.7746589226289924,1.8886346225088768,-0.9396518000244651,0.3480876528759016,22.393319294617292,347,
Atendidos_Dummy1,1950,1996,PIB_Agropecuário,pibag (1996),pibag_1996,vizinhos_dens_real_1950,vizinhos_dens_sint_1950,-0.9841344148458063,2.155316743703696,-0.45660778988552275,0.6482551981604192,21.25117249709756,347,
Atendidos_Dummy1,1950,1999,PIB_Agropecuário,pibag (1999),pibag_1999,vizinhos_dens_real_1950,vizinhos_dens_sint_1950,0.37823905786509315,1.9148092992115655,0.19753353925157738,0.843532022643334,22.144612665312223,347,
Atendidos_Dummy1,1950,2000,PIB_Agropecuário,pibag (2000),pibag_2000,vizinhos_dens_real_1950,vizinhos_dens_sint_1950,-0.5890934905064283,1.8187721587813863,-0.32389625476845474,0.7462223846467035,22.144612665312223,347,
Atendidos_Dummy1,1950,2001,PIB_Agropecuário,pibag (2001),pibag_2001,vizinhos_dens_real_1950,vizinhos_dens_sint_1950,0.8747460487957242,1.9382378311829682,0.4513099655380469,0.652063497953548,22.144612665312223,347,
Atendidos_Dummy1,1950,2002,PIB_Agropecuário,pibag (2002),pibag_2002,vizinhos_dens_real_1950,vizinhos_dens_sint_1950,-2.927287429173807,2.037292848925333,-1.4368515703169251,0.15171045131613037,22.144612665312223,347,
Atendidos_Dummy1,1950,2003,PIB_Agropecuário,pibag (2003),pibag_2003,vizinhos_dens_real_1950,vizinhos_dens_sint_1950,-1.1848413243105822,2.0245077787834656,-0.5852490846059173,0.5587814307787372,22.144612665312223,347,
Atendidos_Dummy1,1950,2004,PIB_Agropecuário,pibag (2004),pibag_2004,vizinhos_dens_real_1950,vizinhos_dens_sint_1950,-0.6403796850163583,2.010522081018806,-0.3185141267843496,0.7502970818767094,22.144612665312223,347,
Atendidos_Dummy1,1950,2005,PIB_Agropecuário,pibag (2005),pibag_2005,vizinhos_dens_real_1950,vizinhos_dens_sint_1950,-0.815748514468791,1.995687324026517,-0.408755672618559,0.6829849096068471,22.144612665312223,347,
Atendidos_Dummy1,1950,2006,PIB_Agropecuário,pibag (2006),pibag_2006,vizinhos_dens_real_1950,vizinhos_dens_sint_1950,-1.8798125354524524,1.9805090844001016,-0.9491562297084084,0.34323784173641836,22.144612665312223,347,
Atendidos_Dummy1,1950,2007,PIB_Agropecuário,pibag (2007),pibag_2007,vizinhos_dens_real_1950,vizinhos_dens_sint_1950,-2.033382461128559,1.9691132962059723,-1.0326386323460506,0.30253152252473126,22.144612665312223,347,
Atendidos_Dummy1,1950,2008,PIB_Agropecuário,pibag (2008),pibag_2008,vizinhos_dens_real_1950,vizinhos_dens_sint_1950,-2.4845887611345754,1.9763563502813797,-1.2571562617140564,0.20958877258030215,22.144612665312223,347,
Atendidos_Dummy1,1950,2009,PIB_Agropecuário,pibag (2009),pibag_2009,vizinhos_dens_real_1950,vizinhos_dens_sint_1950,-2.3918067227682402,2.0151739749691795,-1.1868983782429112,0.23612401272919725,22.144612665312223,347,
Atendidos_Dummy1,1950,2010,PIB_Agropecuário,pibag (2010),pibag_2010,vizinhos_dens_real_1950,vizinhos_dens_sint_1950,-2.0151101702506233,1.9758522642284886,-1.0198688468428907,0.3085400259986942,22.144612665312223,347,
Atendidos_Dummy1,1950,2011,PIB_Agropecuário,pibag (2011),pibag_2011,vizinhos_dens_real_1950,vizinhos_dens_sint_1950,-2.2938293292187613,2.0722924923063673,-1.106904231779479,0.2691439933257273,22.144612665312223,347,
Atendidos_Dummy1,1950,2012,PIB_Agropecuário,pibag (2012),pibag_2012,vizinhos_dens_real_1950,vizinhos_dens_sint_1950,-1.5577759934391524,2.084242753624047,-0.7474062177884593,0.4553522375633472,22.144612665312223,347,
Atendidos_Dummy1,1950,2013,PIB_Agropecuário,pibag (2013),pibag_2013,vizinhos_dens_real_1950,vizinhos_dens_sint_1950,-0.8141789423509801,1.9873314086950509,-0.4096845341389726,0.6823039896748332,22.144612665312223,347,
Atendidos_Dummy1,1950,2014,PIB_Agropecuário,pibag (2014),pibag_2014,vizinhos_dens_real_1950,vizinhos_dens_sint_1950,-0.3570049263677697,2.0606375054132564,-0.17324974694963302,0.8625616626078634,22.144612665312223,347,
Atendidos_Dummy1,1950,2015,PIB_Agropecuário,pibag (2015),pibag_2015,vizinhos_dens_real_1950,vizinhos_dens_sint_1950,0.167210132517808,2.089047730351515,0.08004131743302594,0.9362530595397918,22.144612665312223,347,
Atendidos_Dummy1,1950,2016,PIB_Agropecuário,pibag (2016),pibag_2016,vizinhos_dens_real_1950,vizinhos_dens_sint_1950,-1.1385234601116216,2.0515706008278207,-0.5549521228527162,0.5793045005115495,22.144612665312223,347,
Atendidos_Dummy1,1950,2017,PIB_Agropecuário,pibag (2017),pibag_2017,vizinhos_dens_real_1950,vizinhos_dens_sint_1950,-2.4497656568479322,2.080454298340708,-1.1775147662708922,0.23984120785827126,22.144612665312223,347,
Atendidos_Dummy1,1950,2018,PIB_Agropecuário,pibag (2018),pibag_2018,vizinhos_dens_real_1950,vizinhos_dens_sint_1950,-2.6350636176068014,2.053718426851177,-1.2830695693990342,0.20037080381912165,22.144612665312223,347,
Atendidos_Dummy1,1950,2019,PIB_Agropecuário,pibag (2019),pibag_2019,vizinhos_dens_real_1950,vizinhos_dens_sint_1950,-2.1564504613861026,2.1091755603283437,-1.0224139241639987,0.3073362211797764,22.144612665312223,347,
Atendidos_Dummy1,1950,2020,PIB_Agropecuário,pibag (2020),pibag_2020,vizinhos_dens_real_1950,vizinhos_dens_sint_1950,-1.4863709538155994,2.1069760621934024,-0.7054522262907243,0.48102802141719303,22.144612665312223,347,
Atendidos_Dummy1,1950,2021,PIB_Agropecuário,pibag (2021),pibag_2021,vizinhos_dens_real_1950,vizinhos_dens_sint_1950,-2.201466568347515,2.1235381794193326,-1.0366974277568635,0.30063824257423893,22.144612665312223,347,
Geral,1950,1959,PIB_Agropecuário,pibag (1959),pibag_1959,vizinhos_dens_real_1950,vizinhos_dens_sint_1950,-1.3943336909958042,0.6776620072877012,-2.0575650929237357,0.039845246146384856,179.3872237135314,1232,**
Geral,1950,1970,PIB_Agropecuário,pibag (1970),pibag_1970,vizinhos_dens_real_1950,vizinhos_dens_sint_1950,1.371372229672634,0.7022444296287084,1.952841734035125,0.05106958507063371,174.804237606171,1232,*
Geral,1950,1975,PIB_Agropecuário,pibag (1975),pibag_1975,vizinhos_dens_real_1950,vizinhos_dens_sint_1950,-1.2576924108493008,0.6370604267944059,-1.974212112307499,0.04858438640197814,178.96930961124087,1232,**
Geral,1950,1980,PIB_Agropecuário,pibag (1980),pibag_1980,vizinhos_dens_real_1950,vizinhos_dens_sint_1950,0.0222605030097891,0.6392094770580862,0.03482505158127724,0.9722250217594453,179.31388775825658,1232,
Geral,1950,1985,PIB_Agropecuário,pibag (1985),pibag_1985,vizinhos_dens_real_1950,vizinhos_dens_sint_1950,-0.5394370741158578,0.673665780579455,-0.8007488129378635,0.42343492591532184,176.84675688959334,1232,
Geral,1950,1996,PIB_Agropecuário,pibag (1996),pibag_1996,vizinhos_dens_real_1950,vizinhos_dens_sint_1950,-0.8366137278004391,0.7591731919802817,-1.1020064151872329,0.2706780299747094,176.833618589268,1232,
Geral,1950,1999,PIB_Agropecuário,pibag (1999),pibag_1999,vizinhos_dens_real_1950,vizinhos_dens_sint_1950,0.8116582231132197,0.6990938291943066,1.1610147153618013,0.2458643414472878,179.3872237135314,1232,
Geral,1950,2000,PIB_Agropecuário,pibag (2000),pibag_2000,vizinhos_dens_real_1950,vizinhos_dens_sint_1950,0.5004879635143781,0.6650184383465989,0.7525926119563173,0.45184078039406306,179.3872237135314,1232,
Geral,1950,2001,PIB_Agropecuário,pibag (2001),pibag_2001,vizinhos_dens_real_1950,vizinhos_dens_sint_1950,1.070053546067042,0.7146937759880053,1.4972196233103905,0.13459627441647892,179.3872237135314,1232,
Geral,1950,2002,PIB_Agropecuário,pibag (2002),pibag_2002,vizinhos_dens_real_1950,vizinhos_dens_sint_1950,0.16391962986354391,0.7007116324142825,0.23393307928792817,0.8150764068658127,179.3872237135314,1232,
Geral,1950,2003,PIB_Agropecuário,pibag (2003),pibag_2003,vizinhos_dens_real_1950,vizinhos_dens_sint_1950,0.7543978254717807,0.7198884635911015,1.0479370952946407,0.2948763456351537,179.3872237135314,1232,
Geral,1950,2004,PIB_Agropecuário,pibag (2004),pibag_2004,vizinhos_dens_real_1950,vizinhos_dens_sint_1950,0.46605709604832546,0.7083550400105627,0.6579427966537456,0.5106997293973055,179.3872237135314,1232,
Geral,1950,2005,PIB_Agropecuário,pibag (2005),pibag_2005,vizinhos_dens_real_1950,vizinhos_dens_sint_1950,0.6336675641177931,0.7083632363636821,0.8945517378494507,0.37120422161617117,179.3872237135314,1232,
Geral,1950,2006,PIB_Agropecuário,pibag (2006),pibag_2006,vizinhos_dens_real_1950,vizinhos_dens_sint_1950,0.06530465871375446,0.6951514583390538,0.09394306511244159,0.9251698985958546,179.3872237135314,1232,
Geral,1950,2007,PIB_Agropecuário,pibag (2007),pibag_2007,vizinhos_dens_real_1950,vizinhos_dens_sint_1950,0.28216818055593507,0.7043776035416784,0.4005922095438104,0.6887909262072222,179.3872237135314,1232,
Geral,1950,2008,PIB_Agropecuário,pibag (2008),pibag_2008,vizinhos_dens_real_1950,vizinhos_dens_sint_1950,-0.45136432302862756,0.683077037115364,-0.6607809932167243,0.5088782447451063,179.3872237135314,1232,
Geral,1950,2009,PIB_Agropecuário,pibag (2009),pibag_2009,vizinhos_dens_real_1950,vizinhos_dens_sint_1950,-0.030729334692579657,0.7001869925875447,-0.043887325839943474,0.9650014413041441,179.3872237135314,1232,
Geral,1950,2010,PIB_Agropecuário,pibag (2010),pibag_2010,vizinhos_dens_real_1950,vizinhos_dens_sint_1950,0.6746672671270393,0.7169889803292899,0.9409729935001042,0.34690604857113283,179.3872237135314,1232,
Geral,1950,2011,PIB_Agropecuário,pibag (2011),pibag_2011,vizinhos_dens_real_1950,vizinhos_dens_sint_1950,0.3045542678352513,0.7184044182338671,0.42393150724764567,0.6716909303599017,179.3872237135314,1232,
Geral,1950,2012,PIB_Agropecuário,pibag (2012),pibag_2012,vizinhos_dens_real_1950,vizinhos_dens_sint_1950,0.7369744298568017,0.7665840277651015,0.9613746219124555,0.3365554364289689,179.3872237135314,1232,
Geral,1950,2013,PIB_Agropecuário,pibag (2013),pibag_2013,vizinhos_dens_real_1950,vizinhos_dens_sint_1950,0.9708038369227501,0.7495646551150357,1.2951569024739578,0.19551255143432045,179.3872237135314,1232,
Geral,1950,2014,PIB_Agropecuário,pibag (2014),pibag_2014,vizinhos_dens_real_1950,vizinhos_dens_sint_1950,0.8285375806645117,0.758303699438782,1.092619726473324,0.27477774831329344,179.3872237135314,1232,
Geral,1950,2015,PIB_Agropecuário,pibag (2015),pibag_2015,vizinhos_dens_real_1950,vizinhos_dens_sint_1950,1.3808582955682427,0.779376349329421,1.7717477528748973,0.07668745386013939,179.3872237135314,1232,*
Geral,1950,2016,PIB_Agropecuário,pibag (2016),pibag_2016,vizinhos_dens_real_1950,vizinhos_dens_sint_1950,1.2626927131401515,0.7951208655493265,1.5880512860994949,0.1125353491755057,179.3872237135314,1232,
Geral,1950,2017,PIB_Agropecuário,pibag (2017),pibag_2017,vizinhos_dens_real_1950,vizinhos_dens_sint_1950,1.024849512128421,0.7923827221062502,1.2933769042871677,0.19612698120521468,179.3872237135314,1232,
Geral,1950,2018,PIB_Agropecuário,pibag (2018),pibag_2018,vizinhos_dens_real_1950,vizinhos_dens_sint_1950,0.9467896957385658,0.7867454397488192,1.2034257180325612,0.22904642981979395,179.3872237135314,1232,
Geral,1950,2019,PIB_Agropecuário,pibag (2019),pibag_2019,vizinhos_dens_real_1950,vizinhos_dens_sint_1950,0.917714069717706,0.8079486741782136,1.1358568917154765,0.2562408289307482,179.3872237135314,1232,
Geral,1950,2020,PIB_Agropecuário,pibag (2020),pibag_2020,vizinhos_dens_real_1950,vizinhos_dens_sint_1950,0.8170133601842924,0.7874266890969224,1.037573873856501,0.2996752714768572,179.3872237135314,1232,
Geral,1950,2021,PIB_Agropecuário,pibag (2021),pibag_2021,vizinhos_dens_real_1950,vizinhos_dens_sint_1950,0.46920273222898157,0.7952042172801038,0.5900405481170995,0.555273360528406,179.3872237135314,1232,
Nao_Atendidos_Dummy0,1950,1959,PIB_Agropecuário,pibag (1959),pibag_1959,vizinhos_dens_real_1950,vizinhos_dens_sint_1950,-3.148013330734826,1.5815981744234693,-1.9904002050851841,0.0468604746087163,76.86206682148143,885,**
Nao_Atendidos_Dummy0,1950,1970,PIB_Agropecuário,pibag (1970),pibag_1970,vizinhos_dens_real_1950,vizinhos_dens_sint_1950,2.661999175136433,1.6648231787588317,1.5989681121096726,0.11019498800967706,73.91835475352293,885,
Nao_Atendidos_Dummy0,1950,1975,PIB_Agropecuário,pibag (1975),pibag_1975,vizinhos_dens_real_1950,vizinhos_dens_sint_1950,-3.3025272168043878,1.4855021696836692,-2.223172260669027,0.026461597895628044,76.65332881932473,885,**
Nao_Atendidos_Dummy0,1950,1980,PIB_Agropecuário,pibag (1980),pibag_1980,vizinhos_dens_real_1950,vizinhos_dens_sint_1950,-0.6770985637816755,1.4432119658217855,-0.4691608577372943,0.639073713134052,75.51532480671094,885,
Nao_Atendidos_Dummy0,1950,1985,PIB_Agropecuário,pibag (1985),pibag_1985,vizinhos_dens_real_1950,vizinhos_dens_sint_1950,-1.0973536974640137,1.5375885578124802,-0.7136848748570381,0.47561569299843365,76.18794050441558,885,
Nao_Atendidos_Dummy0,1950,1996,PIB_Agropecuário,pibag (1996),pibag_1996,vizinhos_dens_real_1950,vizinhos_dens_sint_1950,-3.0382447109323376,1.82945388524394,-1.6607386146424878,0.09712835164677586,77.71879785786521,885,*
Nao_Atendidos_Dummy0,1950,1999,PIB_Agropecuário,pibag (1999),pibag_1999,vizinhos_dens_real_1950,vizinhos_dens_sint_1950,1.5733730710035119,1.6883219438304435,0.9319153119776805,0.35163972276199273,76.86206682148143,885,
Nao_Atendidos_Dummy0,1950,2000,PIB_Agropecuário,pibag (2000),pibag_2000,vizinhos_dens_real_1950,vizinhos_dens_sint_1950,1.2744321560408638,1.6109585440007994,0.7911017703011924,0.4291009614014877,76.86206682148143,885,
Nao_Atendidos_Dummy0,1950,2001,PIB_Agropecuário,pibag (2001),pibag_2001,vizinhos_dens_real_1950,vizinhos_dens_sint_1950,2.300475310445071,1.7804956559455625,1.292042079834991,0.1966868548969011,76.86206682148143,885,
Nao_Atendidos_Dummy0,1950,2002,PIB_Agropecuário,pibag (2002),pibag_2002,vizinhos_dens_real_1950,vizinhos_dens_sint_1950,1.7258696237622475,1.6570628548478628,1.041523330701117,0.29792306955374054,76.86206682148143,885,
Nao_Atendidos_Dummy0,1950,2003,PIB_Agropecuário,pibag (2003),pibag_2003,vizinhos_dens_real_1950,vizinhos_dens_sint_1950,2.5214510091275244,1.7270285409690516,1.4599938271504853,0.1446540127587278,76.86206682148143,885,
Nao_Atendidos_Dummy0,1950,2004,PIB_Agropecuário,pibag (2004),pibag_2004,vizinhos_dens_real_1950,vizinhos_dens_sint_1950,1.4240759704979746,1.683329956416812,0.8459874221743826,0.3977931838480945,76.86206682148143,885,
Nao_Atendidos_Dummy0,1950,2005,PIB_Agropecuário,pibag (2005),pibag_2005,vizinhos_dens_real_1950,vizinhos_dens_sint_1950,1.7931784234252626,1.6626355050173607,1.0785156566270602,0.2811036614392003,76.86206682148143,885,
Nao_Atendidos_Dummy0,1950,2006,PIB_Agropecuário,pibag (2006),pibag_2006,vizinhos_dens_real_1950,vizinhos_dens_sint_1950,0.990107295245334,1.6351477442534565,0.6055154946853917,0.5449950000581103,76.86206682148143,885,
Nao_Atendidos_Dummy0,1950,2007,PIB_Agropecuário,pibag (2007),pibag_2007,vizinhos_dens_real_1950,vizinhos_dens_sint_1950,1.8473182486482098,1.7034716768885856,1.0844431837119606,0.2784698057021493,76.86206682148143,885,
Nao_Atendidos_Dummy0,1950,2008,PIB_Agropecuário,pibag (2008),pibag_2008,vizinhos_dens_real_1950,vizinhos_dens_sint_1950,0.04500451491718982,1.590984059799559,0.028287219246470475,0.9774395838029291,76.86206682148143,885,
Nao_Atendidos_Dummy0,1950,2009,PIB_Agropecuário,pibag (2009),pibag_2009,vizinhos_dens_real_1950,vizinhos_dens_sint_1950,0.8524787754720426,1.6649873221840479,0.5120031630954422,0.6087791847313343,76.86206682148143,885,
Nao_Atendidos_Dummy0,1950,2010,PIB_Agropecuário,pibag (2010),pibag_2010,vizinhos_dens_real_1950,vizinhos_dens_sint_1950,2.498881987841471,1.7327656439996553,1.442135003365734,0.14962541658081394,76.86206682148143,885,
Nao_Atendidos_Dummy0,1950,2011,PIB_Agropecuário,pibag (2011),pibag_2011,vizinhos_dens_real_1950,vizinhos_dens_sint_1950,1.9371488777538464,1.6773409239204657,1.1548927532431086,0.24845254853721244,76.86206682148143,885,
Nao_Atendidos_Dummy0,1950,2012,PIB_Agropecuário,pibag (2012),pibag_2012,vizinhos_dens_real_1950,vizinhos_dens_sint_1950,2.776540119944472,1.9015139686100497,1.460173401710028,0.14460467601438584,76.86206682148143,885,
Nao_Atendidos_Dummy0,1950,2013,PIB_Agropecuário,pibag (2013),pibag_2013,vizinhos_dens_real_1950,vizinhos_dens_sint_1950,2.776482235917477,1.8795523999564023,1.4772039534422554,0.139984111132827,76.86206682148143,885,
Nao_Atendidos_Dummy0,1950,2014,PIB_Agropecuário,pibag (2014),pibag_2014,vizinhos_dens_real_1950,vizinhos_dens_sint_1950,2.2738648559009986,1.8758161182937598,1.2122002971001782,0.2257659463660854,76.86206682148143,885,
Nao_Atendidos_Dummy0,1950,2015,PIB_Agropecuário,pibag (2015),pibag_2015,vizinhos_dens_real_1950,vizinhos_dens_sint_1950,3.5252718281838975,1.9477303632763863,1.8099383234206199,0.07065149508168844,76.86206682148143,885,*
Nao_Atendidos_Dummy0,1950,2016,PIB_Agropecuário,pibag (2016),pibag_2016,vizinhos_dens_real_1950,vizinhos_dens_sint_1950,3.677188947227934,2.0442818206716145,1.798768110171745,0.07240306438577744,76.86206682148143,885,*
Nao_Atendidos_Dummy0,1950,2017,PIB_Agropecuário,pibag (2017),pibag_2017,vizinhos_dens_real_1950,vizinhos_dens_sint_1950,3.7999723397566583,1.9894006535844533,1.9101091240268577,0.05644885607938651,76.86206682148143,885,*
Nao_Atendidos_Dummy0,1950,2018,PIB_Agropecuário,pibag (2018),pibag_2018,vizinhos_dens_real_1950,vizinhos_dens_sint_1950,3.5197886670539003,1.9830658536803916,1.7749227341701688,0.0762614485674357,76.86206682148143,885,*
Nao_Atendidos_Dummy0,1950,2019,PIB_Agropecuário,pibag (2019),pibag_2019,vizinhos_dens_real_1950,vizinhos_dens_sint_1950,3.223181854087597,2.0131470614989944,1.601066268694552,0.10972651956134556,76.86206682148143,885,
Nao_Atendidos_Dummy0,1950,2020,PIB_Agropecuário,pibag (2020),pibag_2020,vizinhos_dens_real_1950,vizinhos_dens_sint_1950,2.6178019724670496,1.902182425437487,1.3762097354384797,0.16911205067896568,76.86206682148143,885,
Nao_Atendidos_Dummy0,1950,2021,PIB_Agropecuário,pibag (2021),pibag_2021,vizinhos_dens_real_1950,vizinhos_dens_sint_1950,1.9860378053744387,1.9247108783737947,1.031862929487082,0.30242408408686566,76.86206682148143,885,
Atendidos_Dummy1,1950,1959,PIB_Indústria,pibi (1959),pibi_1959,vizinhos_dens_real_1950,vizinhos_dens_sint_1950,1.8416332436588632,3.337953037061228,0.5517253308273798,0.5815110967039051,22.144612665312223,347,
Atendidos_Dummy1,1950,1970,PIB_Indústria,pibi (1970),pibi_1970,vizinhos_dens_real_1950,vizinhos_dens_sint_1950,5.4621889758990685,3.8583294882376498,1.4156875384932472,0.15781583233882693,22.028638031686057,347,
Atendidos_Dummy1,1950,1975,PIB_Indústria,pibi (1975),pibi_1975,vizinhos_dens_real_1950,vizinhos_dens_sint_1950,6.193737765483424,3.9199896598112183,1.5800393120888248,0.11505876459608015,22.144612665312223,347,
Atendidos_Dummy1,1950,1980,PIB_Indústria,pibi (1980),pibi_1980,vizinhos_dens_real_1950,vizinhos_dens_sint_1950,7.525915093838787,3.86145072831579,1.9489864362768368,0.05214666983144639,22.144612665312223,347,*
Atendidos_Dummy1,1950,1985,PIB_Indústria,pibi (1985),pibi_1985,vizinhos_dens_real_1950,vizinhos_dens_sint_1950,7.3239234670447555,4.090354811150277,1.7905350037311663,0.07429005495711218,24.084689699035575,347,*
Atendidos_Dummy1,1950,1996,PIB_Indústria,pibi (1996),pibi_1996,vizinhos_dens_real_1950,vizinhos_dens_sint_1950,19.198794835751034,6.892396107451656,2.7855036966018853,0.005654219281345147,22.144612665312223,347,***
Atendidos_Dummy1,1950,1999,PIB_Indústria,pibi (1999),pibi_1999,vizinhos_dens_real_1950,vizinhos_dens_sint_1950,6.342991552197811,3.3775475316346486,1.8779873540752101,0.06126722561791418,22.144612665312223,347,*
Atendidos_Dummy1,1950,2000,PIB_Indústria,pibi (2000),pibi_2000,vizinhos_dens_real_1950,vizinhos_dens_sint_1950,6.544585760289658,3.3977251851456995,1.9261668921611201,0.054944878240298034,22.144612665312223,347,*
Atendidos_Dummy1,1950,2001,PIB_Indústria,pibi (2001),pibi_2001,vizinhos_dens_real_1950,vizinhos_dens_sint_1950,7.058551959719084,3.4492682165822615,2.0463911521247584,0.041512357976789094,22.144612665312223,347,**
Atendidos_Dummy1,1950,2002,PIB_Indústria,pibi (2002),pibi_2002,vizinhos_dens_real_1950,vizinhos_dens_sint_1950,9.68692575965981,4.1551017084586475,2.331333006828662,0.020339332367659328,22.144612665312223,347,**
Atendidos_Dummy1,1950,2003,PIB_Indústria,pibi (2003),pibi_2003,vizinhos_dens_real_1950,vizinhos_dens_sint_1950,11.745275221728654,4.46685828281992,2.6294264286159272,0.008954568520472035,22.144612665312223,347,***
Atendidos_Dummy1,1950,2004,PIB_Indústria,pibi (2004),pibi_2004,vizinhos_dens_real_1950,vizinhos_dens_sint_1950,10.979662893189536,4.268501405762134,2.5722523784033133,0.010542213131438886,22.144612665312223,347,**
Atendidos_Dummy1,1950,2005,PIB_Indústria,pibi (2005),pibi_2005,vizinhos_dens_real_1950,vizinhos_dens_sint_1950,10.638551358729192,4.347378646418666,2.4471186487271224,0.014922932516486348,22.144612665312223,347,**
Atendidos_Dummy1,1950,2006,PIB_Indústria,pibi (2006),pibi_2006,vizinhos_dens_real_1950,vizinhos_dens_sint_1950,10.067179897094716,4.1850636001457255,2.405502247742226,0.016701757228152047,22.144612665312223,347,**
Atendidos_Dummy1,1950,2007,PIB_Indústria,pibi (2007),pibi_2007,vizinhos_dens_real_1950,vizinhos_dens_sint_1950,9.595008187724178,4.148293345557244,2.313001369105268,0.021338968460788088,22.144612665312223,347,**
Atendidos_Dummy1,1950,2008,PIB_Indústria,pibi (2008),pibi_2008,vizinhos_dens_real_1950,vizinhos_dens_sint_1950,10.507774275734803,4.379901774776291,2.3990890243814884,0.016991902805322562,22.144612665312223,347,**
Atendidos_Dummy1,1950,2009,PIB_Indústria,pibi (2009),pibi_2009,vizinhos_dens_real_1950,vizinhos_dens_sint_1950,9.865605878270763,4.236078661741671,2.328947752404225,0.020467035377654527,22.144612665312223,347,**
Atendidos_Dummy1,1950,2010,PIB_Indústria,pibi (2010),pibi_2010,vizinhos_dens_real_1950,vizinhos_dens_sint_1950,9.786800507911554,4.266973295224878,2.2936165358390816,0.022442539452189835,22.144612665312223,347,**
Atendidos_Dummy1,1950,2011,PIB_Indústria,pibi (2011),pibi_2011,vizinhos_dens_real_1950,vizinhos_dens_sint_1950,10.577118128349404,4.333573138842594,2.4407383444264035,0.015184272818662465,22.144612665312223,347,**
Atendidos_Dummy1,1950,2012,PIB_Indústria,pibi (2012),pibi_2012,vizinhos_dens_real_1950,vizinhos_dens_sint_1950,10.503296243746597,4.372051777207453,2.402372336600125,0.0168445072478924,21.94880695957422,347,**
Atendidos_Dummy1,1950,2013,PIB_Indústria,pibi (2013),pibi_2013,vizinhos_dens_real_1950,vizinhos_dens_sint_1950,10.776446461733686,4.398836898108389,2.4498399716451935,0.01481268230597366,22.144612665312223,347,**
Atendidos_Dummy1,1950,2014,PIB_Indústria,pibi (2014),pibi_2014,vizinhos_dens_real_1950,vizinhos_dens_sint_1950,11.75706481170367,4.52951939278796,2.5956539297355983,0.009864242901263844,22.144612665312223,347,***
Atendidos_Dummy1,1950,2015,PIB_Indústria,pibi (2015),pibi_2015,vizinhos_dens_real_1950,vizinhos_dens_sint_1950,10.53905133473241,4.2839050357403226,2.4601505511457034,0.014401478673397814,22.144612665312223,347,**
Atendidos_Dummy1,1950,2016,PIB_Indústria,pibi (2016),pibi_2016,vizinhos_dens_real_1950,vizinhos_dens_sint_1950,11.091574062728641,4.357239288537608,2.5455508243274,0.011366400739613966,22.144612665312223,347,**
Atendidos_Dummy1,1950,2017,PIB_Indústria,pibi (2017),pibi_2017,vizinhos_dens_real_1950,vizinhos_dens_sint_1950,9.878831018222936,4.308852485186763,2.292682576668611,0.022496945577996495,22.144612665312223,347,**
Atendidos_Dummy1,1950,2018,PIB_Indústria,pibi (2018),pibi_2018,vizinhos_dens_real_1950,vizinhos_dens_sint_1950,10.302418011268834,4.39686405667801,2.3431286204133146,0.019718024532395507,22.144612665312223,347,**
Atendidos_Dummy1,1950,2019,PIB_Indústria,pibi (2019),pibi_2019,vizinhos_dens_real_1950,vizinhos_dens_sint_1950,10.207282957082201,4.342151537790157,2.3507431438647983,0.019325846298052073,22.144612665312223,347,**
Atendidos_Dummy1,1950,2020,PIB_Indústria,pibi (2020),pibi_2020,vizinhos_dens_real_1950,vizinhos_dens_sint_1950,9.749404575748196,4.327244034165569,2.2530286017548793,0.024915692626356935,22.144612665312223,347,**
Atendidos_Dummy1,1950,2021,PIB_Indústria,pibi (2021),pibi_2021,vizinhos_dens_real_1950,vizinhos_dens_sint_1950,10.589091307276917,4.4508929475003285,2.3790936857342007,0.017925247023740317,22.144612665312223,347,**
Geral,1950,1959,PIB_Indústria,pibi (1959),pibi_1959,vizinhos_dens_real_1950,vizinhos_dens_sint_1950,4.147101517434656,1.079389136610161,3.8420819487387985,1.2830961288387026e-4,179.3872237135314,1232,***
Geral,1950,1970,PIB_Indústria,pibi (1970),pibi_1970,vizinhos_dens_real_1950,vizinhos_dens_sint_1950,5.427368748726149,1.2156043033083326,4.464749535646816,8.766369034636598e-6,175.84742477536076,1232,***
Geral,1950,1975,PIB_Indústria,pibi (1975),pibi_1975,vizinhos_dens_real_1950,vizinhos_dens_sint_1950,5.609906567560044,1.2482724834305656,4.494136209862301,7.652783482161522e-6,179.3872237135314,1232,***
Geral,1950,1980,PIB_Indústria,pibi (1980),pibi_1980,vizinhos_dens_real_1950,vizinhos_dens_sint_1950,6.244825969496633,1.1809966485207213,5.28775926444728,1.467581893878063e-7,179.3872237135314,1232,***
Geral,1950,1985,PIB_Indústria,pibi (1985),pibi_1985,vizinhos_dens_real_1950,vizinhos_dens_sint_1950,7.268110033751444,1.3145349973714051,5.529035018683441,3.940275911880587e-8,181.72274308654488,1232,***
Geral,1950,1996,PIB_Indústria,pibi (1996),pibi_1996,vizinhos_dens_real_1950,vizinhos_dens_sint_1950,11.319460587931893,1.8619602774779884,6.079324422142893,1.6141619526813994e-9,179.3872237135314,1232,***
Geral,1950,1999,PIB_Indústria,pibi (1999),pibi_1999,vizinhos_dens_real_1950,vizinhos_dens_sint_1950,5.471684714800583,0.9899805505444984,5.527062841579166,3.9830552337528704e-8,179.3872237135314,1232,***
Geral,1950,2000,PIB_Indústria,pibi (2000),pibi_2000,vizinhos_dens_real_1950,vizinhos_dens_sint_1950,5.658606654943301,1.0145578900118715,5.57741131447619,3.0074649708479004e-8,179.3872237135314,1232,***
Geral,1950,2001,PIB_Indústria,pibi (2001),pibi_2001,vizinhos_dens_real_1950,vizinhos_dens_sint_1950,5.758580704364718,1.0179920855062115,5.656803020724055,1.9221707808765773e-8,179.3872237135314,1232,***
Geral,1950,2002,PIB_Indústria,pibi (2002),pibi_2002,vizinhos_dens_real_1950,vizinhos_dens_sint_1950,7.453205105825479,1.2648060320398296,5.892765307108191,4.914821921029432e-9,179.3872237135314,1232,***
Geral,1950,2003,PIB_Indústria,pibi (2003),pibi_2003,vizinhos_dens_real_1950,vizinhos_dens_sint_1950,8.373191338818629,1.3385735100948468,6.255309309255143,5.488827200728358e-10,179.3872237135314,1232,***
Geral,1950,2004,PIB_Indústria,pibi (2004),pibi_2004,vizinhos_dens_real_1950,vizinhos_dens_sint_1950,7.820347177587738,1.3007265869240767,6.012291327173595,2.416829907670072e-9,179.3872237135314,1232,***
Geral,1950,2005,PIB_Indústria,pibi (2005),pibi_2005,vizinhos_dens_real_1950,vizinhos_dens_sint_1950,8.081601968048513,1.335033158054769,6.05348407961937,1.8868095293680053e-9,179.3872237135314,1232,***
Geral,1950,2006,PIB_Indústria,pibi (2006),pibi_2006,vizinhos_dens_real_1950,vizinhos_dens_sint_1950,7.7375899692261285,1.2739729280389285,6.073590575536699,1.6711276627671472e-9,179.3872237135314,1232,***
Geral,1950,2007,PIB_Indústria,pibi (2007),pibi_2007,vizinhos_dens_real_1950,vizinhos_dens_sint_1950,7.253185813036914,1.284837905604892,5.645214685366999,2.0526823893421152e-8,179.3872237135314,1232,***
Geral,1950,2008,PIB_Indústria,pibi (2008),pibi_2008,vizinhos_dens_real_1950,vizinhos_dens_sint_1950,7.384508051804606,1.3359357987933973,5.527592013384336,3.97135825262635e-8,179.3872237135314,1232,***
Geral,1950,2009,PIB_Indústria,pibi (2009),pibi_2009,vizinhos_dens_real_1950,vizinhos_dens_sint_1950,6.800515767408227,1.267461166023211,5.365462824194875,9.663851629055492e-8,179.3872237135314,1232,***
Geral,1950,2010,PIB_Indústria,pibi (2010),pibi_2010,vizinhos_dens_real_1950,vizinhos_dens_sint_1950,6.948101844397152,1.2929372593247193,5.373889409008164,9.232737012582765e-8,179.3872237135314,1232,***
Geral,1950,2011,PIB_Indústria,pibi (2011),pibi_2011,vizinhos_dens_real_1950,vizinhos_dens_sint_1950,6.9682310696039576,1.248044615551976,5.583318883613868,2.910000018231516e-8,179.92254199650733,1232,***
Geral,1950,2012,PIB_Indústria,pibi (2012),pibi_2012,vizinhos_dens_real_1950,vizinhos_dens_sint_1950,6.90303725763822,1.260967847773892,5.474395933111869,5.332469620284282e-8,179.12516395680703,1232,***
Geral,1950,2013,PIB_Indústria,pibi (2013),pibi_2013,vizinhos_dens_real_1950,vizinhos_dens_sint_1950,6.936880568106281,1.2691262197216053,5.465871290270837,5.58785170381817e-8,179.92254199650733,1232,***
Geral,1950,2014,PIB_Indústria,pibi (2014),pibi_2014,vizinhos_dens_real_1950,vizinhos_dens_sint_1950,7.102191049106828,1.2520566784412483,5.67241976453392,1.759300997338328e-8,179.92254199650733,1232,***
Geral,1950,2015,PIB_Indústria,pibi (2015),pibi_2015,vizinhos_dens_real_1950,vizinhos_dens_sint_1950,7.349573110575172,1.2734407261324,5.771429293687467,9.971792649730777e-9,179.3872237135314,1232,***
Geral,1950,2016,PIB_Indústria,pibi (2016),pibi_2016,vizinhos_dens_real_1950,vizinhos_dens_sint_1950,7.43504968994405,1.2747833224975804,5.832402698348104,6.9997316743030746e-9,179.3872237135314,1232,***
Geral,1950,2017,PIB_Indústria,pibi (2017),pibi_2017,vizinhos_dens_real_1950,vizinhos_dens_sint_1950,7.532646386722394,1.3027420504086646,5.782147267265561,9.372635426927677e-9,179.3872237135314,1232,***
Geral,1950,2018,PIB_Indústria,pibi (2018),pibi_2018,vizinhos_dens_real_1950,vizinhos_dens_sint_1950,7.5009955989334545,1.308249093317834,5.733614215554528,1.2398398077706467e-8,179.3872237135314,1232,***
Geral,1950,2019,PIB_Indústria,pibi (2019),pibi_2019,vizinhos_dens_real_1950,vizinhos_dens_sint_1950,7.66578422538268,1.310892440169143,5.8477598851615715,6.399468918430167e-9,179.3872237135314,1232,***
Geral,1950,2020,PIB_Indústria,pibi (2020),pibi_2020,vizinhos_dens_real_1950,vizinhos_dens_sint_1950,7.683406859232733,1.3237163023583625,5.804421117684963,8.237436421323449e-9,179.3872237135314,1232,***
Geral,1950,2021,PIB_Indústria,pibi (2021),pibi_2021,vizinhos_dens_real_1950,vizinhos_dens_sint_1950,8.053087719162235,1.3644759704033875,5.901963753001422,4.655659249170539e-9,179.3872237135314,1232,***
Nao_Atendidos_Dummy0,1950,1959,PIB_Indústria,pibi (1959),pibi_1959,vizinhos_dens_real_1950,vizinhos_dens_sint_1950,8.085424560769923,2.7360924043496913,2.955099231267246,0.0032102959624706238,76.86206682148143,885,***
Nao_Atendidos_Dummy0,1950,1970,PIB_Indústria,pibi (1970),pibi_1970,vizinhos_dens_real_1950,vizinhos_dens_sint_1950,7.802611463828247,2.910158928014742,2.6811633511545185,0.007476865889292932,75.15084299719226,885,***
Nao_Atendidos_Dummy0,1950,1975,PIB_Indústria,pibi (1975),pibi_1975,vizinhos_dens_real_1950,vizinhos_dens_sint_1950,7.3927818487209045,2.979096519744429,2.481551638130582,0.013269685176755927,76.86206682148143,885,**
Nao_Atendidos_Dummy0,1950,1980,PIB_Indústria,pibi (1980),pibi_1980,vizinhos_dens_real_1950,vizinhos_dens_sint_1950,9.629347447736272,2.8693718597961846,3.3559078147578467,8.254332694087219e-4,76.86206682148143,885,***
Nao_Atendidos_Dummy0,1950,1985,PIB_Indústria,pibi (1985),pibi_1985,vizinhos_dens_real_1950,vizinhos_dens_sint_1950,12.757647319058702,3.2971452241530104,3.86930100184955,1.1732830464542138e-4,76.86206682148143,885,***
Nao_Atendidos_Dummy0,1950,1996,PIB_Indústria,pibi (1996),pibi_1996,vizinhos_dens_real_1950,vizinhos_dens_sint_1950,16.016471150293942,4.618623423888882,3.467801914192015,5.50555666293212e-4,76.86206682148143,885,***
Nao_Atendidos_Dummy0,1950,1999,PIB_Indústria,pibi (1999),pibi_1999,vizinhos_dens_real_1950,vizinhos_dens_sint_1950,8.970202131175984,2.4651921834458372,3.6387435395148247,2.901700827842295e-4,76.86206682148143,885,***
Nao_Atendidos_Dummy0,1950,2000,PIB_Indústria,pibi (2000),pibi_2000,vizinhos_dens_real_1950,vizinhos_dens_sint_1950,9.453942245045736,2.5868781747703893,3.6545757497393034,2.730945008948383e-4,76.86206682148143,885,***
Nao_Atendidos_Dummy0,1950,2001,PIB_Indústria,pibi (2001),pibi_2001,vizinhos_dens_real_1950,vizinhos_dens_sint_1950,9.376911707292109,2.645681239600542,3.5442333592341164,4.1480876116237495e-4,76.86206682148143,885,***
Nao_Atendidos_Dummy0,1950,2002,PIB_Indústria,pibi (2002),pibi_2002,vizinhos_dens_real_1950,vizinhos_dens_sint_1950,12.262632877268642,3.425374023278981,3.579939823777284,3.6276456538083315e-4,76.86206682148143,885,***
Nao_Atendidos_Dummy0,1950,2003,PIB_Indústria,pibi (2003),pibi_2003,vizinhos_dens_real_1950,vizinhos_dens_sint_1950,12.994461616938963,3.654888415556543,3.5553647989990003,3.9787848550919535e-4,76.86206682148143,885,***
Nao_Atendidos_Dummy0,1950,2004,PIB_Indústria,pibi (2004),pibi_2004,vizinhos_dens_real_1950,vizinhos_dens_sint_1950,12.281054051556634,3.5576430335994726,3.452019760153166,5.833174946682445e-4,76.86206682148143,885,***
Nao_Atendidos_Dummy0,1950,2005,PIB_Indústria,pibi (2005),pibi_2005,vizinhos_dens_real_1950,vizinhos_dens_sint_1950,13.278047821527725,3.6940517901512195,3.594440082547997,3.43430085723087e-4,76.86206682148143,885,***
Nao_Atendidos_Dummy0,1950,2006,PIB_Indústria,pibi (2006),pibi_2006,vizinhos_dens_real_1950,vizinhos_dens_sint_1950,12.507918084687413,3.484628263005441,3.589455500168479,3.499648477410497e-4,76.86206682148143,885,***
Nao_Atendidos_Dummy0,1950,2007,PIB_Indústria,pibi (2007),pibi_2007,vizinhos_dens_real_1950,vizinhos_dens_sint_1950,11.417626880052035,3.414331307718259,3.344030163166048,8.611214997195902e-4,76.86206682148143,885,***
Nao_Atendidos_Dummy0,1950,2008,PIB_Indústria,pibi (2008),pibi_2008,vizinhos_dens_real_1950,vizinhos_dens_sint_1950,11.295714100865784,3.480648026589116,3.2452905362956486,0.0012182715956031034,76.86206682148143,885,***
Nao_Atendidos_Dummy0,1950,2009,PIB_Indústria,pibi (2009),pibi_2009,vizinhos_dens_real_1950,vizinhos_dens_sint_1950,10.261682972046628,3.199552710531241,3.2072242280211785,0.0013893666167426174,76.86206682148143,885,***
Nao_Atendidos_Dummy0,1950,2010,PIB_Indústria,pibi (2010),pibi_2010,vizinhos_dens_real_1950,vizinhos_dens_sint_1950,10.94124277596154,3.33148720863833,3.2841917410313353,0.0010637378655340862,76.86206682148143,885,***
Nao_Atendidos_Dummy0,1950,2011,PIB_Indústria,pibi (2011),pibi_2011,vizinhos_dens_real_1950,vizinhos_dens_sint_1950,10.244582229126593,3.1667803980057965,3.2350150441684784,0.00126247977436451,76.58901534361914,885,***
Nao_Atendidos_Dummy0,1950,2012,PIB_Indústria,pibi (2012),pibi_2012,vizinhos_dens_real_1950,vizinhos_dens_sint_1950,10.233683805710207,3.1948996577612974,3.2031315227223964,0.0014090849538689186,76.58901534361914,885,***
Nao_Atendidos_Dummy0,1950,2013,PIB_Indústria,pibi (2013),pibi_2013,vizinhos_dens_real_1950,vizinhos_dens_sint_1950,10.21255103435009,3.1848894635360967,3.206563728906111,0.0013925796897519167,76.58901534361914,885,***
Nao_Atendidos_Dummy0,1950,2014,PIB_Indústria,pibi (2014),pibi_2014,vizinhos_dens_real_1950,vizinhos_dens_sint_1950,9.885322136566083,3.1033654190726794,3.1853555098000443,0.0014974972516865104,76.58901534361914,885,***
Nao_Atendidos_Dummy0,1950,2015,PIB_Indústria,pibi (2015),pibi_2015,vizinhos_dens_real_1950,vizinhos_dens_sint_1950,11.770197247169545,3.4196070922694863,3.44197357461849,6.05109754350198e-4,76.86206682148143,885,***
Nao_Atendidos_Dummy0,1950,2016,PIB_Indústria,pibi (2016),pibi_2016,vizinhos_dens_real_1950,vizinhos_dens_sint_1950,11.955235473871861,3.4230210652941233,3.492597692455219,5.025314766481587e-4,76.86206682148143,885,***
Nao_Atendidos_Dummy0,1950,2017,PIB_Indústria,pibi (2017),pibi_2017,vizinhos_dens_real_1950,vizinhos_dens_sint_1950,12.794128569417916,3.503635291046289,3.651672479185815,2.7615340185477044e-4,76.86206682148143,885,***
Nao_Atendidos_Dummy0,1950,2018,PIB_Indústria,pibi (2018),pibi_2018,vizinhos_dens_real_1950,vizinhos_dens_sint_1950,12.471568978195112,3.4758811086065564,3.588030944819868,3.5185372957900095e-4,76.86206682148143,885,***
Nao_Atendidos_Dummy0,1950,2019,PIB_Indústria,pibi (2019),pibi_2019,vizinhos_dens_real_1950,vizinhos_dens_sint_1950,13.124405286416719,3.5622769577381272,3.684274255517201,2.4357901837510648e-4,76.86206682148143,885,***
Nao_Atendidos_Dummy0,1950,2020,PIB_Indústria,pibi (2020),pibi_2020,vizinhos_dens_real_1950,vizinhos_dens_sint_1950,13.318039223160353,3.594569083955881,3.705044725000427,2.2474741438771985e-4,76.86206682148143,885,***
Nao_Atendidos_Dummy0,1950,2021,PIB_Indústria,pibi (2021),pibi_2021,vizinhos_dens_real_1950,vizinhos_dens_sint_1950,13.912944466849295,3.7619269516791056,3.698355828158589,2.3065709497622255e-4,76.86206682148143,885,***
Atendidos_Dummy1,1950,1959,PIB_Serviços,pibse (1959),pibse_1959,vizinhos_dens_real_1950,vizinhos_dens_sint_1950,-0.29703049613192994,2.7412037089182015,-0.10835768796225331,0.9137780172164052,22.144612665312223,347,
Atendidos_Dummy1,1950,1970,PIB_Serviços,pibse (1970),pibse_1970,vizinhos_dens_real_1950,vizinhos_dens_sint_1950,0.05142920328652023,2.549736296230798,0.020170400900887887,0.9839196667790242,22.144612665312223,347,
Atendidos_Dummy1,1950,1975,PIB_Serviços,pibse (1975),pibse_1975,vizinhos_dens_real_1950,vizinhos_dens_sint_1950,-0.27194330712346615,2.5079813630931307,-0.10843115149311733,0.9137197904328053,22.144612665312223,347,
Atendidos_Dummy1,1950,1980,PIB_Serviços,pibse (1980),pibse_1980,vizinhos_dens_real_1950,vizinhos_dens_sint_1950,1.0718217018773704,2.6228709924615305,0.40864446057694953,0.6830664531350557,22.144612665312223,347,
Atendidos_Dummy1,1950,1985,PIB_Serviços,pibse (1985),pibse_1985,vizinhos_dens_real_1950,vizinhos_dens_sint_1950,0.9615024456881178,2.5214304422510367,0.3813321317837843,0.703202956995305,22.144612665312223,347,
Atendidos_Dummy1,1950,1996,PIB_Serviços,pibse (1996),pibse_1996,vizinhos_dens_real_1950,vizinhos_dens_sint_1950,3.8743583658666862,2.7746699294042534,1.3963312626156388,0.16355612402324943,22.144612665312223,347,
Atendidos_Dummy1,1950,1999,PIB_Serviços,pibse (1999),pibse_1999,vizinhos_dens_real_1950,vizinhos_dens_sint_1950,3.246375235806144,2.767505383645578,1.17303303364482,0.24163113582012474,22.144612665312223,347,
Atendidos_Dummy1,1950,2000,PIB_Serviços,pibse (2000),pibse_2000,vizinhos_dens_real_1950,vizinhos_dens_sint_1950,3.169301899127964,2.777004076192708,1.141266563595794,0.25458902342349177,22.144612665312223,347,
Atendidos_Dummy1,1950,2001,PIB_Serviços,pibse (2001),pibse_2001,vizinhos_dens_real_1950,vizinhos_dens_sint_1950,3.4602190759804947,2.803823584002648,1.2341072725555713,0.21804374658928277,22.144612665312223,347,
Atendidos_Dummy1,1950,2002,PIB_Serviços,pibse (2002),pibse_2002,vizinhos_dens_real_1950,vizinhos_dens_sint_1950,3.7686882578973506,2.8773587524395308,1.3097735048513217,0.19118630508917522,22.144612665312223,347,
Atendidos_Dummy1,1950,2003,PIB_Serviços,pibse (2003),pibse_2003,vizinhos_dens_real_1950,vizinhos_dens_sint_1950,4.238848293863282,2.9072300669631277,1.4580367553405065,0.1457843206575006,22.144612665312223,347,
Atendidos_Dummy1,1950,2004,PIB_Serviços,pibse (2004),pibse_2004,vizinhos_dens_real_1950,vizinhos_dens_sint_1950,4.263426517942486,2.9117455987053664,1.464216695249101,0.14408958313811354,22.144612665312223,347,
Atendidos_Dummy1,1950,2005,PIB_Serviços,pibse (2005),pibse_2005,vizinhos_dens_real_1950,vizinhos_dens_sint_1950,3.755467376712425,2.8853998685860542,1.3015413972943495,0.19398384034112584,22.144612665312223,347,
Atendidos_Dummy1,1950,2006,PIB_Serviços,pibse (2006),pibse_2006,vizinhos_dens_real_1950,vizinhos_dens_sint_1950,3.909127823364961,2.9168713796815133,1.3401783330575892,0.18111216659895735,22.144612665312223,347,
Atendidos_Dummy1,1950,2007,PIB_Serviços,pibse (2007),pibse_2007,vizinhos_dens_real_1950,vizinhos_dens_sint_1950,3.814673184370423,2.938894650064321,1.2979958925329067,0.19519797407761016,22.144612665312223,347,
Atendidos_Dummy1,1950,2008,PIB_Serviços,pibse (2008),pibse_2008,vizinhos_dens_real_1950,vizinhos_dens_sint_1950,4.067265110369469,2.98843766780515,1.3610004833584703,0.17444503497623623,22.144612665312223,347,
Atendidos_Dummy1,1950,2009,PIB_Serviços,pibse (2009),pibse_2009,vizinhos_dens_real_1950,vizinhos_dens_sint_1950,3.9778776525468427,2.98502843483124,1.332609634846488,0.18358213514921654,22.144612665312223,347,
Atendidos_Dummy1,1950,2010,PIB_Serviços,pibse (2010),pibse_2010,vizinhos_dens_real_1950,vizinhos_dens_sint_1950,4.0269183916935525,3.0234551847920783,1.3318928661317273,0.18381733848008872,22.144612665312223,347,
Atendidos_Dummy1,1950,2011,PIB_Serviços,pibse (2011),pibse_2011,vizinhos_dens_real_1950,vizinhos_dens_sint_1950,3.9547039240418034,2.983415575957399,1.325562538424675,0.185904338348816,22.144612665312223,347,
Atendidos_Dummy1,1950,2012,PIB_Serviços,pibse (2012),pibse_2012,vizinhos_dens_real_1950,vizinhos_dens_sint_1950,4.0820270082951495,3.014863337421074,1.3539675107751092,0.17667604992787667,22.144612665312223,347,
Atendidos_Dummy1,1950,2013,PIB_Serviços,pibse (2013),pibse_2013,vizinhos_dens_real_1950,vizinhos_dens_sint_1950,4.4090568433597195,3.0335103421584058,1.4534504076299222,0.1470519224270569,22.144612665312223,347,
Atendidos_Dummy1,1950,2014,PIB_Serviços,pibse (2014),pibse_2014,vizinhos_dens_real_1950,vizinhos_dens_sint_1950,4.5793833115878755,3.0718023960953627,1.4907805649897379,0.13697723049623872,22.144612665312223,347,
Atendidos_Dummy1,1950,2015,PIB_Serviços,pibse (2015),pibse_2015,vizinhos_dens_real_1950,vizinhos_dens_sint_1950,4.498572248421413,3.057889129524974,1.4711364794053996,0.14221000769906147,22.144612665312223,347,
Atendidos_Dummy1,1950,2016,PIB_Serviços,pibse (2016),pibse_2016,vizinhos_dens_real_1950,vizinhos_dens_sint_1950,4.37713922707212,3.0425365392624837,1.4386480394194858,0.15120088153724642,22.144612665312223,347,
Atendidos_Dummy1,1950,2017,PIB_Serviços,pibse (2017),pibse_2017,vizinhos_dens_real_1950,vizinhos_dens_sint_1950,4.7536324575354225,3.0846201906911195,1.541075452945912,0.12425966560848474,22.144612665312223,347,
Atendidos_Dummy1,1950,2018,PIB_Serviços,pibse (2018),pibse_2018,vizinhos_dens_real_1950,vizinhos_dens_sint_1950,4.7395228218271015,3.087028368580432,1.535302645763041,0.12567059273150363,22.144612665312223,347,
Atendidos_Dummy1,1950,2019,PIB_Serviços,pibse (2019),pibse_2019,vizinhos_dens_real_1950,vizinhos_dens_sint_1950,4.679774799857862,3.095685294272974,1.511708831810345,0.1315678572331282,22.144612665312223,347,
Atendidos_Dummy1,1950,2020,PIB_Serviços,pibse (2020),pibse_2020,vizinhos_dens_real_1950,vizinhos_dens_sint_1950,4.6705886430176005,3.0465758215768695,1.5330616786028854,0.12622167263584824,22.144612665312223,347,
Atendidos_Dummy1,1950,2021,PIB_Serviços,pibse (2021),pibse_2021,vizinhos_dens_real_1950,vizinhos_dens_sint_1950,4.952088174578433,3.082898767911346,1.6063090446312178,0.10916534649213924,22.144612665312223,347,
Geral,1950,1959,PIB_Serviços,pibse (1959),pibse_1959,vizinhos_dens_real_1950,vizinhos_dens_sint_1950,0.3072253696182504,0.8150691831860057,0.3769316469766947,0.7062903310382265,179.3872237135314,1232,
Geral,1950,1970,PIB_Serviços,pibse (1970),pibse_1970,vizinhos_dens_real_1950,vizinhos_dens_sint_1950,1.2294537642703087,0.7374793819999934,1.6671025580893049,0.09575215437356431,179.3872237135314,1232,*
Geral,1950,1975,PIB_Serviços,pibse (1975),pibse_1975,vizinhos_dens_real_1950,vizinhos_dens_sint_1950,1.1965988648124521,0.7488062006719559,1.5980087554545632,0.11030146906849453,179.3872237135314,1232,
Geral,1950,1980,PIB_Serviços,pibse (1980),pibse_1980,vizinhos_dens_real_1950,vizinhos_dens_sint_1950,1.7881056998685327,0.7900944352056929,2.2631544030594495,0.023802322523833106,179.3872237135314,1232,**
Geral,1950,1985,PIB_Serviços,pibse (1985),pibse_1985,vizinhos_dens_real_1950,vizinhos_dens_sint_1950,1.9510065708464213,0.776612917034512,2.5121994858086043,0.012127420531218699,179.098281327494,1232,**
Geral,1950,1996,PIB_Serviços,pibse (1996),pibse_1996,vizinhos_dens_real_1950,vizinhos_dens_sint_1950,3.075782064952172,0.7804376046976408,3.9410992582088604,8.57403522220395e-5,179.3872237135314,1232,***
Geral,1950,1999,PIB_Serviços,pibse (1999),pibse_1999,vizinhos_dens_real_1950,vizinhos_dens_sint_1950,3.1086257959823937,0.8202514589581429,3.789844884800169,1.5814391394722153e-4,179.3872237135314,1232,***
Geral,1950,2000,PIB_Serviços,pibse (2000),pibse_2000,vizinhos_dens_real_1950,vizinhos_dens_sint_1950,3.151541264302843,0.8265645488443056,3.8128192997259522,1.4429591212437808e-4,179.3872237135314,1232,***
Geral,1950,2001,PIB_Serviços,pibse (2001),pibse_2001,vizinhos_dens_real_1950,vizinhos_dens_sint_1950,3.1298859658105926,0.8285223086372422,3.7776725299752583,1.6597921393506207e-4,179.3872237135314,1232,***
Geral,1950,2002,PIB_Serviços,pibse (2002),pibse_2002,vizinhos_dens_real_1950,vizinhos_dens_sint_1950,3.8365340587182795,0.8731652378844008,4.393823634131209,1.211047950709948e-5,179.3872237135314,1232,***
Geral,1950,2003,PIB_Serviços,pibse (2003),pibse_2003,vizinhos_dens_real_1950,vizinhos_dens_sint_1950,3.958158865714429,0.8720826947888729,4.538742586415707,6.221531990104534e-6,179.3872237135314,1232,***
Geral,1950,2004,PIB_Serviços,pibse (2004),pibse_2004,vizinhos_dens_real_1950,vizinhos_dens_sint_1950,3.9079373303134686,0.8819308297324712,4.431115455504509,1.0221631347454948e-5,179.3872237135314,1232,***
Geral,1950,2005,PIB_Serviços,pibse (2005),pibse_2005,vizinhos_dens_real_1950,vizinhos_dens_sint_1950,3.818979085774645,0.8838309988316385,4.320938155397426,1.680734412393467e-5,179.3872237135314,1232,***
Geral,1950,2006,PIB_Serviços,pibse (2006),pibse_2006,vizinhos_dens_real_1950,vizinhos_dens_sint_1950,3.8064404651775243,0.8778406966683429,4.3361403494097015,1.570307018080274e-5,179.3872237135314,1232,***
Geral,1950,2007,PIB_Serviços,pibse (2007),pibse_2007,vizinhos_dens_real_1950,vizinhos_dens_sint_1950,3.708312242736121,0.8873280976068885,4.179189470881614,3.135367776438142e-5,179.3872237135314,1232,***
Geral,1950,2008,PIB_Serviços,pibse (2008),pibse_2008,vizinhos_dens_real_1950,vizinhos_dens_sint_1950,3.7199846756750325,0.897291456778447,4.145793039232675,3.621824047372201e-5,179.3872237135314,1232,***
Geral,1950,2009,PIB_Serviços,pibse (2009),pibse_2009,vizinhos_dens_real_1950,vizinhos_dens_sint_1950,3.7074312837997274,0.8962403326712672,4.136648562500678,3.7670527634309715e-5,179.3872237135314,1232,***
Geral,1950,2010,PIB_Serviços,pibse (2010),pibse_2010,vizinhos_dens_real_1950,vizinhos_dens_sint_1950,3.790365155802715,0.9120671722676034,4.155796054339965,3.4690611570382825e-5,179.3872237135314,1232,***
Geral,1950,2011,PIB_Serviços,pibse (2011),pibse_2011,vizinhos_dens_real_1950,vizinhos_dens_sint_1950,3.878809848072022,0.9114916799439053,4.255452829049115,2.2469278502290085e-5,179.3872237135314,1232,***
Geral,1950,2012,PIB_Serviços,pibse (2012),pibse_2012,vizinhos_dens_real_1950,vizinhos_dens_sint_1950,3.809510394317997,0.9152863384084837,4.162096859155619,3.376003829838332e-5,179.3872237135314,1232,***
Geral,1950,2013,PIB_Serviços,pibse (2013),pibse_2013,vizinhos_dens_real_1950,vizinhos_dens_sint_1950,3.9305273197089905,0.9173644843759551,4.284586319452693,1.9756200142006435e-5,179.3872237135314,1232,***
Geral,1950,2014,PIB_Serviços,pibse (2014),pibse_2014,vizinhos_dens_real_1950,vizinhos_dens_sint_1950,3.899577617025124,0.920316418716156,4.237214003489198,2.434471464000845e-5,179.3872237135314,1232,***
Geral,1950,2015,PIB_Serviços,pibse (2015),pibse_2015,vizinhos_dens_real_1950,vizinhos_dens_sint_1950,3.9128431687540646,0.9173775196430698,4.265248586292436,2.1519681580626602e-5,179.3872237135314,1232,***
Geral,1950,2016,PIB_Serviços,pibse (2016),pibse_2016,vizinhos_dens_real_1950,vizinhos_dens_sint_1950,4.060463714503823,0.920292044436817,4.412146925586724,1.1144143922332458e-5,179.3872237135314,1232,***
Geral,1950,2017,PIB_Serviços,pibse (2017),pibse_2017,vizinhos_dens_real_1950,vizinhos_dens_sint_1950,4.15362305478446,0.9253203225601305,4.488848838089302,7.841985373480941e-6,179.3872237135314,1232,***
Geral,1950,2018,PIB_Serviços,pibse (2018),pibse_2018,vizinhos_dens_real_1950,vizinhos_dens_sint_1950,4.082508582254812,0.9226454517584826,4.4247858963309294,1.0521028068351972e-5,179.3872237135314,1232,***
Geral,1950,2019,PIB_Serviços,pibse (2019),pibse_2019,vizinhos_dens_real_1950,vizinhos_dens_sint_1950,4.061583818421711,0.9225779080808886,4.402429087935199,1.1647073856027983e-5,179.3872237135314,1232,***
Geral,1950,2020,PIB_Serviços,pibse (2020),pibse_2020,vizinhos_dens_real_1950,vizinhos_dens_sint_1950,3.9685949394185753,0.9062219132719704,4.379274967088047,1.2934258965450267e-5,179.3872237135314,1232,***
Geral,1950,2021,PIB_Serviços,pibse (2021),pibse_2021,vizinhos_dens_real_1950,vizinhos_dens_sint_1950,4.0525007830552005,0.9168052323495758,4.420241770075316,1.0741122416331301e-5,179.3872237135314,1232,***
Nao_Atendidos_Dummy0,1950,1959,PIB_Serviços,pibse (1959),pibse_1959,vizinhos_dens_real_1950,vizinhos_dens_sint_1950,1.1411245793833917,1.7821682893716946,0.6403012477489971,0.5221459475985926,76.86206682148143,885,
Nao_Atendidos_Dummy0,1950,1970,PIB_Serviços,pibse (1970),pibse_1970,vizinhos_dens_real_1950,vizinhos_dens_sint_1950,0.6446888030447034,1.595194567379226,0.40414430705081594,0.6862062746248164,76.86206682148143,885,
Nao_Atendidos_Dummy0,1950,1975,PIB_Serviços,pibse (1975),pibse_1975,vizinhos_dens_real_1950,vizinhos_dens_sint_1950,0.7556524490011789,1.6441937563417905,0.45958844332461746,0.6459268717986841,76.86206682148143,885,
Nao_Atendidos_Dummy0,1950,1980,PIB_Serviços,pibse (1980),pibse_1980,vizinhos_dens_real_1950,vizinhos_dens_sint_1950,1.943721202877669,1.7475057016386275,1.1122831822837838,0.266324727372777,76.86206682148143,885,
Nao_Atendidos_Dummy0,1950,1985,PIB_Serviços,pibse (1985),pibse_1985,vizinhos_dens_real_1950,vizinhos_dens_sint_1950,2.4596925455701837,1.7470728261338113,1.4078935398550991,0.15952228466458143,76.52707318932295,885,
Nao_Atendidos_Dummy0,1950,1996,PIB_Serviços,pibse (1996),pibse_1996,vizinhos_dens_real_1950,vizinhos_dens_sint_1950,4.114499130664859,1.7557720372640973,2.3434130646460285,0.019333325279293982,76.86206682148143,885,**
Nao_Atendidos_Dummy0,1950,1999,PIB_Serviços,pibse (1999),pibse_1999,vizinhos_dens_real_1950,vizinhos_dens_sint_1950,4.8330911561733165,1.8843928088784425,2.5648002547037354,0.010490806173252973,76.86206682148143,885,**
Nao_Atendidos_Dummy0,1950,2000,PIB_Serviços,pibse (2000),pibse_2000,vizinhos_dens_real_1950,vizinhos_dens_sint_1950,4.995611024489328,1.9070932046214204,2.619489709461271,0.008960023397500318,76.86206682148143,885,***
Nao_Atendidos_Dummy0,1950,2001,PIB_Serviços,pibse (2001),pibse_2001,vizinhos_dens_real_1950,vizinhos_dens_sint_1950,4.866848303656286,1.9437529618079623,2.503840971194938,0.01246806705433363,76.86206682148143,885,**
Nao_Atendidos_Dummy0,1950,2002,PIB_Serviços,pibse (2002),pibse_2002,vizinhos_dens_real_1950,vizinhos_dens_sint_1950,6.710615696570027,2.1995744239524795,3.050870033536545,0.0023512702180672287,76.86206682148143,885,***
Nao_Atendidos_Dummy0,1950,2003,PIB_Serviços,pibse (2003),pibse_2003,vizinhos_dens_real_1950,vizinhos_dens_sint_1950,6.715733368283347,2.1614697363902278,3.1070216969583795,0.0019513917316302284,76.86206682148143,885,***
Nao_Atendidos_Dummy0,1950,2004,PIB_Serviços,pibse (2004),pibse_2004,vizinhos_dens_real_1950,vizinhos_dens_sint_1950,6.477805409853358,2.2007918547519085,2.9433975756801365,0.003332916631677701,76.86206682148143,885,***
Nao_Atendidos_Dummy0,1950,2005,PIB_Serviços,pibse (2005),pibse_2005,vizinhos_dens_real_1950,vizinhos_dens_sint_1950,6.513846288900154,2.1972255164692727,2.9645779370736918,0.0031140039437836066,76.86206682148143,885,***
Nao_Atendidos_Dummy0,1950,2006,PIB_Serviços,pibse (2006),pibse_2006,vizinhos_dens_real_1950,vizinhos_dens_sint_1950,6.184655427734645,2.1569792328548987,2.867276297115231,0.004240556663430444,76.86206682148143,885,***
Nao_Atendidos_Dummy0,1950,2007,PIB_Serviços,pibse (2007),pibse_2007,vizinhos_dens_real_1950,vizinhos_dens_sint_1950,5.937053337314644,2.150703185948738,2.7605172931827116,0.005892817028734237,76.86206682148143,885,***
Nao_Atendidos_Dummy0,1950,2008,PIB_Serviços,pibse (2008),pibse_2008,vizinhos_dens_real_1950,vizinhos_dens_sint_1950,5.8638550536402905,2.144497847357313,2.7343720866245587,0.006377405558480037,76.86206682148143,885,***
Nao_Atendidos_Dummy0,1950,2009,PIB_Serviços,pibse (2009),pibse_2009,vizinhos_dens_real_1950,vizinhos_dens_sint_1950,5.830298639620427,2.1391546279347313,2.7255152869661172,0.0065495321472292855,76.86206682148143,885,***
Nao_Atendidos_Dummy0,1950,2010,PIB_Serviços,pibse (2010),pibse_2010,vizinhos_dens_real_1950,vizinhos_dens_sint_1950,6.01797609462791,2.1902925244238087,2.7475672895386585,0.006128521714516583,76.86206682148143,885,***
Nao_Atendidos_Dummy0,1950,2011,PIB_Serviços,pibse (2011),pibse_2011,vizinhos_dens_real_1950,vizinhos_dens_sint_1950,6.29252049893194,2.2245454610302735,2.828676963076146,0.004781901587586675,76.86206682148143,885,***
Nao_Atendidos_Dummy0,1950,2012,PIB_Serviços,pibse (2012),pibse_2012,vizinhos_dens_real_1950,vizinhos_dens_sint_1950,6.096725538682699,2.222363359492014,2.7433522572457654,0.006207055034740163,76.86206682148143,885,***
Nao_Atendidos_Dummy0,1950,2013,PIB_Serviços,pibse (2013),pibse_2013,vizinhos_dens_real_1950,vizinhos_dens_sint_1950,6.299351043882712,2.2405121185161723,2.8115674946916127,0.0050413112996731246,76.86206682148143,885,***
Nao_Atendidos_Dummy0,1950,2014,PIB_Serviços,pibse (2014),pibse_2014,vizinhos_dens_real_1950,vizinhos_dens_sint_1950,6.111103133813068,2.2338580433974475,2.735672104087136,0.006352486622723288,76.86206682148143,885,***
Nao_Atendidos_Dummy0,1950,2015,PIB_Serviços,pibse (2015),pibse_2015,vizinhos_dens_real_1950,vizinhos_dens_sint_1950,6.270119695521849,2.2365752686135654,2.8034467623388526,0.005168840835251825,76.86206682148143,885,***
Nao_Atendidos_Dummy0,1950,2016,PIB_Serviços,pibse (2016),pibse_2016,vizinhos_dens_real_1950,vizinhos_dens_sint_1950,6.823868016160859,2.269828922970448,3.0063358287067268,0.002720421708919332,76.86206682148143,885,***
Nao_Atendidos_Dummy0,1950,2017,PIB_Serviços,pibse (2017),pibse_2017,vizinhos_dens_real_1950,vizinhos_dens_sint_1950,6.902799849446523,2.2779765914031764,3.030233003928531,0.002516212815596314,76.86206682148143,885,***
Nao_Atendidos_Dummy0,1950,2018,PIB_Serviços,pibse (2018),pibse_2018,vizinhos_dens_real_1950,vizinhos_dens_sint_1950,6.8875236061971385,2.2671632621873186,3.0379477830600425,0.002453349367494772,76.86206682148143,885,***
Nao_Atendidos_Dummy0,1950,2019,PIB_Serviços,pibse (2019),pibse_2019,vizinhos_dens_real_1950,vizinhos_dens_sint_1950,6.818604414044041,2.2670974806026924,3.0076361834389944,0.002708930809292658,76.86206682148143,885,***
Nao_Atendidos_Dummy0,1950,2020,PIB_Serviços,pibse (2020),pibse_2020,vizinhos_dens_real_1950,vizinhos_dens_sint_1950,6.545001514483781,2.2240631140528584,2.9428128514559,0.003339154555431586,76.86206682148143,885,***
Nao_Atendidos_Dummy0,1950,2021,PIB_Serviços,pibse (2021),pibse_2021,vizinhos_dens_real_1950,vizinhos_dens_sint_1950,6.635889423849027,2.2575221948224726,2.939457002490671,0.00337516167536146,76.86206682148143,885,***
Atendidos_Dummy1,1950,1959,PIB_Total,pib (1959),pib_1959,vizinhos_dens_real_1950,vizinhos_dens_sint_1950,0.1993685312467719,2.1000341471380617,0.09493585212339163,0.9244235738446334,22.144612665312223,347,
Atendidos_Dummy1,1950,1970,PIB_Total,pib (1970),pib_1970,vizinhos_dens_real_1950,vizinhos_dens_sint_1950,0.8941823879079964,2.3747131830518895,0.37654332080593744,0.7067557380220681,22.144612665312223,347,
Atendidos_Dummy1,1950,1975,PIB_Total,pib (1975),pib_1975,vizinhos_dens_real_1950,vizinhos_dens_sint_1950,0.20551770236188838,2.2958850506628603,0.08951567601459488,0.9287265641166547,22.144612665312223,347,
Atendidos_Dummy1,1950,1980,PIB_Total,pib (1980),pib_1980,vizinhos_dens_real_1950,vizinhos_dens_sint_1950,2.1552071905304064,2.5451248244135485,0.8467982276771091,0.3977231288814267,22.144612665312223,347,
Atendidos_Dummy1,1950,1985,PIB_Total,pib (1985),pib_1985,vizinhos_dens_real_1950,vizinhos_dens_sint_1950,0.7149148226355384,2.549470921499441,0.2804169353753875,0.7793338883551404,22.144612665312223,347,
Atendidos_Dummy1,1950,1996,PIB_Total,pib (1996),pib_1996,vizinhos_dens_real_1950,vizinhos_dens_sint_1950,4.3184595381043644,2.8487566118978527,1.5159103168267472,0.1305022130365833,22.144612665312223,347,
Atendidos_Dummy1,1950,1999,PIB_Total,pib (1999),pib_1999,vizinhos_dens_real_1950,vizinhos_dens_sint_1950,3.309807685117204,2.526427114603681,1.3100744786917833,0.19108459258055072,22.144612665312223,347,
Atendidos_Dummy1,1950,2000,PIB_Total,pib (2000),pib_2000,vizinhos_dens_real_1950,vizinhos_dens_sint_1950,2.969718978100305,2.5023013965865393,1.1867950767846684,0.2361647101595862,22.144612665312223,347,
Atendidos_Dummy1,1950,2001,PIB_Total,pib (2001),pib_2001,vizinhos_dens_real_1950,vizinhos_dens_sint_1950,3.624172365471799,2.5495348898611154,1.4215033416033087,0.15611768661549436,22.144612665312223,347,
Atendidos_Dummy1,1950,2002,PIB_Total,pib (2002),pib_2002,vizinhos_dens_real_1950,vizinhos_dens_sint_1950,3.7708753914606463,2.570639316628023,1.4669017808406533,0.14335799199051197,22.144612665312223,347,
Atendidos_Dummy1,1950,2003,PIB_Total,pib (2003),pib_2003,vizinhos_dens_real_1950,vizinhos_dens_sint_1950,4.624386102185812,2.6471125532698685,1.746954845752025,0.08157829692607435,22.144612665312223,347,*
Atendidos_Dummy1,1950,2004,PIB_Total,pib (2004),pib_2004,vizinhos_dens_real_1950,vizinhos_dens_sint_1950,4.875700420675583,2.676070722333216,1.8219624690727723,0.06936848686916289,22.144612665312223,347,*
Atendidos_Dummy1,1950,2005,PIB_Total,pib (2005),pib_2005,vizinhos_dens_real_1950,vizinhos_dens_sint_1950,4.62042930607827,2.670865825352962,1.7299368849678805,0.08457937485399925,22.144612665312223,347,*
Atendidos_Dummy1,1950,2006,PIB_Total,pib (2006),pib_2006,vizinhos_dens_real_1950,vizinhos_dens_sint_1950,4.93885199163728,2.7002701133604545,1.8290214624087873,0.0683014468319465,22.144612665312223,347,*
Atendidos_Dummy1,1950,2007,PIB_Total,pib (2007),pib_2007,vizinhos_dens_real_1950,vizinhos_dens_sint_1950,5.013338871970429,2.7091958852567886,1.8504896228628536,0.06513932494394518,22.144612665312223,347,*
Atendidos_Dummy1,1950,2008,PIB_Total,pib (2008),pib_2008,vizinhos_dens_real_1950,vizinhos_dens_sint_1950,4.945373882969274,2.7212686509512776,1.817304543320452,0.07008008379386872,22.144612665312223,347,*
Atendidos_Dummy1,1950,2009,PIB_Total,pib (2009),pib_2009,vizinhos_dens_real_1950,vizinhos_dens_sint_1950,4.848313013517352,2.730973844239327,1.775305546680466,0.07677187305377546,22.144612665312223,347,*
Atendidos_Dummy1,1950,2010,PIB_Total,pib (2010),pib_2010,vizinhos_dens_real_1950,vizinhos_dens_sint_1950,4.833765731494276,2.763971765216488,1.7488477242515073,0.08124992364535787,22.144612665312223,347,*
Atendidos_Dummy1,1950,2021,PIB_Total,pib (2021),pib_2021,vizinhos_dens_real_1950,vizinhos_dens_sint_1950,4.975551575075091,2.8474321214168348,1.7473819788895755,0.08150410425899521,22.144612665312223,347,*
Atendidos_Dummy1,1950,2023,PIB_Total,pib (2023),pib_2023,vizinhos_dens_real_1950,vizinhos_dens_sint_1950,4.929200870601835,2.8133448184947967,1.7520784648214822,0.08069195039345455,22.144612665312223,347,*
Geral,1950,1959,PIB_Total,pib (1959),pib_1959,vizinhos_dens_real_1950,vizinhos_dens_sint_1950,0.3746122124023028,0.6878761872515815,0.544592499849531,0.5861339135480215,179.3872237135314,1232,
Geral,1950,1970,PIB_Total,pib (1970),pib_1970,vizinhos_dens_real_1950,vizinhos_dens_sint_1950,2.07834189778311,0.7132002359450859,2.9141071371478566,0.003632683380421456,177.39036397771858,1232,***
Geral,1950,1975,PIB_Total,pib (1975),pib_1975,vizinhos_dens_real_1950,vizinhos_dens_sint_1950,0.9360636726239757,0.7084897424721563,1.3212099152737742,0.18668054408323562,179.3872237135314,1232,
Geral,1950,1980,PIB_Total,pib (1980),pib_1980,vizinhos_dens_real_1950,vizinhos_dens_sint_1950,1.9933215700355866,0.7513121103808781,2.65312051076226,0.008079643238104513,177.87225430410186,1232,***
Geral,1950,1985,PIB_Total,pib (1985),pib_1985,vizinhos_dens_real_1950,vizinhos_dens_sint_1950,2.0456902796187757,0.7959859237751716,2.5700081100888745,0.010288339528848346,178.75229751675016,1232,**
Geral,1950,1996,PIB_Total,pib (1996),pib_1996,vizinhos_dens_real_1950,vizinhos_dens_sint_1950,2.84765469332874,0.7764284264297636,3.6676332246399808,2.554106023393237e-4,179.3872237135314,1232,***
Geral,1950,1999,PIB_Total,pib (1999),pib_1999,vizinhos_dens_real_1950,vizinhos_dens_sint_1950,2.970807757090612,0.7422606150150638,4.002378271182179,6.651012215252673e-5,179.3872237135314,1232,***
Geral,1950,2000,PIB_Total,pib (2000),pib_2000,vizinhos_dens_real_1950,vizinhos_dens_sint_1950,2.957420336841934,0.7498062297480216,3.944246152550371,8.463644167053454e-5,179.3872237135314,1232,***
Geral,1950,2001,PIB_Total,pib (2001),pib_2001,vizinhos_dens_real_1950,vizinhos_dens_sint_1950,3.156546490181018,0.7553225322170759,4.179071000193388,3.136978036581407e-5,179.3872237135314,1232,***
Geral,1950,2002,PIB_Total,pib (2002),pib_2002,vizinhos_dens_real_1950,vizinhos_dens_sint_1950,3.258255910888167,0.7589635438278036,4.293033489402242,1.9029903389548728e-5,179.3872237135314,1232,***
Geral,1950,2003,PIB_Total,pib (2003),pib_2003,vizinhos_dens_real_1950,vizinhos_dens_sint_1950,3.608329148188246,0.769457341518449,4.6894466443942955,3.0497863705110047e-6,179.3872237135314,1232,***
Geral,1950,2004,PIB_Total,pib (2004),pib_2004,vizinhos_dens_real_1950,vizinhos_dens_sint_1950,3.604325433830465,0.7793647926536598,4.624696249824289,4.153388287706476e-6,179.3872237135314,1232,***
Geral,1950,2005,PIB_Total,pib (2005),pib_2005,vizinhos_dens_real_1950,vizinhos_dens_sint_1950,3.6301022115288246,0.7886230793351565,4.6030889871865766,4.600382307381578e-6,179.3872237135314,1232,***
Geral,1950,2006,PIB_Total,pib (2006),pib_2006,vizinhos_dens_real_1950,vizinhos_dens_sint_1950,3.8090928047463133,0.7944502919190698,4.794626981060186,1.8316912125430185e-6,179.3872237135314,1232,***
Geral,1950,2007,PIB_Total,pib (2007),pib_2007,vizinhos_dens_real_1950,vizinhos_dens_sint_1950,3.6324603515900824,0.7980203398247218,4.5518393082410915,5.8525624444635415e-6,179.3872237135314,1232,***
Geral,1950,2008,PIB_Total,pib (2008),pib_2008,vizinhos_dens_real_1950,vizinhos_dens_sint_1950,3.521663715437888,0.8070018073078469,4.363885785071704,1.3863779190989204e-5,179.3872237135314,1232,***
Geral,1950,2009,PIB_Total,pib (2009),pib_2009,vizinhos_dens_real_1950,vizinhos_dens_sint_1950,3.439375881036539,0.7962543641257779,4.319443680302704,1.6919815258902337e-5,179.3872237135314,1232,***
Geral,1950,2010,PIB_Total,pib (2010),pib_2010,vizinhos_dens_real_1950,vizinhos_dens_sint_1950,3.5135194032672974,0.8065942280896612,4.355993733786964,1.4364879767807607e-5,179.3872237135314,1232,***
Geral,1950,2021,PIB_Total,pib (2021),pib_2021,vizinhos_dens_real_1950,vizinhos_dens_sint_1950,3.898174413822488,0.8456423944247108,4.609719710746538,4.4585225470687176e-6,179.3872237135314,1232,***
Geral,1950,2023,PIB_Total,pib (2023),pib_2023,vizinhos_dens_real_1950,vizinhos_dens_sint_1950,3.7633944780630246,0.8363366772993038,4.4998558358289005,7.453036493116376e-6,179.3872237135314,1232,***
Nao_Atendidos_Dummy0,1950,1959,PIB_Total,pib (1959),pib_1959,vizinhos_dens_real_1950,vizinhos_dens_sint_1950,0.02399894685465931,1.650287562488669,0.014542281842364722,0.9884006924123481,76.86206682148143,885,
Nao_Atendidos_Dummy0,1950,1970,PIB_Total,pib (1970),pib_1970,vizinhos_dens_real_1950,vizinhos_dens_sint_1950,2.774985703051791,1.6175348655542676,1.7155646917699725,0.08660026128535273,75.60009502134172,885,*
Nao_Atendidos_Dummy0,1950,1975,PIB_Total,pib (1975),pib_1975,vizinhos_dens_real_1950,vizinhos_dens_sint_1950,-0.24779645076287227,1.5765322026188076,-0.15717817266989717,0.8751410253162424,76.86206682148143,885,
Nao_Atendidos_Dummy0,1950,1980,PIB_Total,pib (1980),pib_1980,vizinhos_dens_real_1950,vizinhos_dens_sint_1950,2.046994564902467,1.636985443928019,1.2504659540469785,0.21146832423253914,76.03164109667667,885,
Nao_Atendidos_Dummy0,1950,1985,PIB_Total,pib (1985),pib_1985,vizinhos_dens_real_1950,vizinhos_dens_sint_1950,2.920307321882615,1.72870610215226,1.6893023737504003,0.09152186713604545,76.48334488297508,885,*
Nao_Atendidos_Dummy0,1950,1996,PIB_Total,pib (1996),pib_1996,vizinhos_dens_real_1950,vizinhos_dens_sint_1950,2.9625794142472452,1.6204137956026397,1.828285726946337,0.06785014576421386,76.86206682148143,885,*
Nao_Atendidos_Dummy0,1950,1999,PIB_Total,pib (1999),pib_1999,vizinhos_dens_real_1950,vizinhos_dens_sint_1950,4.480624336492083,1.7026476125846852,2.6315629278628716,0.00865030095958717,76.86206682148143,885,***
Nao_Atendidos_Dummy0,1950,2000,PIB_Total,pib (2000),pib_2000,vizinhos_dens_real_1950,vizinhos_dens_sint_1950,4.663597870986935,1.743069738132963,2.6755084830869755,0.007602282765569358,76.86206682148143,885,***
Nao_Atendidos_Dummy0,1950,2001,PIB_Total,pib (2001),pib_2001,vizinhos_dens_real_1950,vizinhos_dens_sint_1950,4.938255655851213,1.8059438737589828,2.734445808425086,0.006375990094355817,76.86206682148143,885,***
Nao_Atendidos_Dummy0,1950,2002,PIB_Total,pib (2002),pib_2002,vizinhos_dens_real_1950,vizinhos_dens_sint_1950,5.260340034867332,1.8505177424020294,2.842631504866983,0.004579352372842601,76.86206682148143,885,***
Nao_Atendidos_Dummy0,1950,2003,PIB_Total,pib (2003),pib_2003,vizinhos_dens_real_1950,vizinhos_dens_sint_1950,5.64164988071935,1.8663436792717476,3.022835474182728,0.0025778740292827667,76.86206682148143,885,***
Nao_Atendidos_Dummy0,1950,2004,PIB_Total,pib (2004),pib_2004,vizinhos_dens_real_1950,vizinhos_dens_sint_1950,5.476845181789945,1.889228449282977,2.8989851300770875,0.0038381843402463833,76.86206682148143,885,***
Nao_Atendidos_Dummy0,1950,2005,PIB_Total,pib (2005),pib_2005,vizinhos_dens_real_1950,vizinhos_dens_sint_1950,5.510363116170045,1.9030011021495707,2.895617406603554,0.003879206377321234,76.86206682148143,885,***
Nao_Atendidos_Dummy0,1950,2006,PIB_Total,pib (2006),pib_2006,vizinhos_dens_real_1950,vizinhos_dens_sint_1950,5.8888660497039815,1.9456762572113209,3.026642293587072,0.0025459719527554064,76.86206682148143,885,***
Nao_Atendidos_Dummy0,1950,2007,PIB_Total,pib (2007),pib_2007,vizinhos_dens_real_1950,vizinhos_dens_sint_1950,5.384428931599266,1.933896501892827,2.784238415204322,0.005482192986003533,76.86206682148143,885,***
Nao_Atendidos_Dummy0,1950,2008,PIB_Total,pib (2008),pib_2008,vizinhos_dens_real_1950,vizinhos_dens_sint_1950,5.09079619748065,1.9319013331327102,2.6351222550406215,0.008560839057792233,76.86206682148143,885,***
Nao_Atendidos_Dummy0,1950,2009,PIB_Total,pib (2009),pib_2009,vizinhos_dens_real_1950,vizinhos_dens_sint_1950,4.918252575982211,1.8697635885045456,2.630414136963634,0.008679353408775426,76.86206682148143,885,***
Nao_Atendidos_Dummy0,1950,2010,PIB_Total,pib (2010),pib_2010,vizinhos_dens_real_1950,vizinhos_dens_sint_1950,5.190197681053565,1.9033002664949323,2.726946332336566,0.0065214401690050295,76.86206682148143,885,***
Nao_Atendidos_Dummy0,1950,2021,PIB_Total,pib (2021),pib_2021,vizinhos_dens_real_1950,vizinhos_dens_sint_1950,6.481790898002796,2.1132894359516445,3.0671571947190244,0.0022281621424093292,76.86206682148143,885,***
Nao_Atendidos_Dummy0,1950,2023,PIB_Total,pib (2023),pib_2023,vizinhos_dens_real_1950,vizinhos_dens_sint_1950,6.102344173078707,2.0840084391074654,2.92817632528024,0.0034988109693427833,76.86206682148143,885,***
Atendidos_Dummy1,1950,1950,População_Total,pop_total (1950),pop_total_1950,vizinhos_dens_real_1950,vizinhos_dens_sint_1950,0.7780827777024266,0.9726566919946911,0.7999562272139012,0.4243133750843675,22.144612665312223,347,
Atendidos_Dummy1,1950,1960,População_Total,pop_total (1960),pop_total_1960,vizinhos_dens_real_1950,vizinhos_dens_sint_1950,1.0038533790709823,1.3344728259177365,0.7522471492670655,0.45244029131679586,22.144612665312223,347,
Atendidos_Dummy1,1950,1970,População_Total,pop_total (1970),pop_total_1970,vizinhos_dens_real_1950,vizinhos_dens_sint_1950,0.021876776339069953,1.742886556770181,0.012552036880478762,0.9899927944824511,22.144612665312223,347,
Atendidos_Dummy1,1950,1980,População_Total,pop_total (1980),pop_total_1980,vizinhos_dens_real_1950,vizinhos_dens_sint_1950,0.19358830831180376,1.8086632481242408,0.10703391497149821,0.9148273116458996,22.144612665312223,347,
Atendidos_Dummy1,1950,1991,População_Total,pop_total (1991),pop_total_1991,vizinhos_dens_real_1950,vizinhos_dens_sint_1950,1.9714543841691614,1.7585715934394175,1.1210543781805251,0.26308232108291163,22.144612665312223,347,
Atendidos_Dummy1,1950,1996,População_Total,pop_total (1996),pop_total_1996,vizinhos_dens_real_1950,vizinhos_dens_sint_1950,2.10712963174683,1.7907293613668438,1.1766879335347924,0.24017072251468077,22.144612665312223,347,
Atendidos_Dummy1,1950,2000,População_Total,pop_total (2000),pop_total_2000,vizinhos_dens_real_1950,vizinhos_dens_sint_1950,2.4885249913097782,1.8666967291897314,1.3331169184562512,0.18341580847983543,22.144612665312223,347,
Atendidos_Dummy1,1950,2007,População_Total,pop_total (2007),pop_total_2007,vizinhos_dens_real_1950,vizinhos_dens_sint_1950,1.5493537337803909,1.6680574792556773,0.9288371372380677,0.35365445434837006,22.144612665312223,347,
Atendidos_Dummy1,1950,2010,População_Total,pop_total (2010),pop_total_2010,vizinhos_dens_real_1950,vizinhos_dens_sint_1950,1.9460732529208795,2.056428006039611,0.9463366804990858,0.34467140454936496,22.144612665312223,347,
Atendidos_Dummy1,1950,2022,População_Total,pop_total (2022),pop_total_2022,vizinhos_dens_real_1950,vizinhos_dens_sint_1950,2.497206829340412,2.1435634019603285,1.164979224340493,0.244871383963249,22.144612665312223,347,
Geral,1950,1950,População_Total,pop_total (1950),pop_total_1950,vizinhos_dens_real_1950,vizinhos_dens_sint_1950,0.9764845807874324,0.32386578798622456,3.015090253463162,0.002622435967209529,179.3872237135314,1232,***
Geral,1950,1960,População_Total,pop_total (1960),pop_total_1960,vizinhos_dens_real_1950,vizinhos_dens_sint_1950,0.7497830403040273,0.4269760648303853,1.756030611696878,0.07933553287502512,179.3872237135314,1232,*
Geral,1950,1970,População_Total,pop_total (1970),pop_total_1970,vizinhos_dens_real_1950,vizinhos_dens_sint_1950,1.1067744274486522,0.5287326745201648,2.0932589960570747,0.03653331272306624,179.3872237135314,1232,**
Geral,1950,1980,População_Total,pop_total (1980),pop_total_1980,vizinhos_dens_real_1950,vizinhos_dens_sint_1950,1.0839828479330622,0.5479395698146315,1.9782890443553376,0.04812206713643588,179.3872237135314,1232,**
Geral,1950,1991,População_Total,pop_total (1991),pop_total_1991,vizinhos_dens_real_1950,vizinhos_dens_sint_1950,1.846261259045165,0.5654041469181673,3.2653832999077386,0.0011237041583213904,179.3872237135314,1232,***
Geral,1950,1996,População_Total,pop_total (1996),pop_total_1996,vizinhos_dens_real_1950,vizinhos_dens_sint_1950,2.030061860753192,0.577344357476296,3.5162062891322887,4.5391628001641826e-4,179.3872237135314,1232,***
Geral,1950,2000,População_Total,pop_total (2000),pop_total_2000,vizinhos_dens_real_1950,vizinhos_dens_sint_1950,2.2277892706660385,0.5980078621626984,3.7253511393800536,2.0401186573329021e-4,179.3872237135314,1232,***
Geral,1950,2007,População_Total,pop_total (2007),pop_total_2007,vizinhos_dens_real_1950,vizinhos_dens_sint_1950,2.138106713006908,0.5685159530326449,3.760856140626427,1.774069605577249e-4,179.3872237135314,1232,***
Geral,1950,2010,População_Total,pop_total (2010),pop_total_2010,vizinhos_dens_real_1950,vizinhos_dens_sint_1950,2.458075353142438,0.6276306877142093,3.9164358933668315,9.487609744284788e-5,179.3872237135314,1232,***
Geral,1950,2022,População_Total,pop_total (2022),pop_total_2022,vizinhos_dens_real_1950,vizinhos_dens_sint_1950,2.7431985074713277,0.6556762211135619,4.18377000589169,3.073708409661401e-5,179.3872237135314,1232,***
Nao_Atendidos_Dummy0,1950,1950,População_Total,pop_total (1950),pop_total_1950,vizinhos_dens_real_1950,vizinhos_dens_sint_1950,2.336542224613606,0.7532544279647944,3.1019296241333367,0.001984891709108216,76.86206682148143,885,***
Nao_Atendidos_Dummy0,1950,1960,População_Total,pop_total (1960),pop_total_1960,vizinhos_dens_real_1950,vizinhos_dens_sint_1950,1.2453299686340031,1.0288848078090935,1.2103687013182824,0.22646731441195864,76.86206682148143,885,
Nao_Atendidos_Dummy0,1950,1970,População_Total,pop_total (1970),pop_total_1970,vizinhos_dens_real_1950,vizinhos_dens_sint_1950,1.3505238514916107,1.1903600687639624,1.1345507018678458,0.2568771950173369,76.86206682148143,885,
Nao_Atendidos_Dummy0,1950,1980,População_Total,pop_total (1980),pop_total_1980,vizinhos_dens_real_1950,vizinhos_dens_sint_1950,1.2247671470771093,1.206434487055981,1.0151957360451993,0.3102957479880179,76.86206682148143,885,
Nao_Atendidos_Dummy0,1950,1991,População_Total,pop_total (1991),pop_total_1991,vizinhos_dens_real_1950,vizinhos_dens_sint_1950,2.714813282177321,1.3212100252621877,2.054793129229079,0.040198184185816145,76.86206682148143,885,**
Nao_Atendidos_Dummy0,1950,1996,População_Total,pop_total (1996),pop_total_1996,vizinhos_dens_real_1950,vizinhos_dens_sint_1950,3.188826411879724,1.3713085361305475,2.3253894567576365,0.020281081654999148,76.86206682148143,885,**
Nao_Atendidos_Dummy0,1950,2000,População_Total,pop_total (2000),pop_total_2000,vizinhos_dens_real_1950,vizinhos_dens_sint_1950,3.4799033023995047,1.4106701067719087,2.4668441513676806,0.013823310203291072,76.86206682148143,885,**
Nao_Atendidos_Dummy0,1950,2007,População_Total,pop_total (2007),pop_total_2007,vizinhos_dens_real_1950,vizinhos_dens_sint_1950,4.103137176586063,1.4687980583993354,2.7935339055782618,0.005328468679834707,76.86206682148143,885,***
Nao_Atendidos_Dummy0,1950,2010,População_Total,pop_total (2010),pop_total_2010,vizinhos_dens_real_1950,vizinhos_dens_sint_1950,4.258292774618635,1.5019556920562307,2.835165376142941,0.004686733430576332,76.86206682148143,885,***
Nao_Atendidos_Dummy0,1950,2022,População_Total,pop_total (2022),pop_total_2022,vizinhos_dens_real_1950,vizinhos_dens_sint_1950,4.898794438354236,1.6254094751486508,3.0138832788003898,0.0026543437439081846,76.86206682148143,885,***
Atendidos_Dummy1,1950,1950,População_Urbana,pop_urbana (1950),pop_urbana_1950,vizinhos_dens_real_1950,vizinhos_dens_sint_1950,2.477616296731937,1.4486588317645563,1.7102828094548987,0.0881563303146408,22.144612665312223,347,*
Atendidos_Dummy1,1950,1960,População_Urbana,pop_urbana (1960),pop_urbana_1960,vizinhos_dens_real_1950,vizinhos_dens_sint_1950,0.8481016690746406,1.340348556465632,0.6327471052089628,0.5273383292438387,22.144612665312223,347,
Atendidos_Dummy1,1950,1970,População_Urbana,pop_urbana (1970),pop_urbana_1970,vizinhos_dens_real_1950,vizinhos_dens_sint_1950,0.8480550530952448,2.2249429475054296,0.38115811196240806,0.7033319475600396,22.144612665312223,347,
Atendidos_Dummy1,1950,1980,População_Urbana,pop_urbana (1980),pop_urbana_1980,vizinhos_dens_real_1950,vizinhos_dens_sint_1950,2.0621088821056257,2.230727106492712,0.9244110927346024,0.35594982621831794,22.144612665312223,347,
Atendidos_Dummy1,1950,1991,População_Urbana,pop_urbana (1991),pop_urbana_1991,vizinhos_dens_real_1950,vizinhos_dens_sint_1950,2.591140487524188,2.3263951036263513,1.1138006968314003,0.2661777423033467,22.144612665312223,347,
Atendidos_Dummy1,1950,1996,População_Urbana,pop_urbana (1996),pop_urbana_1996,vizinhos_dens_real_1950,vizinhos_dens_sint_1950,2.626093554479458,2.3268486515276905,1.1286052286878643,0.25988669591691055,22.144612665312223,347,
Atendidos_Dummy1,1950,2000,População_Urbana,pop_urbana (2000),pop_urbana_2000,vizinhos_dens_real_1950,vizinhos_dens_sint_1950,3.111852034113636,2.3529199304493194,1.3225490565330837,0.18690399170436872,22.144612665312223,347,
Atendidos_Dummy1,1950,2007,População_Urbana,pop_urbana (2007),pop_urbana_2007,vizinhos_dens_real_1950,vizinhos_dens_sint_1950,2.0061310966255492,2.1790470524610583,0.9206460660680941,0.3579098014581322,22.144612665312223,347,
Atendidos_Dummy1,1950,2010,População_Urbana,pop_urbana (2010),pop_urbana_2010,vizinhos_dens_real_1950,vizinhos_dens_sint_1950,3.1675800357653463,2.3641112090901912,1.3398608422420042,0.18121527605771603,22.144612665312223,347,
Atendidos_Dummy1,1950,2022,População_Urbana,pop_urbana (2022),pop_urbana_2022,vizinhos_dens_real_1950,vizinhos_dens_sint_1950,3.4904557238782568,2.41024162275527,1.4481766852437552,0.14851995063265644,22.144612665312223,347,
Geral,1950,1950,População_Urbana,pop_urbana (1950),pop_urbana_1950,vizinhos_dens_real_1950,vizinhos_dens_sint_1950,1.8970124465485338,0.43553060555951034,4.355635223640623,1.4388048926745884e-5,179.3872237135314,1232,***
Geral,1950,1960,População_Urbana,pop_urbana (1960),pop_urbana_1960,vizinhos_dens_real_1950,vizinhos_dens_sint_1950,0.7300562318560136,0.4364995177779149,1.6725247156572036,0.09467877537088204,179.3872237135314,1232,*
Geral,1950,1970,População_Urbana,pop_urbana (1970),pop_urbana_1970,vizinhos_dens_real_1950,vizinhos_dens_sint_1950,1.7003864551496632,0.6826934413683664,2.4907027841683513,0.012882009812541988,179.3872237135314,1232,**
Geral,1950,1980,População_Urbana,pop_urbana (1980),pop_urbana_1980,vizinhos_dens_real_1950,vizinhos_dens_sint_1950,2.0804905041475266,0.6981936260798494,2.97981881591911,0.002941610903144181,179.3872237135314,1232,***
Geral,1950,1991,População_Urbana,pop_urbana (1991),pop_urbana_1991,vizinhos_dens_real_1950,vizinhos_dens_sint_1950,2.1713494538184506,0.7193306974279271,3.0185691526615375,0.0025927374680448393,179.3872237135314,1232,***
Geral,1950,1996,População_Urbana,pop_urbana (1996),pop_urbana_1996,vizinhos_dens_real_1950,vizinhos_dens_sint_1950,2.1995050604041984,0.718830160569696,3.0598396965717467,0.002263162264118927,179.3872237135314,1232,***
Geral,1950,2000,População_Urbana,pop_urbana (2000),pop_urbana_2000,vizinhos_dens_real_1950,vizinhos_dens_sint_1950,2.419371682860013,0.7071439145949964,3.421328576723542,6.439008703675495e-4,179.3872237135314,1232,***
Geral,1950,2007,População_Urbana,pop_urbana (2007),pop_urbana_2007,vizinhos_dens_real_1950,vizinhos_dens_sint_1950,2.193871551619533,0.6674209852959466,3.2870880597899244,0.0010412849291163346,179.3872237135314,1232,***
Geral,1950,2010,População_Urbana,pop_urbana (2010),pop_urbana_2010,vizinhos_dens_real_1950,vizinhos_dens_sint_1950,2.676084775049238,0.7090272127940364,3.7743047470684425,1.682107807396528e-4,179.3872237135314,1232,***
Geral,1950,2022,População_Urbana,pop_urbana (2022),pop_urbana_2022,vizinhos_dens_real_1950,vizinhos_dens_sint_1950,2.98133501747032,0.738011460650944,4.039686612509662,5.688604497948729e-5,179.3872237135314,1232,***
Nao_Atendidos_Dummy0,1950,1950,População_Urbana,pop_urbana (1950),pop_urbana_1950,vizinhos_dens_real_1950,vizinhos_dens_sint_1950,3.5083979252001116,1.0971952054387992,3.1976059572708437,0.0014359784426946607,76.86206682148143,885,***
Nao_Atendidos_Dummy0,1950,1960,População_Urbana,pop_urbana (1960),pop_urbana_1960,vizinhos_dens_real_1950,vizinhos_dens_sint_1950,1.3476523404779324,1.0649934607491514,1.265409028455395,0.20606470443068758,76.86206682148143,885,
Nao_Atendidos_Dummy0,1950,1970,População_Urbana,pop_urbana (1970),pop_urbana_1970,vizinhos_dens_real_1950,vizinhos_dens_sint_1950,1.6805460688662681,1.578056836510785,1.0649464772017307,0.28719663869163464,76.86206682148143,885,
Nao_Atendidos_Dummy0,1950,1980,População_Urbana,pop_urbana (1980),pop_urbana_1980,vizinhos_dens_real_1950,vizinhos_dens_sint_1950,1.943374657623773,1.6239134840750373,1.1967230253837673,0.23174166122070236,76.86206682148143,885,
Nao_Atendidos_Dummy0,1950,1991,População_Urbana,pop_urbana (1991),pop_urbana_1991,vizinhos_dens_real_1950,vizinhos_dens_sint_1950,2.2030413924086325,1.6575870159368884,1.3290653047034438,0.1841760672713732,76.86206682148143,885,
Nao_Atendidos_Dummy0,1950,1996,População_Urbana,pop_urbana (1996),pop_urbana_1996,vizinhos_dens_real_1950,vizinhos_dens_sint_1950,2.3909346718572237,1.656880892269606,1.4430335234188778,0.1493722132720636,76.86206682148143,885,
Nao_Atendidos_Dummy0,1950,2000,População_Urbana,pop_urbana (2000),pop_urbana_2000,vizinhos_dens_real_1950,vizinhos_dens_sint_1950,2.979646689914859,1.614023491206735,1.8460987130287099,0.06521858926304785,76.86206682148143,885,*
Nao_Atendidos_Dummy0,1950,2007,População_Urbana,pop_urbana (2007),pop_urbana_2007,vizinhos_dens_real_1950,vizinhos_dens_sint_1950,3.2585587950542414,1.615996047465453,2.0164398298900563,0.04406192821336648,76.86206682148143,885,**
Nao_Atendidos_Dummy0,1950,2010,População_Urbana,pop_urbana (2010),pop_urbana_2010,vizinhos_dens_real_1950,vizinhos_dens_sint_1950,3.8264785536396992,1.656759688929782,2.309615920285634,0.021143586236509183,76.86206682148143,885,**
Nao_Atendidos_Dummy0,1950,2022,População_Urbana,pop_urbana (2022),pop_urbana_2022,vizinhos_dens_real_1950,vizinhos_dens_sint_1950,4.526198626115705,1.7867132718249026,2.5332540466847058,0.011476124369175654,76.86206682148143,885,**
Atendidos_Dummy1,1950,1950,Urbanização,tx_urbanizacao (1950),tx_urbanizacao_1950,vizinhos_dens_real_1950,vizinhos_dens_sint_1950,0.36745355190653967,0.24150984193767164,1.5214847931595736,0.1290987283265659,22.144612665312223,347,
Atendidos_Dummy1,1950,1960,Urbanização,tx_urbanizacao (1960),tx_urbanizacao_1960,vizinhos_dens_real_1950,vizinhos_dens_sint_1950,-0.028467400478121806,0.031152435901267848,-0.9138097761710902,0.3614859989705571,22.144612665312223,347,
Atendidos_Dummy1,1950,1970,Urbanização,tx_urbanizacao (1970),tx_urbanizacao_1970,vizinhos_dens_real_1950,vizinhos_dens_sint_1950,0.34031357042764054,0.3552922423162484,0.9578412638819307,0.338846138863933,22.144612665312223,347,
Atendidos_Dummy1,1950,1980,Urbanização,tx_urbanizacao (1980),tx_urbanizacao_1980,vizinhos_dens_real_1950,vizinhos_dens_sint_1950,0.8399090362897841,0.38111430044032574,2.2038245096533595,0.02822896733398478,22.144612665312223,347,**
Atendidos_Dummy1,1950,1991,Urbanização,tx_urbanizacao (1991),tx_urbanizacao_1991,vizinhos_dens_real_1950,vizinhos_dens_sint_1950,0.9341960117781435,0.38925145887338425,2.3999807591781406,0.016951294994707336,22.144612665312223,347,**
Atendidos_Dummy1,1950,1996,Urbanização,tx_urbanizacao (1996),tx_urbanizacao_1996,vizinhos_dens_real_1950,vizinhos_dens_sint_1950,0.8622877298163666,0.3848692195557073,2.2404694530048177,0.025727523764871522,22.144612665312223,347,**
Atendidos_Dummy1,1950,2000,Urbanização,tx_urbanizacao (2000),tx_urbanizacao_2000,vizinhos_dens_real_1950,vizinhos_dens_sint_1950,1.0010952904574688,0.3931512373021752,2.54633635983709,0.011341356156803751,22.144612665312223,347,**
Atendidos_Dummy1,1950,2007,Urbanização,tx_urbanizacao (2007),tx_urbanizacao_2007,vizinhos_dens_real_1950,vizinhos_dens_sint_1950,0.7794445108835593,0.3554940082160509,2.1925672243956726,0.0290385243266882,22.144612665312223,347,**
Atendidos_Dummy1,1950,2010,Urbanização,tx_urbanizacao (2010),tx_urbanizacao_2010,vizinhos_dens_real_1950,vizinhos_dens_sint_1950,0.7583749303458871,0.3640432173864194,2.0832002743808795,0.03800472542534354,22.144612665312223,347,**
Atendidos_Dummy1,1950,2022,Urbanização,tx_urbanizacao (2022),tx_urbanizacao_2022,vizinhos_dens_real_1950,vizinhos_dens_sint_1950,0.6169910235410613,0.3188538967287113,1.935027389883249,0.05384378615651752,22.144612665312223,347,*
Geral,1950,1950,Urbanização,tx_urbanizacao (1950),tx_urbanizacao_1950,vizinhos_dens_real_1950,vizinhos_dens_sint_1950,0.251896569006653,0.06717211889797252,3.750016720319003,1.8516134160076177e-4,179.3872237135314,1232,***
Geral,1950,1960,Urbanização,tx_urbanizacao (1960),tx_urbanizacao_1960,vizinhos_dens_real_1950,vizinhos_dens_sint_1950,0.013229734308837685,0.014715329717880223,0.8990443681844634,0.36880745830120576,179.3872237135314,1232,
Geral,1950,1970,Urbanização,tx_urbanizacao (1970),tx_urbanizacao_1970,vizinhos_dens_real_1950,vizinhos_dens_sint_1950,0.2784783402216964,0.11431895560822333,2.435976944856418,0.014994808020560683,179.3872237135314,1232,**
Geral,1950,1980,Urbanização,tx_urbanizacao (1980),tx_urbanizacao_1980,vizinhos_dens_real_1950,vizinhos_dens_sint_1950,0.45657102517195897,0.12196074298818617,3.743590060091591,1.8990838136836747e-4,179.3872237135314,1232,***
Geral,1950,1991,Urbanização,tx_urbanizacao (1991),tx_urbanizacao_1991,vizinhos_dens_real_1950,vizinhos_dens_sint_1950,0.3558251968149332,0.13015841051467178,2.733785664775183,0.006352158780809723,179.3872237135314,1232,***
Geral,1950,1996,Urbanização,tx_urbanizacao (1996),tx_urbanizacao_1996,vizinhos_dens_real_1950,vizinhos_dens_sint_1950,0.2668204647025785,0.13010038447368388,2.0508814465229324,0.04049295158411446,179.3872237135314,1232,**
Geral,1950,2000,Urbanização,tx_urbanizacao (2000),tx_urbanizacao_2000,vizinhos_dens_real_1950,vizinhos_dens_sint_1950,0.2547402996071997,0.12607688783613055,2.020515448781544,0.043549353511496566,179.3872237135314,1232,**
Geral,1950,2007,Urbanização,tx_urbanizacao (2007),tx_urbanizacao_2007,vizinhos_dens_real_1950,vizinhos_dens_sint_1950,0.12322638229999594,0.12460634925546042,0.9889253881225959,0.3228968676032121,179.3872237135314,1232,
Geral,1950,2010,Urbanização,tx_urbanizacao (2010),tx_urbanizacao_2010,vizinhos_dens_real_1950,vizinhos_dens_sint_1950,0.1619950274026264,0.12443193207557844,1.301876654171315,0.1932057243964006,179.3872237135314,1232,
Geral,1950,2022,Urbanização,tx_urbanizacao (2022),tx_urbanizacao_2022,vizinhos_dens_real_1950,vizinhos_dens_sint_1950,0.15327584199974859,0.12076867476916185,1.269168865955689,0.20462430784831023,179.3872237135314,1232,
Nao_Atendidos_Dummy0,1950,1950,Urbanização,tx_urbanizacao (1950),tx_urbanizacao_1950,vizinhos_dens_real_1950,vizinhos_dens_sint_1950,0.35522209070944405,0.14767021813981024,2.405509351744366,0.016358464518998413,76.86206682148143,885,**
Nao_Atendidos_Dummy0,1950,1960,Urbanização,tx_urbanizacao (1960),tx_urbanizacao_1960,vizinhos_dens_real_1950,vizinhos_dens_sint_1950,0.06229512754167618,0.04242645621157781,1.4683085297300034,0.14238313190670024,76.86206682148143,885,
Nao_Atendidos_Dummy0,1950,1970,Urbanização,tx_urbanizacao (1970),tx_urbanizacao_1970,vizinhos_dens_real_1950,vizinhos_dens_sint_1950,0.3052145868769614,0.2694621590646961,1.1326806997181424,0.2576615079447153,76.86206682148143,885,
Nao_Atendidos_Dummy0,1950,1980,Urbanização,tx_urbanizacao (1980),tx_urbanizacao_1980,vizinhos_dens_real_1950,vizinhos_dens_sint_1950,0.45026061943230966,0.30233060230668135,1.4892988536290133,0.13677234722302634,76.86206682148143,885,
Nao_Atendidos_Dummy0,1950,1991,Urbanização,tx_urbanizacao (1991),tx_urbanizacao_1991,vizinhos_dens_real_1950,vizinhos_dens_sint_1950,0.14398477196081721,0.31569296445528294,0.45609116506368097,0.64843864277607,76.86206682148143,885,
Nao_Atendidos_Dummy0,1950,1996,Urbanização,tx_urbanizacao (1996),tx_urbanizacao_1996,vizinhos_dens_real_1950,vizinhos_dens_sint_1950,-0.02948741563158197,0.3140966095360776,-0.09388008254891718,0.9252261062157886,76.86206682148143,885,
Nao_Atendidos_Dummy0,1950,2000,Urbanização,tx_urbanizacao (2000),tx_urbanizacao_2000,vizinhos_dens_real_1950,vizinhos_dens_sint_1950,-0.10872239025759187,0.30038841232175845,-0.36193936183242253,0.7174855396223755,76.86206682148143,885,
Nao_Atendidos_Dummy0,1950,2007,Urbanização,tx_urbanizacao (2007),tx_urbanizacao_2007,vizinhos_dens_real_1950,vizinhos_dens_sint_1950,-0.3216930121437979,0.31416768270201356,-1.0239532257966906,0.3061429767249047,76.86206682148143,885,
Nao_Atendidos_Dummy0,1950,2010,Urbanização,tx_urbanizacao (2010),tx_urbanizacao_2010,vizinhos_dens_real_1950,vizinhos_dens_sint_1950,-0.15922362238015536,0.3102602232596044,-0.5131937981199994,0.6079465024748639,76.86206682148143,885,
Nao_Atendidos_Dummy0,1950,2022,Urbanização,tx_urbanizacao (2022),tx_urbanizacao_2022,vizinhos_dens_real_1950,vizinhos_dens_sint_1950,-0.10760011622243593,0.3158582775215676,-0.34065947888634557,0.7334424740594083,76.86206682148143,885,
