grupo,ano_tratamento,ano_outcome,escopo,outcome_var,outcome_coluna,variavel_endogena,variavel_instrumento,coeficiente,erro_padrao,t_estatistica,p_valor,F_stat_1estagio,n_observacoes,significancia
Nao_Semiarido,1950,1991,IDH_Educação,adh_idhm_e (1991),adh_idhm_e_1991,densidade_buffer_real_1950,densidade_buffer_sintetica_1950,0.0430967726719677,0.05694205923228286,0.7568530757934782,0.44969477006090286,20.692662961500933,339,
Nao_Semiarido,1950,2000,IDH_Educação,adh_idhm_e (2000),adh_idhm_e_2000,densidade_buffer_real_1950,densidade_buffer_sintetica_1950,0.050484416809705515,0.07239435089981011,0.6973529865551696,0.486088245638302,20.692662961500933,339,
Nao_Semiarido,1950,2010,IDH_Educação,adh_idhm_e (2010),adh_idhm_e_2010,densidade_buffer_real_1950,densidade_buffer_sintetica_1950,0.04926379745205993,0.06021379866024336,0.8181479751847436,0.4138814928821818,20.692662961500933,339,
Nordeste,1950,1991,IDH_Educação,adh_idhm_e (1991),adh_idhm_e_1991,densidade_buffer_real_1950,densidade_buffer_sintetica_1950,0.07292993098982826,0.0440663676379924,1.6550021002173723,0.09818275820161419,38.61768059769291,1232,*
Nordeste,1950,2000,IDH_Educação,adh_idhm_e (2000),adh_idhm_e_2000,densidade_buffer_real_1950,densidade_buffer_sintetica_1950,0.09492237439603553,0.05641059450390723,1.6827047335844123,0.09268961471220873,38.61768059769291,1232,*
Nordeste,1950,2010,IDH_Educação,adh_idhm_e (2010),adh_idhm_e_2010,densidade_buffer_real_1950,densidade_buffer_sintetica_1950,0.06093355373126444,0.045518236216882856,1.3386624525812358,0.18093141813727634,38.61768059769291,1232,
Semiarido,1950,1991,IDH_Educação,adh_idhm_e (1991),adh_idhm_e_1991,densidade_buffer_real_1950,densidade_buffer_sintetica_1950,0.10998431706524466,0.07436101450681151,1.479058856239381,0.13948407682548436,15.854796691165589,893,
Semiarido,1950,2000,IDH_Educação,adh_idhm_e (2000),adh_idhm_e_2000,densidade_buffer_real_1950,densidade_buffer_sintetica_1950,0.15894360496973986,0.09463859181707414,1.6794798180953512,0.09341515264449922,15.854796691165589,893,*
Semiarido,1950,2010,IDH_Educação,adh_idhm_e (2010),adh_idhm_e_2010,densidade_buffer_real_1950,densidade_buffer_sintetica_1950,0.08525086690537911,0.07371376623281198,1.1565121586126699,0.24778701894524927,15.854796691165589,893,
Nao_Semiarido,1950,1991,IDH_Geral,adh_idhm (1991),adh_idhm_1991,densidade_buffer_real_1950,densidade_buffer_sintetica_1950,0.036765599214479805,0.058239922407792744,0.6312783000816707,0.5283092253475591,20.692662961500933,339,
Nao_Semiarido,1950,2000,IDH_Geral,adh_idhm (2000),adh_idhm_2000,densidade_buffer_real_1950,densidade_buffer_sintetica_1950,0.026455074851174144,0.05749810638060573,0.46010341064201576,0.6457544648547368,20.692662961500933,339,
Nao_Semiarido,1950,2010,IDH_Geral,adh_idhm (2010),adh_idhm_2010,densidade_buffer_real_1950,densidade_buffer_sintetica_1950,0.012910570929117324,0.043773596273915145,0.29493969031762607,0.7682312082521852,20.692662961500933,339,
Nordeste,1950,1991,IDH_Geral,adh_idhm (1991),adh_idhm_1991,densidade_buffer_real_1950,densidade_buffer_sintetica_1950,0.1046788363493254,0.04833404898798101,2.1657369606124943,0.030525647891202125,38.61768059769291,1232,**
Nordeste,1950,2000,IDH_Geral,adh_idhm (2000),adh_idhm_2000,densidade_buffer_real_1950,densidade_buffer_sintetica_1950,0.10404894254187122,0.047022389203853564,2.212753207643142,0.027100322546182536,38.61768059769291,1232,**
Nordeste,1950,2010,IDH_Geral,adh_idhm (2010),adh_idhm_2010,densidade_buffer_real_1950,densidade_buffer_sintetica_1950,0.04999070371485832,0.03215084629324677,1.5548798703118052,0.12023553666889983,38.61768059769291,1232,
Semiarido,1950,1991,IDH_Geral,adh_idhm (1991),adh_idhm_1991,densidade_buffer_real_1950,densidade_buffer_sintetica_1950,0.19224829444047956,0.08784061585049666,2.18860367244787,0.02888904519705601,15.854796691165589,893,**
Semiarido,1950,2000,IDH_Geral,adh_idhm (2000),adh_idhm_2000,densidade_buffer_real_1950,densidade_buffer_sintetica_1950,0.21534418323419557,0.08730422665913637,2.4665951635419456,0.013830874154872306,15.854796691165589,893,**
Semiarido,1950,2010,IDH_Geral,adh_idhm (2010),adh_idhm_2010,densidade_buffer_real_1950,densidade_buffer_sintetica_1950,0.1195996730193342,0.055590624138319285,2.1514360537084296,0.03171460159631999,15.854796691165589,893,**
Nao_Semiarido,1950,1991,IDH_Longevidade,adh_idhm_l (1991),adh_idhm_l_1991,densidade_buffer_real_1950,densidade_buffer_sintetica_1950,0.013989780874417553,0.05046485683007221,0.27721828125906794,0.7817914972922583,20.692662961500933,339,
Nao_Semiarido,1950,2000,IDH_Longevidade,adh_idhm_l (2000),adh_idhm_l_2000,densidade_buffer_real_1950,densidade_buffer_sintetica_1950,0.02897424188590335,0.040166519028951346,0.7213530718213148,0.47121901427403823,20.692662961500933,339,
Nao_Semiarido,1950,2010,IDH_Longevidade,adh_idhm_l (2010),adh_idhm_l_2010,densidade_buffer_real_1950,densidade_buffer_sintetica_1950,0.011109398938523474,0.03339873720082448,0.3326293108545801,0.7396319129935449,20.692662961500933,339,
Nordeste,1950,1991,IDH_Longevidade,adh_idhm_l (1991),adh_idhm_l_1991,densidade_buffer_real_1950,densidade_buffer_sintetica_1950,0.03995895794494693,0.045007112296010385,0.887836519751325,0.3748047033827494,38.61768059769291,1232,
Nordeste,1950,2000,IDH_Longevidade,adh_idhm_l (2000),adh_idhm_l_2000,densidade_buffer_real_1950,densidade_buffer_sintetica_1950,0.05532058531412687,0.03753993341382186,1.4736463356048024,0.140836289736102,38.61768059769291,1232,
Nordeste,1950,2010,IDH_Longevidade,adh_idhm_l (2010),adh_idhm_l_2010,densidade_buffer_real_1950,densidade_buffer_sintetica_1950,0.01000425907424149,0.026483177854226676,0.3777590109959113,0.7056757148253907,38.61768059769291,1232,
Semiarido,1950,1991,IDH_Longevidade,adh_idhm_l (1991),adh_idhm_l_1991,densidade_buffer_real_1950,densidade_buffer_sintetica_1950,0.1045148211297689,0.08365508084910371,1.2493541344881587,0.2118692920170083,15.854796691165589,893,
Semiarido,1950,2000,IDH_Longevidade,adh_idhm_l (2000),adh_idhm_l_2000,densidade_buffer_real_1950,densidade_buffer_sintetica_1950,0.11279675147444987,0.06990286687955537,1.6136212505962293,0.10696974537154162,15.854796691165589,893,
Semiarido,1950,2010,IDH_Longevidade,adh_idhm_l (2010),adh_idhm_l_2010,densidade_buffer_real_1950,densidade_buffer_sintetica_1950,0.040814234943267164,0.045599494701195904,0.8950589301639073,0.3710014510464341,15.854796691165589,893,
Nao_Semiarido,1950,1991,IDH_Renda,adh_idhm_r (1991),adh_idhm_r_1991,densidade_buffer_real_1950,densidade_buffer_sintetica_1950,-0.013795213537704045,0.050680568115740815,-0.27219926789690835,0.7856443502127258,20.692662961500933,339,
Nao_Semiarido,1950,2000,IDH_Renda,adh_idhm_r (2000),adh_idhm_r_2000,densidade_buffer_real_1950,densidade_buffer_sintetica_1950,-0.03296786759067899,0.05325257813485114,-0.6190849109163257,0.5363009010918032,20.692662961500933,339,
Nao_Semiarido,1950,2010,IDH_Renda,adh_idhm_r (2010),adh_idhm_r_2010,densidade_buffer_real_1950,densidade_buffer_sintetica_1950,-0.026027836103326693,0.04736275512405255,-0.5495422729348107,0.5830166659226799,20.692662961500933,339,
Nordeste,1950,1991,IDH_Renda,adh_idhm_r (1991),adh_idhm_r_1991,densidade_buffer_real_1950,densidade_buffer_sintetica_1950,0.1422504694760718,0.05297063428598434,2.685459054691937,0.007341830075347708,38.61768059769291,1232,***
Nordeste,1950,2000,IDH_Renda,adh_idhm_r (2000),adh_idhm_r_2000,densidade_buffer_real_1950,densidade_buffer_sintetica_1950,0.12404760913004259,0.04706549655145665,2.635637956022019,0.008505038798203022,38.61768059769291,1232,***
Nordeste,1950,2010,IDH_Renda,adh_idhm_r (2010),adh_idhm_r_2010,densidade_buffer_real_1950,densidade_buffer_sintetica_1950,0.0650420397386245,0.035967864109512686,1.8083375632366883,0.07080154015345766,38.61768059769291,1232,*
Semiarido,1950,1991,IDH_Renda,adh_idhm_r (1991),adh_idhm_r_1991,densidade_buffer_real_1950,densidade_buffer_sintetica_1950,0.29657356488380626,0.1145891231566226,2.588147606980497,0.009809200937173898,15.854796691165589,893,***
Semiarido,1950,2000,IDH_Renda,adh_idhm_r (2000),adh_idhm_r_2000,densidade_buffer_real_1950,densidade_buffer_sintetica_1950,0.32741651530883564,0.11139726864361822,2.9391790238260285,0.0033772568880559,15.854796691165589,893,***
Semiarido,1950,2010,IDH_Renda,adh_idhm_r (2010),adh_idhm_r_2010,densidade_buffer_real_1950,densidade_buffer_sintetica_1950,0.21017320961731126,0.07775421195642325,2.7030459743467175,0.007003752245496583,15.854796691165589,893,***
Nao_Semiarido,1950,1959,PIB_Agropecuário,pibag (1959),pibag_1959,densidade_buffer_real_1950,densidade_buffer_sintetica_1950,1.5602830714280695,1.24986992202914,1.2483563640726545,0.21281316272369644,20.692662961500933,339,
Nao_Semiarido,1950,1970,PIB_Agropecuário,pibag (1970),pibag_1970,densidade_buffer_real_1950,densidade_buffer_sintetica_1950,0.09873392340866663,1.1035260141590646,0.08947131480530274,0.9287636730055294,21.343095003813325,339,
Nao_Semiarido,1950,1975,PIB_Agropecuário,pibag (1975),pibag_1975,densidade_buffer_real_1950,densidade_buffer_sintetica_1950,0.5170487751208419,1.034071911982636,0.5000123967485969,0.6174110822857832,19.919997731744733,339,
Nao_Semiarido,1950,1980,PIB_Agropecuário,pibag (1980),pibag_1980,densidade_buffer_real_1950,densidade_buffer_sintetica_1950,1.1754547015732912,1.1939650830458153,0.9844967145728384,0.32562452437744005,19.870495015694328,339,
Nao_Semiarido,1950,1985,PIB_Agropecuário,pibag (1985),pibag_1985,densidade_buffer_real_1950,densidade_buffer_sintetica_1950,0.5537722934369249,1.2167303080849563,0.4551315026487025,0.6493252090422492,20.509276355180972,339,
Nao_Semiarido,1950,1996,PIB_Agropecuário,pibag (1996),pibag_1996,densidade_buffer_real_1950,densidade_buffer_sintetica_1950,0.4829969366144178,1.3047138126445477,0.3701937788452034,0.7114845505040632,20.666639010863104,339,
Nao_Semiarido,1950,1999,PIB_Agropecuário,pibag (1999),pibag_1999,densidade_buffer_real_1950,densidade_buffer_sintetica_1950,-0.57601234409782,0.970289066542299,-0.5936502470861442,0.5531654531344297,20.692662961500933,339,
Nao_Semiarido,1950,2000,PIB_Agropecuário,pibag (2000),pibag_2000,densidade_buffer_real_1950,densidade_buffer_sintetica_1950,-0.8922978448950826,0.9481361702092705,-0.941107272279399,0.3473597758172753,20.692662961500933,339,
Nao_Semiarido,1950,2001,PIB_Agropecuário,pibag (2001),pibag_2001,densidade_buffer_real_1950,densidade_buffer_sintetica_1950,-0.7979764070166474,0.9513807535561093,-0.8387560963724976,0.40223229867332677,20.692662961500933,339,
Nao_Semiarido,1950,2002,PIB_Agropecuário,pibag (2002),pibag_2002,densidade_buffer_real_1950,densidade_buffer_sintetica_1950,-1.1454370467330546,0.977114491312346,-1.1722649258784785,0.24196268457145756,20.692662961500933,339,
Nao_Semiarido,1950,2003,PIB_Agropecuário,pibag (2003),pibag_2003,densidade_buffer_real_1950,densidade_buffer_sintetica_1950,-1.0438216950492916,0.9859948008883015,-1.0586482749289274,0.2905584508176359,20.692662961500933,339,
Nao_Semiarido,1950,2004,PIB_Agropecuário,pibag (2004),pibag_2004,densidade_buffer_real_1950,densidade_buffer_sintetica_1950,-0.7879664589354707,0.9532953368130177,-0.826571187864758,0.40909603668680916,20.692662961500933,339,
Nao_Semiarido,1950,2005,PIB_Agropecuário,pibag (2005),pibag_2005,densidade_buffer_real_1950,densidade_buffer_sintetica_1950,-0.7838791296005214,0.9795968711942575,-0.8002058322673791,0.4241852020922514,20.692662961500933,339,
Nao_Semiarido,1950,2006,PIB_Agropecuário,pibag (2006),pibag_2006,densidade_buffer_real_1950,densidade_buffer_sintetica_1950,-0.7816995759978241,0.9409085658241775,-0.8307922835340582,0.4067104114506491,20.692662961500933,339,
Nao_Semiarido,1950,2007,PIB_Agropecuário,pibag (2007),pibag_2007,densidade_buffer_real_1950,densidade_buffer_sintetica_1950,-0.9801310415268665,0.9225170266774253,-1.0624530639363332,0.2888311916808129,20.692662961500933,339,
Nao_Semiarido,1950,2008,PIB_Agropecuário,pibag (2008),pibag_2008,densidade_buffer_real_1950,densidade_buffer_sintetica_1950,-1.0651810487262174,0.9274084357334094,-1.1485565665400221,0.251596697486727,20.692662961500933,339,
Nao_Semiarido,1950,2009,PIB_Agropecuário,pibag (2009),pibag_2009,densidade_buffer_real_1950,densidade_buffer_sintetica_1950,-1.1893950362570116,0.9420666081727425,-1.2625381538190743,0.20767448972531527,20.692662961500933,339,
Nao_Semiarido,1950,2010,PIB_Agropecuário,pibag (2010),pibag_2010,densidade_buffer_real_1950,densidade_buffer_sintetica_1950,-1.01849893318196,0.9948785987610522,-1.0237419263519416,0.30673046393395714,20.692662961500933,339,
Nao_Semiarido,1950,2011,PIB_Agropecuário,pibag (2011),pibag_2011,densidade_buffer_real_1950,densidade_buffer_sintetica_1950,-0.6283284430125884,0.978660943412573,-0.6420287304218134,0.5213141820238726,20.692662961500933,339,
Nao_Semiarido,1950,2012,PIB_Agropecuário,pibag (2012),pibag_2012,densidade_buffer_real_1950,densidade_buffer_sintetica_1950,-1.5302869950749916,1.010740426101027,-1.514025713781071,0.1310063651340749,20.692662961500933,339,
Nao_Semiarido,1950,2013,PIB_Agropecuário,pibag (2013),pibag_2013,densidade_buffer_real_1950,densidade_buffer_sintetica_1950,-1.4944829677357867,0.9674168713313717,-1.544817970436116,0.12337863542004184,20.692662961500933,339,
Nao_Semiarido,1950,2014,PIB_Agropecuário,pibag (2014),pibag_2014,densidade_buffer_real_1950,densidade_buffer_sintetica_1950,-1.2602789452244396,0.9494586184044972,-1.3273658491217402,0.1853338972007761,20.692662961500933,339,
Nao_Semiarido,1950,2015,PIB_Agropecuário,pibag (2015),pibag_2015,densidade_buffer_real_1950,densidade_buffer_sintetica_1950,-1.1100463303088617,0.9853372824814361,-1.1265648322099038,0.2607706187559475,20.692662961500933,339,
Nao_Semiarido,1950,2016,PIB_Agropecuário,pibag (2016),pibag_2016,densidade_buffer_real_1950,densidade_buffer_sintetica_1950,-0.9024733483214544,1.059646156090406,-0.8516742528950937,0.3950318161850015,20.692662961500933,339,
Nao_Semiarido,1950,2017,PIB_Agropecuário,pibag (2017),pibag_2017,densidade_buffer_real_1950,densidade_buffer_sintetica_1950,-1.7746459969543515,1.070699995679313,-1.6574633455830128,0.09840582559014577,20.692662961500933,339,*
Nao_Semiarido,1950,2018,PIB_Agropecuário,pibag (2018),pibag_2018,densidade_buffer_real_1950,densidade_buffer_sintetica_1950,-2.0940264345209383,1.095777251467207,-1.910996447240633,0.056898336200766356,20.692662961500933,339,*
Nao_Semiarido,1950,2019,PIB_Agropecuário,pibag (2019),pibag_2019,densidade_buffer_real_1950,densidade_buffer_sintetica_1950,-1.9214532244421765,1.086125620089107,-1.769089310575823,0.0778314543591672,20.692662961500933,339,*
Nao_Semiarido,1950,2020,PIB_Agropecuário,pibag (2020),pibag_2020,densidade_buffer_real_1950,densidade_buffer_sintetica_1950,-1.6267374300034958,1.1188770146794411,-1.4539019111672045,0.14695355047390926,20.692662961500933,339,
Nao_Semiarido,1950,2021,PIB_Agropecuário,pibag (2021),pibag_2021,densidade_buffer_real_1950,densidade_buffer_sintetica_1950,-1.5640164793966878,1.1041366571536686,-1.416506253336914,0.15760004745474057,20.692662961500933,339,
Nordeste,1950,1959,PIB_Agropecuário,pibag (1959),pibag_1959,densidade_buffer_real_1950,densidade_buffer_sintetica_1950,0.34386653849556215,0.8348510382684071,0.4118896937695465,0.6804930474796633,38.61768059769291,1232,
Nordeste,1950,1970,PIB_Agropecuário,pibag (1970),pibag_1970,densidade_buffer_real_1950,densidade_buffer_sintetica_1950,2.759583827463451,1.113139697488427,2.479099284384422,0.013307454060883657,38.33952854228018,1232,**
Nordeste,1950,1975,PIB_Agropecuário,pibag (1975),pibag_1975,densidade_buffer_real_1950,densidade_buffer_sintetica_1950,0.4154830790898072,0.7702142263101401,0.539438334033713,0.5896835188172782,38.006746557098474,1232,
Nordeste,1950,1980,PIB_Agropecuário,pibag (1980),pibag_1980,densidade_buffer_real_1950,densidade_buffer_sintetica_1950,1.7300158200730804,0.9513047092726697,1.8185716975960127,0.06922536019594355,38.21132834588357,1232,*
Nordeste,1950,1985,PIB_Agropecuário,pibag (1985),pibag_1985,densidade_buffer_real_1950,densidade_buffer_sintetica_1950,1.66637330815378,0.9449443186527529,1.7634619048555147,0.07807601882487489,38.37351227149618,1232,*
Nordeste,1950,1996,PIB_Agropecuário,pibag (1996),pibag_1996,densidade_buffer_real_1950,densidade_buffer_sintetica_1950,1.23639102205916,1.0475945207413333,1.1802190614592223,0.23814506356407594,38.14993155688449,1232,
Nordeste,1950,1999,PIB_Agropecuário,pibag (1999),pibag_1999,densidade_buffer_real_1950,densidade_buffer_sintetica_1950,2.16623493757083,1.10151625873993,1.966593702437834,0.049457771711852075,38.61768059769291,1232,**
Nordeste,1950,2000,PIB_Agropecuário,pibag (2000),pibag_2000,densidade_buffer_real_1950,densidade_buffer_sintetica_1950,1.7670264129508255,1.005132725940829,1.7580030650149665,0.07899917619200639,38.61768059769291,1232,*
Nordeste,1950,2001,PIB_Agropecuário,pibag (2001),pibag_2001,densidade_buffer_real_1950,densidade_buffer_sintetica_1950,2.2020753853477597,1.1107641795066345,1.9824868554240291,0.047650102395622305,38.61768059769291,1232,**
Nordeste,1950,2002,PIB_Agropecuário,pibag (2002),pibag_2002,densidade_buffer_real_1950,densidade_buffer_sintetica_1950,1.4751549476163237,1.0060760577878582,1.466245952477855,0.14284047448733148,38.61768059769291,1232,
Nordeste,1950,2003,PIB_Agropecuário,pibag (2003),pibag_2003,densidade_buffer_real_1950,densidade_buffer_sintetica_1950,1.9387845559029628,1.0917395360763182,1.7758673125193405,0.07600543957912513,38.61768059769291,1232,*
Nordeste,1950,2004,PIB_Agropecuário,pibag (2004),pibag_2004,densidade_buffer_real_1950,densidade_buffer_sintetica_1950,1.6963751361799466,1.0332451618661203,1.641793447274568,0.10089203080282111,38.61768059769291,1232,
Nordeste,1950,2005,PIB_Agropecuário,pibag (2005),pibag_2005,densidade_buffer_real_1950,densidade_buffer_sintetica_1950,1.7463761380204845,1.0347866969296295,1.6876677514334595,0.091732103233824,38.61768059769291,1232,*
Nordeste,1950,2006,PIB_Agropecuário,pibag (2006),pibag_2006,densidade_buffer_real_1950,densidade_buffer_sintetica_1950,1.150143393620331,0.9562125745040378,1.2028114085582695,0.22928403001995837,38.61768059769291,1232,
Nordeste,1950,2007,PIB_Agropecuário,pibag (2007),pibag_2007,densidade_buffer_real_1950,densidade_buffer_sintetica_1950,1.4122308202263505,0.9901921989047368,1.4262188914318206,0.15406247607065698,38.61768059769291,1232,
Nordeste,1950,2008,PIB_Agropecuário,pibag (2008),pibag_2008,densidade_buffer_real_1950,densidade_buffer_sintetica_1950,0.8539440299011201,0.934970506493987,0.913337933089777,0.36124633467498035,38.61768059769291,1232,
Nordeste,1950,2009,PIB_Agropecuário,pibag (2009),pibag_2009,densidade_buffer_real_1950,densidade_buffer_sintetica_1950,1.279659223765624,0.9742961568761311,1.3134191433830276,0.18929012808894516,38.61768059769291,1232,
Nordeste,1950,2010,PIB_Agropecuário,pibag (2010),pibag_2010,densidade_buffer_real_1950,densidade_buffer_sintetica_1950,2.062773062143251,1.0934206434611857,1.88653202633308,0.0594619733538363,38.61768059769291,1232,*
Nordeste,1950,2011,PIB_Agropecuário,pibag (2011),pibag_2011,densidade_buffer_real_1950,densidade_buffer_sintetica_1950,1.880097776817593,1.0289455187931362,1.8272082850633184,0.06791405743023766,38.61768059769291,1232,*
Nordeste,1950,2012,PIB_Agropecuário,pibag (2012),pibag_2012,densidade_buffer_real_1950,densidade_buffer_sintetica_1950,1.801970378693945,1.1137922878376807,1.6178693265979558,0.1059507454668135,38.61768059769291,1232,
Nordeste,1950,2013,PIB_Agropecuário,pibag (2013),pibag_2013,densidade_buffer_real_1950,densidade_buffer_sintetica_1950,1.8796759766012516,1.1156741551797134,1.6847893875416273,0.09228644982569477,38.61768059769291,1232,*
Nordeste,1950,2014,PIB_Agropecuário,pibag (2014),pibag_2014,densidade_buffer_real_1950,densidade_buffer_sintetica_1950,1.8218620829428813,1.117859979873668,1.6297766408533334,0.10340834247161608,38.61768059769291,1232,
Nordeste,1950,2015,PIB_Agropecuário,pibag (2015),pibag_2015,densidade_buffer_real_1950,densidade_buffer_sintetica_1950,2.1117997393521555,1.1744771341838327,1.7980765039071507,0.0724134622519709,38.61768059769291,1232,*
Nordeste,1950,2016,PIB_Agropecuário,pibag (2016),pibag_2016,densidade_buffer_real_1950,densidade_buffer_sintetica_1950,2.3172964353769565,1.2302050189913591,1.8836668682077886,0.059849086570199855,38.61768059769291,1232,*
Nordeste,1950,2017,PIB_Agropecuário,pibag (2017),pibag_2017,densidade_buffer_real_1950,densidade_buffer_sintetica_1950,1.5790357212526644,1.170655165711507,1.3488478652831553,0.17763758751389075,38.61768059769291,1232,
Nordeste,1950,2018,PIB_Agropecuário,pibag (2018),pibag_2018,densidade_buffer_real_1950,densidade_buffer_sintetica_1950,1.2355761966757441,1.1101766299994793,1.112954608561994,0.26594842966533294,38.61768059769291,1232,
Nordeste,1950,2019,PIB_Agropecuário,pibag (2019),pibag_2019,densidade_buffer_real_1950,densidade_buffer_sintetica_1950,1.1488010811295735,1.1254247056566677,1.0207711589726174,0.30756640965237275,38.61768059769291,1232,
Nordeste,1950,2020,PIB_Agropecuário,pibag (2020),pibag_2020,densidade_buffer_real_1950,densidade_buffer_sintetica_1950,1.2224507407134864,1.1089685973130547,1.1023312505650658,0.2705363503326396,38.61768059769291,1232,
Nordeste,1950,2021,PIB_Agropecuário,pibag (2021),pibag_2021,densidade_buffer_real_1950,densidade_buffer_sintetica_1950,1.0579712981667981,1.1076855171373694,0.9551188327359832,0.33970790764052416,38.61768059769291,1232,
Semiarido,1950,1959,PIB_Agropecuário,pibag (1959),pibag_1959,densidade_buffer_real_1950,densidade_buffer_sintetica_1950,1.2753310585716182,1.280661001792107,0.9958381310799421,0.31960379194912436,15.854796691165589,893,
Semiarido,1950,1970,PIB_Agropecuário,pibag (1970),pibag_1970,densidade_buffer_real_1950,densidade_buffer_sintetica_1950,6.388441230651824,2.34192776711162,2.7278557948569473,0.006503197039751351,15.427543735117643,893,***
Semiarido,1950,1975,PIB_Agropecuário,pibag (1975),pibag_1975,densidade_buffer_real_1950,densidade_buffer_sintetica_1950,2.075735129184842,1.343190012847087,1.5453771315534268,0.12261623191305566,15.854796691165589,893,
Semiarido,1950,1980,PIB_Agropecuário,pibag (1980),pibag_1980,densidade_buffer_real_1950,densidade_buffer_sintetica_1950,2.7522968575761766,1.631792684386303,1.6866706683461332,0.09202519754209561,15.831330448074262,893,*
Semiarido,1950,1985,PIB_Agropecuário,pibag (1985),pibag_1985,densidade_buffer_real_1950,densidade_buffer_sintetica_1950,4.11415408062803,1.6732454751750478,2.4587869154091835,0.014134513122200454,15.595442150150118,893,**
Semiarido,1950,1996,PIB_Agropecuário,pibag (1996),pibag_1996,densidade_buffer_real_1950,densidade_buffer_sintetica_1950,2.2476014382599216,1.6288296647085938,1.3798873430157164,0.16797381499046585,15.768987544963624,893,
Semiarido,1950,1999,PIB_Agropecuário,pibag (1999),pibag_1999,densidade_buffer_real_1950,densidade_buffer_sintetica_1950,4.460340331648896,1.9600100904688529,2.2756721270664175,0.02310636015563163,15.854796691165589,893,**
Semiarido,1950,2000,PIB_Agropecuário,pibag (2000),pibag_2000,densidade_buffer_real_1950,densidade_buffer_sintetica_1950,3.953802542300499,1.774410286606636,2.2282346828938366,0.02611802201429189,15.854796691165589,893,**
Semiarido,1950,2001,PIB_Agropecuário,pibag (2001),pibag_2001,densidade_buffer_real_1950,densidade_buffer_sintetica_1950,4.666241977983578,2.010247292248708,2.321227838970903,0.020503223626300585,15.854796691165589,893,**
Semiarido,1950,2002,PIB_Agropecuário,pibag (2002),pibag_2002,densidade_buffer_real_1950,densidade_buffer_sintetica_1950,3.961418939950245,1.8490033263677335,2.142461770326956,0.032431387441504755,15.854796691165589,893,**
Semiarido,1950,2003,PIB_Agropecuário,pibag (2003),pibag_2003,densidade_buffer_real_1950,densidade_buffer_sintetica_1950,4.123092652350103,1.8908297952185513,2.1805731339628776,0.02948044179463266,15.854796691165589,893,**
Semiarido,1950,2004,PIB_Agropecuário,pibag (2004),pibag_2004,densidade_buffer_real_1950,densidade_buffer_sintetica_1950,3.5930969092990424,1.8282605501255749,1.9653089976985223,0.049694085535862416,15.854796691165589,893,**
Semiarido,1950,2005,PIB_Agropecuário,pibag (2005),pibag_2005,densidade_buffer_real_1950,densidade_buffer_sintetica_1950,3.668474927500114,1.8178215216864333,2.018061115316089,0.043889298450327435,15.854796691165589,893,**
Semiarido,1950,2006,PIB_Agropecuário,pibag (2006),pibag_2006,densidade_buffer_real_1950,densidade_buffer_sintetica_1950,2.742832357650703,1.6749330361452746,1.637577323069055,0.10186903060568381,15.854796691165589,893,
Semiarido,1950,2007,PIB_Agropecuário,pibag (2007),pibag_2007,densidade_buffer_real_1950,densidade_buffer_sintetica_1950,3.2585514430217497,1.7587178533560877,1.8527994338623404,0.06424726536959426,15.854796691165589,893,*
Semiarido,1950,2008,PIB_Agropecuário,pibag (2008),pibag_2008,densidade_buffer_real_1950,densidade_buffer_sintetica_1950,2.4324168655627685,1.6062063187228863,1.5143863133951634,0.1302885997948203,15.854796691165589,893,
Semiarido,1950,2009,PIB_Agropecuário,pibag (2009),pibag_2009,densidade_buffer_real_1950,densidade_buffer_sintetica_1950,3.3424055579169574,1.7215563187063074,1.9415023032349383,0.052517733145023913,15.854796691165589,893,*
Semiarido,1950,2010,PIB_Agropecuário,pibag (2010),pibag_2010,densidade_buffer_real_1950,densidade_buffer_sintetica_1950,4.701783904518226,2.0184614794996403,2.3293899597646814,0.020064926631156197,15.854796691165589,893,**
Semiarido,1950,2011,PIB_Agropecuário,pibag (2011),pibag_2011,densidade_buffer_real_1950,densidade_buffer_sintetica_1950,4.172276215348878,1.8661131940269329,2.23581089759374,0.02561533899944231,15.854796691165589,893,**
Semiarido,1950,2012,PIB_Agropecuário,pibag (2012),pibag_2012,densidade_buffer_real_1950,densidade_buffer_sintetica_1950,5.1405563938304955,2.1919528634367347,2.345194771100453,0.019239463538155917,15.854796691165589,893,**
Semiarido,1950,2013,PIB_Agropecuário,pibag (2013),pibag_2013,densidade_buffer_real_1950,densidade_buffer_sintetica_1950,4.758617093623959,2.1357780898394743,2.228048464520777,0.026130484435205676,15.854796691165589,893,**
Semiarido,1950,2014,PIB_Agropecuário,pibag (2014),pibag_2014,densidade_buffer_real_1950,densidade_buffer_sintetica_1950,4.294726999722359,2.0794892532458094,2.0652797281923214,0.03919022837206282,15.854796691165589,893,**
Semiarido,1950,2015,PIB_Agropecuário,pibag (2015),pibag_2015,densidade_buffer_real_1950,densidade_buffer_sintetica_1950,4.511354714502579,2.1602801381851418,2.0883193039457293,0.03705729690988535,15.854796691165589,893,**
Semiarido,1950,2016,PIB_Agropecuário,pibag (2016),pibag_2016,densidade_buffer_real_1950,densidade_buffer_sintetica_1950,4.6065436230185055,2.164509699681056,2.1282157449778523,0.03359777613722336,15.854796691165589,893,**
Semiarido,1950,2017,PIB_Agropecuário,pibag (2017),pibag_2017,densidade_buffer_real_1950,densidade_buffer_sintetica_1950,4.260681819604534,2.126887073280892,2.003247785521633,0.045458333041522615,15.854796691165589,893,**
Semiarido,1950,2018,PIB_Agropecuário,pibag (2018),pibag_2018,densidade_buffer_real_1950,densidade_buffer_sintetica_1950,3.9032165424656444,2.055819080388184,1.8986186964120553,0.05794301481274095,15.854796691165589,893,*
Semiarido,1950,2019,PIB_Agropecuário,pibag (2019),pibag_2019,densidade_buffer_real_1950,densidade_buffer_sintetica_1950,3.303224349700651,1.9495958496072294,1.6943123624140495,0.09056138810010499,15.854796691165589,893,*
Semiarido,1950,2020,PIB_Agropecuário,pibag (2020),pibag_2020,densidade_buffer_real_1950,densidade_buffer_sintetica_1950,3.046775069314285,1.8287664572680478,1.6660274236797805,0.09606546284975999,15.854796691165589,893,*
Semiarido,1950,2021,PIB_Agropecuário,pibag (2021),pibag_2021,densidade_buffer_real_1950,densidade_buffer_sintetica_1950,2.99711903499191,1.8742718010303099,1.5990845262380606,0.11016241151814328,15.854796691165589,893,
Nao_Semiarido,1950,1959,PIB_Indústria,pibi (1959),pibi_1959,densidade_buffer_real_1950,densidade_buffer_sintetica_1950,0.22990867045288466,1.6358364778470977,0.14054501997379612,0.8883178103662821,20.692662961500933,339,
Nao_Semiarido,1950,1970,PIB_Indústria,pibi (1970),pibi_1970,densidade_buffer_real_1950,densidade_buffer_sintetica_1950,2.6369822154143776,1.966073850796379,1.3412427078190579,0.18079281465458338,20.692662961500933,339,
Nao_Semiarido,1950,1975,PIB_Indústria,pibi (1975),pibi_1975,densidade_buffer_real_1950,densidade_buffer_sintetica_1950,1.1078314662829012,2.065138289642778,0.5364442041673301,0.5920243115313788,20.692662961500933,339,
Nao_Semiarido,1950,1980,PIB_Indústria,pibi (1980),pibi_1980,densidade_buffer_real_1950,densidade_buffer_sintetica_1950,1.568730082786097,2.0641775688045527,0.7599782627686488,0.4478271136125058,20.692662961500933,339,
Nao_Semiarido,1950,1985,PIB_Indústria,pibi (1985),pibi_1985,densidade_buffer_real_1950,densidade_buffer_sintetica_1950,3.0015051999194373,2.33610896596669,1.2848309918957073,0.19978349940741913,20.790481767959538,339,
Nao_Semiarido,1950,1996,PIB_Indústria,pibi (1996),pibi_1996,densidade_buffer_real_1950,densidade_buffer_sintetica_1950,3.8555110276064504,3.075665595955935,1.2535533878182015,0.21091945268980755,20.692662961500933,339,
Nao_Semiarido,1950,1999,PIB_Indústria,pibi (1999),pibi_1999,densidade_buffer_real_1950,densidade_buffer_sintetica_1950,0.9256378463903001,1.645411559720588,0.5625570337839886,0.574130436287553,20.692662961500933,339,
Nao_Semiarido,1950,2000,PIB_Indústria,pibi (2000),pibi_2000,densidade_buffer_real_1950,densidade_buffer_sintetica_1950,1.0409077598328045,1.6303156965151546,0.6384700595459971,0.5236244086947306,20.692662961500933,339,
Nao_Semiarido,1950,2001,PIB_Indústria,pibi (2001),pibi_2001,densidade_buffer_real_1950,densidade_buffer_sintetica_1950,1.5943046464255153,1.6838226149929638,0.9468364614120457,0.3444365474035036,20.692662961500933,339,
Nao_Semiarido,1950,2002,PIB_Indústria,pibi (2002),pibi_2002,densidade_buffer_real_1950,densidade_buffer_sintetica_1950,3.2880711482756264,2.134114638492235,1.5407190827380617,0.12437342447988206,20.692662961500933,339,
Nao_Semiarido,1950,2003,PIB_Indústria,pibi (2003),pibi_2003,densidade_buffer_real_1950,densidade_buffer_sintetica_1950,4.259479804488364,2.3483945598550577,1.8137837130534222,0.07064757791077726,20.692662961500933,339,*
Nao_Semiarido,1950,2004,PIB_Indústria,pibi (2004),pibi_2004,densidade_buffer_real_1950,densidade_buffer_sintetica_1950,3.5375272801956035,2.174111315501603,1.627114147731409,0.10469708345858962,20.692662961500933,339,
Nao_Semiarido,1950,2005,PIB_Indústria,pibi (2005),pibi_2005,densidade_buffer_real_1950,densidade_buffer_sintetica_1950,3.531336742779091,2.263402080666495,1.560189757243323,0.11970344502281684,20.692662961500933,339,
Nao_Semiarido,1950,2006,PIB_Indústria,pibi (2006),pibi_2006,densidade_buffer_real_1950,densidade_buffer_sintetica_1950,3.263303884554553,2.179572905789552,1.497221715266468,0.1353212649318975,20.692662961500933,339,
Nao_Semiarido,1950,2007,PIB_Indústria,pibi (2007),pibi_2007,densidade_buffer_real_1950,densidade_buffer_sintetica_1950,3.5181707015891175,2.250835263404005,1.5630511742865105,0.11902892753126719,20.692662961500933,339,
Nao_Semiarido,1950,2008,PIB_Indústria,pibi (2008),pibi_2008,densidade_buffer_real_1950,densidade_buffer_sintetica_1950,3.8940576794589568,2.348248947175234,1.658281454418712,0.09824052848726811,20.692662961500933,339,*
Nao_Semiarido,1950,2009,PIB_Indústria,pibi (2009),pibi_2009,densidade_buffer_real_1950,densidade_buffer_sintetica_1950,2.922833845151729,2.1651292568064826,1.3499581311200068,0.17798351708729707,20.692662961500933,339,
Nao_Semiarido,1950,2010,PIB_Indústria,pibi (2010),pibi_2010,densidade_buffer_real_1950,densidade_buffer_sintetica_1950,3.118210990586592,2.2325318717416036,1.396715106312936,0.163467174926788,20.692662961500933,339,
Nao_Semiarido,1950,2011,PIB_Indústria,pibi (2011),pibi_2011,densidade_buffer_real_1950,densidade_buffer_sintetica_1950,2.8021046546065307,2.170994715261898,1.29070081788223,0.19773918143964975,20.692662961500933,339,
Nao_Semiarido,1950,2012,PIB_Indústria,pibi (2012),pibi_2012,densidade_buffer_real_1950,densidade_buffer_sintetica_1950,2.8359645616554925,2.185482879633474,1.2976375098079516,0.19534655755108504,20.692662961500933,339,
Nao_Semiarido,1950,2013,PIB_Indústria,pibi (2013),pibi_2013,densidade_buffer_real_1950,densidade_buffer_sintetica_1950,2.33859217145155,2.2000791775152324,1.0629581859379962,0.2886024053869282,20.692662961500933,339,
Nao_Semiarido,1950,2014,PIB_Indústria,pibi (2014),pibi_2014,densidade_buffer_real_1950,densidade_buffer_sintetica_1950,2.7063729405524337,2.195898596805556,1.2324671751644092,0.21867936022715437,20.692662961500933,339,
Nao_Semiarido,1950,2015,PIB_Indústria,pibi (2015),pibi_2015,densidade_buffer_real_1950,densidade_buffer_sintetica_1950,2.7448040760881787,2.10229416235266,1.3056232211654393,0.19261859037644594,20.692662961500933,339,
Nao_Semiarido,1950,2016,PIB_Indústria,pibi (2016),pibi_2016,densidade_buffer_real_1950,densidade_buffer_sintetica_1950,2.6036500190007454,2.0540917373282532,1.267543202518939,0.20588270691246188,20.692662961500933,339,
Nao_Semiarido,1950,2017,PIB_Indústria,pibi (2017),pibi_2017,densidade_buffer_real_1950,densidade_buffer_sintetica_1950,2.1117330939109165,1.9828780690645555,1.0649838368060371,0.2876861549354276,20.692662961500933,339,
Nao_Semiarido,1950,2018,PIB_Indústria,pibi (2018),pibi_2018,densidade_buffer_real_1950,densidade_buffer_sintetica_1950,1.917151485120109,1.9322714645343173,0.9921750231829604,0.3218617896148787,20.692662961500933,339,
Nao_Semiarido,1950,2019,PIB_Indústria,pibi (2019),pibi_2019,densidade_buffer_real_1950,densidade_buffer_sintetica_1950,1.8493462976415205,1.908856301641968,0.968824261968144,0.3333645517599536,20.692662961500933,339,
Nao_Semiarido,1950,2020,PIB_Indústria,pibi (2020),pibi_2020,densidade_buffer_real_1950,densidade_buffer_sintetica_1950,1.878062706865025,1.892104236893495,0.9925788813561753,0.32166516333059686,20.692662961500933,339,
Nao_Semiarido,1950,2021,PIB_Indústria,pibi (2021),pibi_2021,densidade_buffer_real_1950,densidade_buffer_sintetica_1950,2.0989428410209614,1.9293402495426628,1.0879070405121656,0.27745484658100117,20.692662961500933,339,
Nordeste,1950,1959,PIB_Indústria,pibi (1959),pibi_1959,densidade_buffer_real_1950,densidade_buffer_sintetica_1950,3.6168186127969264,1.4119358145314949,2.561602712795447,0.01053907066464905,38.61768059769291,1232,**
Nordeste,1950,1970,PIB_Indústria,pibi (1970),pibi_1970,densidade_buffer_real_1950,densidade_buffer_sintetica_1950,5.772772566945745,1.861747285765383,3.1007283378809927,0.0019751772724384783,38.356129694043396,1232,***
Nordeste,1950,1975,PIB_Indústria,pibi (1975),pibi_1975,densidade_buffer_real_1950,densidade_buffer_sintetica_1950,5.663186313819517,1.8653015780317606,3.036070081383424,0.002447953453955849,38.61768059769291,1232,***
Nordeste,1950,1980,PIB_Indústria,pibi (1980),pibi_1980,densidade_buffer_real_1950,densidade_buffer_sintetica_1950,6.205791879020381,1.924606801199818,3.224446611719148,0.001295808508180748,38.61768059769291,1232,***
Nordeste,1950,1985,PIB_Indústria,pibi (1985),pibi_1985,densidade_buffer_real_1950,densidade_buffer_sintetica_1950,8.64204053254297,2.430611879073215,3.5554999985592737,3.9179471812509194e-4,38.79234342410064,1232,***
Nordeste,1950,1996,PIB_Indústria,pibi (1996),pibi_1996,densidade_buffer_real_1950,densidade_buffer_sintetica_1950,12.132429634139662,3.367273919215611,3.603042082470632,3.2724735413966797e-4,38.61768059769291,1232,***
Nordeste,1950,1999,PIB_Indústria,pibi (1999),pibi_1999,densidade_buffer_real_1950,densidade_buffer_sintetica_1950,5.8203845505979235,1.766211931224952,3.2954055216698768,0.0010112132004608696,38.61768059769291,1232,***
Nordeste,1950,2000,PIB_Indústria,pibi (2000),pibi_2000,densidade_buffer_real_1950,densidade_buffer_sintetica_1950,6.041735967475613,1.8152998335788129,3.3282303318259547,9.002211263588366e-4,38.61768059769291,1232,***
Nordeste,1950,2001,PIB_Indústria,pibi (2001),pibi_2001,densidade_buffer_real_1950,densidade_buffer_sintetica_1950,6.146390984023888,1.8358937843581762,3.3479011892687742,8.392392238813862e-4,38.61768059769291,1232,***
Nordeste,1950,2002,PIB_Indústria,pibi (2002),pibi_2002,densidade_buffer_real_1950,densidade_buffer_sintetica_1950,8.243438288693497,2.3502251629811086,3.5075100116097935,4.6885855482516834e-4,38.61768059769291,1232,***
Nordeste,1950,2003,PIB_Indústria,pibi (2003),pibi_2003,densidade_buffer_real_1950,densidade_buffer_sintetica_1950,9.549927921881242,2.6057837658688614,3.664896545510926,2.5812674235204725e-4,38.61768059769291,1232,***
Nordeste,1950,2004,PIB_Indústria,pibi (2004),pibi_2004,densidade_buffer_real_1950,densidade_buffer_sintetica_1950,8.708118942754702,2.440881575671779,3.567612222382421,3.7429602103291487e-4,38.61768059769291,1232,***
Nordeste,1950,2005,PIB_Indústria,pibi (2005),pibi_2005,densidade_buffer_real_1950,densidade_buffer_sintetica_1950,8.825435550388168,2.517869651528048,3.505120110182104,4.730447432053125e-4,38.61768059769291,1232,***
Nordeste,1950,2006,PIB_Indústria,pibi (2006),pibi_2006,densidade_buffer_real_1950,densidade_buffer_sintetica_1950,8.637118953113289,2.462910667239248,3.506874637395964,4.699680963905485e-4,38.61768059769291,1232,***
Nordeste,1950,2007,PIB_Indústria,pibi (2007),pibi_2007,densidade_buffer_real_1950,densidade_buffer_sintetica_1950,8.546318573878462,2.4519397960970966,3.4855336119924982,5.086918097627074e-4,38.61768059769291,1232,***
Nordeste,1950,2008,PIB_Indústria,pibi (2008),pibi_2008,densidade_buffer_real_1950,densidade_buffer_sintetica_1950,8.660268071554938,2.4952643123167597,3.4706816543671892,5.373767986553487e-4,38.61768059769291,1232,***
Nordeste,1950,2009,PIB_Indústria,pibi (2009),pibi_2009,densidade_buffer_real_1950,densidade_buffer_sintetica_1950,7.878394885027576,2.3161759037848304,3.4014665605291903,6.920779795657084e-4,38.61768059769291,1232,***
Nordeste,1950,2010,PIB_Indústria,pibi (2010),pibi_2010,densidade_buffer_real_1950,densidade_buffer_sintetica_1950,7.857387060251926,2.3462717301904843,3.348881955635214,8.363015361684165e-4,38.61768059769291,1232,***
Nordeste,1950,2011,PIB_Indústria,pibi (2011),pibi_2011,densidade_buffer_real_1950,densidade_buffer_sintetica_1950,7.702049362749999,2.2414827937262265,3.4361403015484058,6.100436641986585e-4,39.52507349437356,1232,***
Nordeste,1950,2012,PIB_Indústria,pibi (2012),pibi_2012,densidade_buffer_real_1950,densidade_buffer_sintetica_1950,7.916232199822539,2.308704606904139,3.428863171212632,6.264904382495048e-4,39.28774926332991,1232,***
Nordeste,1950,2013,PIB_Indústria,pibi (2013),pibi_2013,densidade_buffer_real_1950,densidade_buffer_sintetica_1950,7.545330002063114,2.2745456884771253,3.3172910266379096,9.359111075083631e-4,39.52507349437356,1232,***
Nordeste,1950,2014,PIB_Indústria,pibi (2014),pibi_2014,densidade_buffer_real_1950,densidade_buffer_sintetica_1950,7.763168038238254,2.2941003027984554,3.383970626205124,7.372926668590014e-4,39.52507349437356,1232,***
Nordeste,1950,2015,PIB_Indústria,pibi (2015),pibi_2015,densidade_buffer_real_1950,densidade_buffer_sintetica_1950,8.337094945614423,2.428280888782553,3.433332191563029,6.163186971954019e-4,38.61768059769291,1232,***
Nordeste,1950,2016,PIB_Indústria,pibi (2016),pibi_2016,densidade_buffer_real_1950,densidade_buffer_sintetica_1950,8.432437661856756,2.4388691461013585,3.45751951281863,5.640523148752026e-4,38.61768059769291,1232,***
Nordeste,1950,2017,PIB_Indústria,pibi (2017),pibi_2017,densidade_buffer_real_1950,densidade_buffer_sintetica_1950,8.294130858256114,2.405747347527385,3.4476317169302004,5.848984604447293e-4,38.61768059769291,1232,***
Nordeste,1950,2018,PIB_Indústria,pibi (2018),pibi_2018,densidade_buffer_real_1950,densidade_buffer_sintetica_1950,8.225714009520111,2.3899804797269604,3.4417494533092774,5.976382722710148e-4,38.61768059769291,1232,***
Nordeste,1950,2019,PIB_Indústria,pibi (2019),pibi_2019,densidade_buffer_real_1950,densidade_buffer_sintetica_1950,8.304738909179799,2.3899751183714075,3.4748223298821905,5.292313969428365e-4,38.61768059769291,1232,***
Nordeste,1950,2020,PIB_Indústria,pibi (2020),pibi_2020,densidade_buffer_real_1950,densidade_buffer_sintetica_1950,7.934896888218304,2.3188501736017657,3.4219101253503523,6.42538503099081e-4,38.61768059769291,1232,***
Nordeste,1950,2021,PIB_Indústria,pibi (2021),pibi_2021,densidade_buffer_real_1950,densidade_buffer_sintetica_1950,8.252779167713012,2.3918013003925234,3.4504451378794014,5.78895058983066e-4,38.61768059769291,1232,***
Semiarido,1950,1959,PIB_Indústria,pibi (1959),pibi_1959,densidade_buffer_real_1950,densidade_buffer_sintetica_1950,3.71408170724314,2.143076068304026,1.7330610715010064,0.08343672171248036,15.854796691165589,893,*
Semiarido,1950,1970,PIB_Indústria,pibi (1970),pibi_1970,densidade_buffer_real_1950,densidade_buffer_sintetica_1950,8.476446733043476,3.2603983787845725,2.59981933134299,0.009485382070543426,15.860032190364036,893,***
Semiarido,1950,1975,PIB_Indústria,pibi (1975),pibi_1975,densidade_buffer_real_1950,densidade_buffer_sintetica_1950,9.161360861735965,3.2521356861045865,2.8170290990255262,0.004956013546202824,15.854796691165589,893,***
Semiarido,1950,1980,PIB_Indústria,pibi (1980),pibi_1980,densidade_buffer_real_1950,densidade_buffer_sintetica_1950,9.470045405827063,3.271409876597052,2.8947902473406617,0.003888358428631858,15.854796691165589,893,***
Semiarido,1950,1985,PIB_Indústria,pibi (1985),pibi_1985,densidade_buffer_real_1950,densidade_buffer_sintetica_1950,12.48759557166485,4.084573756459964,3.057257945682845,0.002301551435096763,15.854796691165589,893,***
Semiarido,1950,1996,PIB_Indústria,pibi (1996),pibi_1996,densidade_buffer_real_1950,densidade_buffer_sintetica_1950,17.4819274082885,5.801578182943057,3.013305493268414,0.0026585717522901327,15.854796691165589,893,***
Semiarido,1950,1999,PIB_Indústria,pibi (1999),pibi_1999,densidade_buffer_real_1950,densidade_buffer_sintetica_1950,9.031539343986122,3.1286570020517233,2.886714439474632,0.003988581900117431,15.854796691165589,893,***
Semiarido,1950,2000,PIB_Indústria,pibi (2000),pibi_2000,densidade_buffer_real_1950,densidade_buffer_sintetica_1950,9.379807271051288,3.2739438158166068,2.8649872443555418,0.004269995526991147,15.854796691165589,893,***
Semiarido,1950,2001,PIB_Indústria,pibi (2001),pibi_2001,densidade_buffer_real_1950,densidade_buffer_sintetica_1950,8.884093078256846,3.1604000167113284,2.811066014200797,0.005047953369540643,15.854796691165589,893,***
Semiarido,1950,2002,PIB_Indústria,pibi (2002),pibi_2002,densidade_buffer_real_1950,densidade_buffer_sintetica_1950,10.552292095513753,3.70895381055729,2.8450858744795786,0.004543462431380592,15.854796691165589,893,***
Semiarido,1950,2003,PIB_Indústria,pibi (2003),pibi_2003,densidade_buffer_real_1950,densidade_buffer_sintetica_1950,12.096691909285937,4.086783149165634,2.959954435496687,0.0031597717372426706,15.854796691165589,893,***
Semiarido,1950,2004,PIB_Indústria,pibi (2004),pibi_2004,densidade_buffer_real_1950,densidade_buffer_sintetica_1950,11.607376263411535,3.9810689385044,2.915643120656979,0.0036400758536240664,15.854796691165589,893,***
Semiarido,1950,2005,PIB_Indústria,pibi (2005),pibi_2005,densidade_buffer_real_1950,densidade_buffer_sintetica_1950,11.710153185080655,4.047972568970986,2.8928440066127803,0.003912300093335823,15.854796691165589,893,***
Semiarido,1950,2006,PIB_Indústria,pibi (2006),pibi_2006,densidade_buffer_real_1950,densidade_buffer_sintetica_1950,12.176752949937594,4.154451916176831,2.931013090444756,0.003466416217527138,15.854796691165589,893,***
Semiarido,1950,2007,PIB_Indústria,pibi (2007),pibi_2007,densidade_buffer_real_1950,densidade_buffer_sintetica_1950,12.015372994060055,4.138919390310047,2.903021745770212,0.003788566031842689,15.854796691165589,893,***
Semiarido,1950,2008,PIB_Indústria,pibi (2008),pibi_2008,densidade_buffer_real_1950,densidade_buffer_sintetica_1950,11.837401821092516,4.151296290750741,2.8514952901499067,0.004453702565868298,15.854796691165589,893,***
Semiarido,1950,2009,PIB_Indústria,pibi (2009),pibi_2009,densidade_buffer_real_1950,densidade_buffer_sintetica_1950,11.352260769719237,3.945018151934802,2.8776194005980966,0.004104263284558046,15.854796691165589,893,***
Semiarido,1950,2010,PIB_Indústria,pibi (2010),pibi_2010,densidade_buffer_real_1950,densidade_buffer_sintetica_1950,11.135964084777981,3.949293843641268,2.8197355085917257,0.004914788362192241,15.854796691165589,893,***
Semiarido,1950,2011,PIB_Indústria,pibi (2011),pibi_2011,densidade_buffer_real_1950,densidade_buffer_sintetica_1950,10.880689020934174,3.6362504302698015,2.992282635529823,0.002846760910407724,16.5178164046912,893,***
Semiarido,1950,2012,PIB_Indústria,pibi (2012),pibi_2012,densidade_buffer_real_1950,densidade_buffer_sintetica_1950,11.486565470680741,3.869458170890608,2.9685203879686735,0.003074071689767077,16.280798619333844,893,***
Semiarido,1950,2013,PIB_Indústria,pibi (2013),pibi_2013,densidade_buffer_real_1950,densidade_buffer_sintetica_1950,11.317593679344721,3.7759070500056793,2.9973178707690113,0.002800631049921252,16.5178164046912,893,***
Semiarido,1950,2014,PIB_Indústria,pibi (2014),pibi_2014,densidade_buffer_real_1950,densidade_buffer_sintetica_1950,11.184828038136047,3.771220489909238,2.9658377355722396,0.0031006440549780326,16.5178164046912,893,***
Semiarido,1950,2015,PIB_Indústria,pibi (2015),pibi_2015,densidade_buffer_real_1950,densidade_buffer_sintetica_1950,12.676935623467735,4.359793913176403,2.9076914817360566,0.0037329957196452416,15.854796691165589,893,***
Semiarido,1950,2016,PIB_Indústria,pibi (2016),pibi_2016,densidade_buffer_real_1950,densidade_buffer_sintetica_1950,12.884298572644234,4.450432148856339,2.8950668478240273,0.0038849666709131593,15.854796691165589,893,***
Semiarido,1950,2017,PIB_Indústria,pibi (2017),pibi_2017,densidade_buffer_real_1950,densidade_buffer_sintetica_1950,12.95225317395266,4.45804927575586,2.905363393893086,0.0037606067439998696,15.854796691165589,893,***
Semiarido,1950,2018,PIB_Indústria,pibi (2018),pibi_2018,densidade_buffer_real_1950,densidade_buffer_sintetica_1950,13.09230316075547,4.481105523005644,2.921668122640856,0.003571078397856938,15.854796691165589,893,***
Semiarido,1950,2019,PIB_Indústria,pibi (2019),pibi_2019,densidade_buffer_real_1950,densidade_buffer_sintetica_1950,13.502626807555338,4.571730840647483,2.9535043243365995,0.0032258848403626246,15.854796691165589,893,***
Semiarido,1950,2020,PIB_Indústria,pibi (2020),pibi_2020,densidade_buffer_real_1950,densidade_buffer_sintetica_1950,12.401677846469806,4.27089821485999,2.9037633824472593,0.003779690478742343,15.854796691165589,893,***
Semiarido,1950,2021,PIB_Indústria,pibi (2021),pibi_2021,densidade_buffer_real_1950,densidade_buffer_sintetica_1950,12.712756461094145,4.3875892057433,2.897435440048331,0.0038560323305055566,15.854796691165589,893,***
Nao_Semiarido,1950,1959,PIB_Serviços,pibse (1959),pibse_1959,densidade_buffer_real_1950,densidade_buffer_sintetica_1950,-1.5401481578376137,1.5372747109077496,-1.001869182462624,0.3171637560955985,20.692662961500933,339,
Nao_Semiarido,1950,1970,PIB_Serviços,pibse (1970),pibse_1970,densidade_buffer_real_1950,densidade_buffer_sintetica_1950,-0.31657360770745546,1.3109794681259355,-0.24147869238562683,0.8093387905479692,20.692662961500933,339,
Nao_Semiarido,1950,1975,PIB_Serviços,pibse (1975),pibse_1975,densidade_buffer_real_1950,densidade_buffer_sintetica_1950,-0.4406348875844972,1.3338701650816809,-0.3303431616655992,0.741356852938384,20.692662961500933,339,
Nao_Semiarido,1950,1980,PIB_Serviços,pibse (1980),pibse_1980,densidade_buffer_real_1950,densidade_buffer_sintetica_1950,-0.6035972056913366,1.4436922200386764,-0.4180927190112351,0.6761597507023838,20.692662961500933,339,
Nao_Semiarido,1950,1985,PIB_Serviços,pibse (1985),pibse_1985,densidade_buffer_real_1950,densidade_buffer_sintetica_1950,-0.0673078640498368,1.4009010020123276,-0.04804612456779762,0.961709455094938,20.692662961500933,339,
Nao_Semiarido,1950,1996,PIB_Serviços,pibse (1996),pibse_1996,densidade_buffer_real_1950,densidade_buffer_sintetica_1950,-0.4694155998173356,1.403655724924102,-0.33442359937848554,0.7382790111598725,20.692662961500933,339,
Nao_Semiarido,1950,1999,PIB_Serviços,pibse (1999),pibse_1999,densidade_buffer_real_1950,densidade_buffer_sintetica_1950,-1.1523535472167303,1.4207643005080381,-0.8110800270000244,0.4179225515607372,20.692662961500933,339,
Nao_Semiarido,1950,2000,PIB_Serviços,pibse (2000),pibse_2000,densidade_buffer_real_1950,densidade_buffer_sintetica_1950,-1.1119567506100023,1.4262278630141543,-0.7796487359740826,0.43617389870929824,20.692662961500933,339,
Nao_Semiarido,1950,2001,PIB_Serviços,pibse (2001),pibse_2001,densidade_buffer_real_1950,densidade_buffer_sintetica_1950,-0.983714590508014,1.421295922477356,-0.6921251056524342,0.489360666004902,20.692662961500933,339,
Nao_Semiarido,1950,2002,PIB_Serviços,pibse (2002),pibse_2002,densidade_buffer_real_1950,densidade_buffer_sintetica_1950,-0.1297317416362832,1.4063728324830187,-0.09224562551257165,0.9265606100102686,20.692662961500933,339,
Nao_Semiarido,1950,2003,PIB_Serviços,pibse (2003),pibse_2003,densidade_buffer_real_1950,densidade_buffer_sintetica_1950,-0.24862972767872615,1.4034149670775247,-0.17716052166414714,0.8594943844085361,20.692662961500933,339,
Nao_Semiarido,1950,2004,PIB_Serviços,pibse (2004),pibse_2004,densidade_buffer_real_1950,densidade_buffer_sintetica_1950,-0.4062593346800347,1.4126724547651075,-0.2875821166539172,0.7738527849396657,20.692662961500933,339,
Nao_Semiarido,1950,2005,PIB_Serviços,pibse (2005),pibse_2005,densidade_buffer_real_1950,densidade_buffer_sintetica_1950,-0.5258521412670889,1.426886450469531,-0.36853117575967737,0.7127208892673127,20.692662961500933,339,
Nao_Semiarido,1950,2006,PIB_Serviços,pibse (2006),pibse_2006,densidade_buffer_real_1950,densidade_buffer_sintetica_1950,-0.4341186408649317,1.4331229935819765,-0.30291792317133004,0.7621492341141722,20.692662961500933,339,
Nao_Semiarido,1950,2007,PIB_Serviços,pibse (2007),pibse_2007,densidade_buffer_real_1950,densidade_buffer_sintetica_1950,-0.3538869708575437,1.4405294718894508,-0.24566451278041032,0.806099430080273,20.692662961500933,339,
Nao_Semiarido,1950,2008,PIB_Serviços,pibse (2008),pibse_2008,densidade_buffer_real_1950,densidade_buffer_sintetica_1950,-0.20080319874838531,1.4633230704537503,-0.13722410505434035,0.8909399560911855,20.692662961500933,339,
Nao_Semiarido,1950,2009,PIB_Serviços,pibse (2009),pibse_2009,densidade_buffer_real_1950,densidade_buffer_sintetica_1950,-0.5433616367780265,1.4688702644790541,-0.36991805874069744,0.7116882434742571,20.692662961500933,339,
Nao_Semiarido,1950,2010,PIB_Serviços,pibse (2010),pibse_2010,densidade_buffer_real_1950,densidade_buffer_sintetica_1950,-0.421738094352933,1.4726355782817397,-0.28638320340257833,0.7747699571484002,20.692662961500933,339,
Nao_Semiarido,1950,2011,PIB_Serviços,pibse (2011),pibse_2011,densidade_buffer_real_1950,densidade_buffer_sintetica_1950,-0.3589860437955913,1.451936552128605,-0.24724637124762885,0.8048761136657948,20.692662961500933,339,
Nao_Semiarido,1950,2012,PIB_Serviços,pibse (2012),pibse_2012,densidade_buffer_real_1950,densidade_buffer_sintetica_1950,-0.5847092519865371,1.472955570343108,-0.39696326471703136,0.6916591684104207,20.692662961500933,339,
Nao_Semiarido,1950,2013,PIB_Serviços,pibse (2013),pibse_2013,densidade_buffer_real_1950,densidade_buffer_sintetica_1950,-0.7139041484979969,1.467264860214787,-0.48655438282185215,0.6269072184114578,20.692662961500933,339,
Nao_Semiarido,1950,2014,PIB_Serviços,pibse (2014),pibse_2014,densidade_buffer_real_1950,densidade_buffer_sintetica_1950,-0.7112709261229816,1.4755010015761145,-0.4820538416193615,0.6300972339275721,20.692662961500933,339,
Nao_Semiarido,1950,2015,PIB_Serviços,pibse (2015),pibse_2015,densidade_buffer_real_1950,densidade_buffer_sintetica_1950,-0.701758007462161,1.4787815198883327,-0.4745515128665882,0.6354303509564265,20.692662961500933,339,
Nao_Semiarido,1950,2016,PIB_Serviços,pibse (2016),pibse_2016,densidade_buffer_real_1950,densidade_buffer_sintetica_1950,-0.8129707184925907,1.475491333798331,-0.5509830521334034,0.5820297637758232,20.692662961500933,339,
Nao_Semiarido,1950,2017,PIB_Serviços,pibse (2017),pibse_2017,densidade_buffer_real_1950,densidade_buffer_sintetica_1950,-0.6636072615589736,1.4761579231482704,-0.44955031650249705,0.6533390610372398,20.692662961500933,339,
Nao_Semiarido,1950,2018,PIB_Serviços,pibse (2018),pibse_2018,densidade_buffer_real_1950,densidade_buffer_sintetica_1950,-0.6376873131996416,1.4440172496222854,-0.44160643743448547,0.6590722826519756,20.692662961500933,339,
Nao_Semiarido,1950,2019,PIB_Serviços,pibse (2019),pibse_2019,densidade_buffer_real_1950,densidade_buffer_sintetica_1950,-0.8016781065827854,1.4630699655073136,-0.5479424261879415,0.5841134437133528,20.692662961500933,339,
Nao_Semiarido,1950,2020,PIB_Serviços,pibse (2020),pibse_2020,densidade_buffer_real_1950,densidade_buffer_sintetica_1950,-0.757517162525926,1.4132260486528552,-0.536019813141728,0.5923172392076389,20.692662961500933,339,
Nao_Semiarido,1950,2021,PIB_Serviços,pibse (2021),pibse_2021,densidade_buffer_real_1950,densidade_buffer_sintetica_1950,-0.744395381069601,1.4289017351258118,-0.5209563140491663,0.6027575046459968,20.692662961500933,339,
Nordeste,1950,1959,PIB_Serviços,pibse (1959),pibse_1959,densidade_buffer_real_1950,densidade_buffer_sintetica_1950,0.8341969743835203,1.0634743198680476,0.7844072572312086,0.43295433562034213,38.61768059769291,1232,
Nordeste,1950,1970,PIB_Serviços,pibse (1970),pibse_1970,densidade_buffer_real_1950,densidade_buffer_sintetica_1950,2.3060393604829024,1.0249822786665943,2.249833395639623,0.024638199864756103,38.61768059769291,1232,**
Nordeste,1950,1975,PIB_Serviços,pibse (1975),pibse_1975,densidade_buffer_real_1950,densidade_buffer_sintetica_1950,2.1869787205860387,1.0372574445970413,2.1084242219496883,0.035198939828884834,38.61768059769291,1232,**
Nordeste,1950,1980,PIB_Serviços,pibse (1980),pibse_1980,densidade_buffer_real_1950,densidade_buffer_sintetica_1950,2.493773965210254,1.1350108018094223,2.197136768420799,0.028199248307975756,38.61768059769291,1232,**
Nordeste,1950,1985,PIB_Serviços,pibse (1985),pibse_1985,densidade_buffer_real_1950,densidade_buffer_sintetica_1950,3.109420135224279,1.1896803948494523,2.6136600625563466,0.009068964353794489,38.606789101675325,1232,***
Nordeste,1950,1996,PIB_Serviços,pibse (1996),pibse_1996,densidade_buffer_real_1950,densidade_buffer_sintetica_1950,3.4999082100923506,1.2262464915980085,2.854163689007887,0.004388415706324647,38.61768059769291,1232,***
Nordeste,1950,1999,PIB_Serviços,pibse (1999),pibse_1999,densidade_buffer_real_1950,densidade_buffer_sintetica_1950,3.485665475798437,1.3009175869133296,2.6793899251287936,0.00747544383925892,38.61768059769291,1232,***
Nordeste,1950,2000,PIB_Serviços,pibse (2000),pibse_2000,densidade_buffer_real_1950,densidade_buffer_sintetica_1950,3.524514828564127,1.3020087741380149,2.7069823941067566,0.00688510873580409,38.61768059769291,1232,***
Nordeste,1950,2001,PIB_Serviços,pibse (2001),pibse_2001,densidade_buffer_real_1950,densidade_buffer_sintetica_1950,3.4853461692863754,1.3084780701480339,2.6636641826882608,0.007831865722383018,38.61768059769291,1232,***
Nordeste,1950,2002,PIB_Serviços,pibse (2002),pibse_2002,densidade_buffer_real_1950,densidade_buffer_sintetica_1950,4.273375222041038,1.4635793994342883,2.9198109946701964,0.0035671582936785975,38.61768059769291,1232,***
Nordeste,1950,2003,PIB_Serviços,pibse (2003),pibse_2003,densidade_buffer_real_1950,densidade_buffer_sintetica_1950,4.277617969981023,1.4545882791910503,2.940775772206801,0.0033360175480144612,38.61768059769291,1232,***
Nordeste,1950,2004,PIB_Serviços,pibse (2004),pibse_2004,densidade_buffer_real_1950,densidade_buffer_sintetica_1950,4.135364731514917,1.4439273075506214,2.863970166565978,0.00425572124365536,38.61768059769291,1232,***
Nordeste,1950,2005,PIB_Serviços,pibse (2005),pibse_2005,densidade_buffer_real_1950,densidade_buffer_sintetica_1950,4.053615290732871,1.4448467156114537,2.80556770966351,0.005103056634497244,38.61768059769291,1232,***
Nordeste,1950,2006,PIB_Serviços,pibse (2006),pibse_2006,densidade_buffer_real_1950,densidade_buffer_sintetica_1950,4.144348525287175,1.4525317384305472,2.853189651996948,0.004401798612723251,38.61768059769291,1232,***
Nordeste,1950,2007,PIB_Serviços,pibse (2007),pibse_2007,densidade_buffer_real_1950,densidade_buffer_sintetica_1950,4.231087983072276,1.4641311972092936,2.889828446478661,0.0039231119105438885,38.61768059769291,1232,***
Nordeste,1950,2008,PIB_Serviços,pibse (2008),pibse_2008,densidade_buffer_real_1950,densidade_buffer_sintetica_1950,4.288321483150441,1.4845094152631835,2.8887128899685557,0.003936958471400582,38.61768059769291,1232,***
Nordeste,1950,2009,PIB_Serviços,pibse (2009),pibse_2009,densidade_buffer_real_1950,densidade_buffer_sintetica_1950,4.197139931713933,1.4707914079723843,2.8536608991346095,0.004395319234374503,38.61768059769291,1232,***
Nordeste,1950,2010,PIB_Serviços,pibse (2010),pibse_2010,densidade_buffer_real_1950,densidade_buffer_sintetica_1950,4.3959380164842985,1.5115745920363959,2.908184643777376,0.003701540185839938,38.61768059769291,1232,***
Nordeste,1950,2011,PIB_Serviços,pibse (2011),pibse_2011,densidade_buffer_real_1950,densidade_buffer_sintetica_1950,4.541767504506366,1.5213081168210598,2.985435661775661,0.002888515857268461,38.61768059769291,1232,***
Nordeste,1950,2012,PIB_Serviços,pibse (2012),pibse_2012,densidade_buffer_real_1950,densidade_buffer_sintetica_1950,4.4537272266255385,1.5209410367450598,2.928270800133636,0.003472186227334781,38.61768059769291,1232,***
Nordeste,1950,2013,PIB_Serviços,pibse (2013),pibse_2013,densidade_buffer_real_1950,densidade_buffer_sintetica_1950,4.52133821820944,1.5424729375439423,2.9312269331666214,0.0034395469637716453,38.61768059769291,1232,***
Nordeste,1950,2014,PIB_Serviços,pibse (2014),pibse_2014,densidade_buffer_real_1950,densidade_buffer_sintetica_1950,4.518102295895486,1.5451468564480657,2.9240601157365425,0.0035191646769197576,38.61768059769291,1232,***
Nordeste,1950,2015,PIB_Serviços,pibse (2015),pibse_2015,densidade_buffer_real_1950,densidade_buffer_sintetica_1950,4.605311284412997,1.5517616895329938,2.9677954517610083,0.003058275200421441,38.61768059769291,1232,***
Nordeste,1950,2016,PIB_Serviços,pibse (2016),pibse_2016,densidade_buffer_real_1950,densidade_buffer_sintetica_1950,4.676692470134097,1.556202617640608,3.00519509292725,0.0027086189605247768,38.61768059769291,1232,***
Nordeste,1950,2017,PIB_Serviços,pibse (2017),pibse_2017,densidade_buffer_real_1950,densidade_buffer_sintetica_1950,4.749803443888997,1.5606889005483588,3.0434018222466506,0.0023895307309728013,38.61768059769291,1232,***
Nordeste,1950,2018,PIB_Serviços,pibse (2018),pibse_2018,densidade_buffer_real_1950,densidade_buffer_sintetica_1950,4.707111081816874,1.5477709780686164,3.041219371932297,0.002406786505339105,38.61768059769291,1232,***
Nordeste,1950,2019,PIB_Serviços,pibse (2019),pibse_2019,densidade_buffer_real_1950,densidade_buffer_sintetica_1950,4.623831330899915,1.541194535499664,3.0001607353226456,0.0027534537045443112,38.61768059769291,1232,***
Nordeste,1950,2020,PIB_Serviços,pibse (2020),pibse_2020,densidade_buffer_real_1950,densidade_buffer_sintetica_1950,4.513757487516879,1.5058403638751456,2.997500661956708,0.0027774167780020803,38.61768059769291,1232,***
Nordeste,1950,2021,PIB_Serviços,pibse (2021),pibse_2021,densidade_buffer_real_1950,densidade_buffer_sintetica_1950,4.546079954533905,1.5138455955523682,3.003001077448155,0.0027280755685442546,38.61768059769291,1232,***
Semiarido,1950,1959,PIB_Serviços,pibse (1959),pibse_1959,densidade_buffer_real_1950,densidade_buffer_sintetica_1950,2.9955729140174716,1.7299526243891974,1.731592456224131,0.08369820621190953,15.854796691165589,893,*
Semiarido,1950,1970,PIB_Serviços,pibse (1970),pibse_1970,densidade_buffer_real_1950,densidade_buffer_sintetica_1950,5.3411749538869175,2.011781476732651,2.654947873643592,0.00807602688108438,15.854796691165589,893,***
Semiarido,1950,1975,PIB_Serviços,pibse (1975),pibse_1975,densidade_buffer_real_1950,densidade_buffer_sintetica_1950,5.1837436489282425,1.9952896519381191,2.5979905443267484,0.009534559580188288,15.854796691165589,893,***
Semiarido,1950,1980,PIB_Serviços,pibse (1980),pibse_1980,densidade_buffer_real_1950,densidade_buffer_sintetica_1950,5.52138825561335,2.1120209491566992,2.614267750430205,0.009095432652819048,15.854796691165589,893,***
Semiarido,1950,1985,PIB_Serviços,pibse (1985),pibse_1985,densidade_buffer_real_1950,densidade_buffer_sintetica_1950,6.501971530556355,2.287417162236209,2.8424948618466876,0.00458057098366628,15.823917204782017,893,***
Semiarido,1950,1996,PIB_Serviços,pibse (1996),pibse_1996,densidade_buffer_real_1950,densidade_buffer_sintetica_1950,7.060959755046566,2.4042321629932863,2.936887653252097,0.003402061602404288,15.854796691165589,893,***
Semiarido,1950,1999,PIB_Serviços,pibse (1999),pibse_1999,densidade_buffer_real_1950,densidade_buffer_sintetica_1950,7.546548929000627,2.647402234677196,2.8505486737721952,0.004466857223361352,15.854796691165589,893,***
Semiarido,1950,2000,PIB_Serviços,pibse (2000),pibse_2000,densidade_buffer_real_1950,densidade_buffer_sintetica_1950,7.531943666967687,2.656323879001165,2.835476398984848,0.00468111497872215,15.854796691165589,893,***
Semiarido,1950,2001,PIB_Serviços,pibse (2001),pibse_2001,densidade_buffer_real_1950,densidade_buffer_sintetica_1950,7.309966103755808,2.6137479210706465,2.796737223519815,0.005275224216571733,15.854796691165589,893,***
Semiarido,1950,2002,PIB_Serviços,pibse (2002),pibse_2002,densidade_buffer_real_1950,densidade_buffer_sintetica_1950,8.019359375188436,2.839459261722986,2.8242558304295877,0.004846625273605947,15.854796691165589,893,***
Semiarido,1950,2003,PIB_Serviços,pibse (2003),pibse_2003,densidade_buffer_real_1950,densidade_buffer_sintetica_1950,8.103395200180733,2.8359688871695137,2.8573639283710417,0.004372930825550437,15.854796691165589,893,***
Semiarido,1950,2004,PIB_Serviços,pibse (2004),pibse_2004,densidade_buffer_real_1950,densidade_buffer_sintetica_1950,8.05015534447828,2.850680902099714,2.823941234021953,0.00485134126804245,15.854796691165589,893,***
Semiarido,1950,2005,PIB_Serviços,pibse (2005),pibse_2005,densidade_buffer_real_1950,densidade_buffer_sintetica_1950,7.94243634707966,2.834355981268227,2.802201417030839,0.005187485757137047,15.854796691165589,893,***
Semiarido,1950,2006,PIB_Serviços,pibse (2006),pibse_2006,densidade_buffer_real_1950,densidade_buffer_sintetica_1950,7.963456412084394,2.836134390586717,2.8078558048996323,0.005098085947095136,15.854796691165589,893,***
Semiarido,1950,2007,PIB_Serviços,pibse (2007),pibse_2007,densidade_buffer_real_1950,densidade_buffer_sintetica_1950,8.102902699258873,2.8735103993349416,2.81986197131364,0.004912869648531647,15.854796691165589,893,***
Semiarido,1950,2008,PIB_Serviços,pibse (2008),pibse_2008,densidade_buffer_real_1950,densidade_buffer_sintetica_1950,8.096763892498583,2.8922010054639444,2.7995163120413076,0.005230434029963233,15.854796691165589,893,***
Semiarido,1950,2009,PIB_Serviços,pibse (2009),pibse_2009,densidade_buffer_real_1950,densidade_buffer_sintetica_1950,8.298129882467181,2.9322571750632713,2.8299461428679518,0.004762038134953553,15.854796691165589,893,***
Semiarido,1950,2010,PIB_Serviços,pibse (2010),pibse_2010,densidade_buffer_real_1950,densidade_buffer_sintetica_1950,8.588371697185277,3.019388525431098,2.8444076093052844,0.0045530565242599555,15.854796691165589,893,***
Semiarido,1950,2011,PIB_Serviços,pibse (2011),pibse_2011,densidade_buffer_real_1950,densidade_buffer_sintetica_1950,8.764299064606494,3.05292229302276,2.870790090084076,0.004193122325439741,15.854796691165589,893,***
Semiarido,1950,2012,PIB_Serviços,pibse (2012),pibse_2012,densidade_buffer_real_1950,densidade_buffer_sintetica_1950,8.846869706993854,3.0787604553583643,2.8735167400232466,0.004157437158667355,15.854796691165589,893,***
Semiarido,1950,2013,PIB_Serviços,pibse (2013),pibse_2013,densidade_buffer_real_1950,densidade_buffer_sintetica_1950,9.04436504415564,3.125537329981464,2.893699255292298,0.0039017627875904464,15.854796691165589,893,***
Semiarido,1950,2014,PIB_Serviços,pibse (2014),pibse_2014,densidade_buffer_real_1950,densidade_buffer_sintetica_1950,9.029465067578194,3.1063246248640484,2.906800208614184,0.003743544300638731,15.854796691165589,893,***
Semiarido,1950,2015,PIB_Serviços,pibse (2015),pibse_2015,densidade_buffer_real_1950,densidade_buffer_sintetica_1950,9.175495796441492,3.1222402320603613,2.938753944114863,0.0033818459931937318,15.854796691165589,893,***
Semiarido,1950,2016,PIB_Serviços,pibse (2016),pibse_2016,densidade_buffer_real_1950,densidade_buffer_sintetica_1950,9.278644342595362,3.137161620160676,2.9576558258799994,0.003183189074926342,15.854796691165589,893,***
Semiarido,1950,2017,PIB_Serviços,pibse (2017),pibse_2017,densidade_buffer_real_1950,densidade_buffer_sintetica_1950,9.18858620774297,3.105569607373538,2.9587442464424423,0.0031720809917993764,15.854796691165589,893,***
Semiarido,1950,2018,PIB_Serviços,pibse (2018),pibse_2018,densidade_buffer_real_1950,densidade_buffer_sintetica_1950,9.059652591730197,3.0593781734606607,2.9612725456174114,0.0031464144135052545,15.854796691165589,893,***
Semiarido,1950,2019,PIB_Serviços,pibse (2019),pibse_2019,densidade_buffer_real_1950,densidade_buffer_sintetica_1950,9.036723639575225,3.0637981930056997,2.9495166033471234,0.0032673877675271517,15.854796691165589,893,***
Semiarido,1950,2020,PIB_Serviços,pibse (2020),pibse_2020,densidade_buffer_real_1950,densidade_buffer_sintetica_1950,8.685100730379208,2.9601617711797807,2.9339953021951692,0.0034336092887889426,15.854796691165589,893,***
Semiarido,1950,2021,PIB_Serviços,pibse (2021),pibse_2021,densidade_buffer_real_1950,densidade_buffer_sintetica_1950,8.774974232054035,2.992891860894464,2.9319382857459884,0.003456207813979662,15.854796691165589,893,***
Nao_Semiarido,1950,1959,PIB_Total,pib (1959),pib_1959,densidade_buffer_real_1950,densidade_buffer_sintetica_1950,-0.758526046697193,1.428066893690481,-0.5311558233360991,0.5956792740059031,20.692662961500933,339,
Nao_Semiarido,1950,1970,PIB_Total,pib (1970),pib_1970,densidade_buffer_real_1950,densidade_buffer_sintetica_1950,5.93406778496286e-4,1.2376037525299326,4.7948042924339296e-4,0.9996177296848228,20.540242683215304,339,
Nao_Semiarido,1950,1975,PIB_Total,pib (1975),pib_1975,densidade_buffer_real_1950,densidade_buffer_sintetica_1950,0.19330017044844805,1.2812451216006338,0.150869000154289,0.8801741128622036,20.692662961500933,339,
Nao_Semiarido,1950,1980,PIB_Total,pib (1980),pib_1980,densidade_buffer_real_1950,densidade_buffer_sintetica_1950,0.48771747074604255,1.3581933805665132,0.3590928049896781,0.7197632275724828,20.623987234752583,339,
Nao_Semiarido,1950,1985,PIB_Total,pib (1985),pib_1985,densidade_buffer_real_1950,densidade_buffer_sintetica_1950,0.6014741802131469,1.4229038007952794,0.4227089560636321,0.6727915238935231,20.692662961500933,339,
Nao_Semiarido,1950,1996,PIB_Total,pib (1996),pib_1996,densidade_buffer_real_1950,densidade_buffer_sintetica_1950,0.48778368425486296,1.380956716727995,0.35322155889911283,0.7241549193227546,20.692662961500933,339,
Nao_Semiarido,1950,1999,PIB_Total,pib (1999),pib_1999,densidade_buffer_real_1950,densidade_buffer_sintetica_1950,-0.5424676197118692,1.2373589016425806,-0.4384076592423987,0.661386611495663,20.692662961500933,339,
Nao_Semiarido,1950,2000,PIB_Total,pib (2000),pib_2000,densidade_buffer_real_1950,densidade_buffer_sintetica_1950,-0.5825098034394782,1.2443016008473093,-0.46814197059846036,0.6400017604385775,20.692662961500933,339,
Nao_Semiarido,1950,2001,PIB_Total,pib (2001),pib_2001,densidade_buffer_real_1950,densidade_buffer_sintetica_1950,-0.1962805697438308,1.2377063729423832,-0.15858411496841174,0.8740965776120933,20.692662961500933,339,
Nao_Semiarido,1950,2002,PIB_Total,pib (2002),pib_2002,densidade_buffer_real_1950,densidade_buffer_sintetica_1950,-0.022741314606553653,1.221347192952269,-0.01861986070609686,0.9851559631280229,20.692662961500933,339,
Nao_Semiarido,1950,2003,PIB_Total,pib (2003),pib_2003,densidade_buffer_real_1950,densidade_buffer_sintetica_1950,0.22618862070059215,1.2442210151292237,0.18179135213939496,0.8558615708671026,20.692662961500933,339,
Nao_Semiarido,1950,2004,PIB_Total,pib (2004),pib_2004,densidade_buffer_real_1950,densidade_buffer_sintetica_1950,0.1302448707251968,1.2249390664651156,0.10632763236219797,0.9153890326021266,20.692662961500933,339,
Nao_Semiarido,1950,2005,PIB_Total,pib (2005),pib_2005,densidade_buffer_real_1950,densidade_buffer_sintetica_1950,0.11149357409232485,1.2422673819994687,0.08975006162753175,0.9285419802818894,20.692662961500933,339,
Nao_Semiarido,1950,2006,PIB_Total,pib (2006),pib_2006,densidade_buffer_real_1950,densidade_buffer_sintetica_1950,0.19103531695272413,1.2261466509917482,0.15580136095320116,0.8762878344212841,20.692662961500933,339,
Nao_Semiarido,1950,2007,PIB_Total,pib (2007),pib_2007,densidade_buffer_real_1950,densidade_buffer_sintetica_1950,0.2799044417523354,1.2303352591389283,0.22750257677588745,0.8201782492388936,20.692662961500933,339,
Nao_Semiarido,1950,2008,PIB_Total,pib (2008),pib_2008,densidade_buffer_real_1950,densidade_buffer_sintetica_1950,0.42678662194283434,1.268494141702514,0.3364513937526122,0.7367510246133588,20.692662961500933,339,
Nao_Semiarido,1950,2009,PIB_Total,pib (2009),pib_2009,densidade_buffer_real_1950,densidade_buffer_sintetica_1950,0.2215345500726636,1.2624828275952855,0.17547529774692586,0.8608171621920051,20.692662961500933,339,
Nao_Semiarido,1950,2010,PIB_Total,pib (2010),pib_2010,densidade_buffer_real_1950,densidade_buffer_sintetica_1950,0.24274253751509256,1.2677030289002316,0.1914821783818554,0.848269281431319,20.692662961500933,339,
Nordeste,1950,1959,PIB_Total,pib (1959),pib_1959,densidade_buffer_real_1950,densidade_buffer_sintetica_1950,0.8336709286564759,0.948286813423227,0.8791337355488489,0.3795028859487741,38.61768059769291,1232,
Nordeste,1950,1970,PIB_Total,pib (1970),pib_1970,densidade_buffer_real_1950,densidade_buffer_sintetica_1950,3.12924443941415,1.0990495926130777,2.8472276960442913,0.004484709015330033,38.29324798816769,1232,***
Nordeste,1950,1975,PIB_Total,pib (1975),pib_1975,densidade_buffer_real_1950,densidade_buffer_sintetica_1950,1.9237217158873436,0.9539507901497294,2.016583806786723,0.043958995241598624,38.61768059769291,1232,**
Nordeste,1950,1980,PIB_Total,pib (1980),pib_1980,densidade_buffer_real_1950,densidade_buffer_sintetica_1950,2.877842750127644,1.1353811247979646,2.5346931416001315,0.011379873230220374,38.38072974835945,1232,**
Nordeste,1950,1985,PIB_Total,pib (1985),pib_1985,densidade_buffer_real_1950,densidade_buffer_sintetica_1950,3.459307923685035,1.2401224768659653,2.7894889321153102,0.005361876290283988,38.5211752359799,1232,***
Nordeste,1950,1996,PIB_Total,pib (1996),pib_1996,densidade_buffer_real_1950,densidade_buffer_sintetica_1950,3.8548316065302526,1.28438953913906,3.0012947700540966,0.002743295448588824,38.61768059769291,1232,***
Nordeste,1950,1999,PIB_Total,pib (1999),pib_1999,densidade_buffer_real_1950,densidade_buffer_sintetica_1950,3.443318339929665,1.2134746938102594,2.8375691372003735,0.004621538803629425,38.61768059769291,1232,***
Nordeste,1950,2000,PIB_Total,pib (2000),pib_2000,densidade_buffer_real_1950,densidade_buffer_sintetica_1950,3.384246088412546,1.2093234120926424,2.7984623919224094,0.0052159445653834876,38.61768059769291,1232,***
Nordeste,1950,2001,PIB_Total,pib (2001),pib_2001,densidade_buffer_real_1950,densidade_buffer_sintetica_1950,3.661575413268919,1.260418978186053,2.9050462398928003,0.0037385965750366653,38.61768059769291,1232,***
Nordeste,1950,2002,PIB_Total,pib (2002),pib_2002,densidade_buffer_real_1950,densidade_buffer_sintetica_1950,3.8067087383033416,1.2783173096762928,2.9779059623837147,0.002959895336280383,38.61768059769291,1232,***
Nordeste,1950,2003,PIB_Total,pib (2003),pib_2003,densidade_buffer_real_1950,densidade_buffer_sintetica_1950,4.183090323292346,1.3420552795964158,3.1169284804350896,0.001870406658604513,38.61768059769291,1232,***
Nordeste,1950,2004,PIB_Total,pib (2004),pib_2004,densidade_buffer_real_1950,densidade_buffer_sintetica_1950,4.060887777664703,1.324832580097979,3.065208267571724,0.0022232378177645274,38.61768059769291,1232,***
Nordeste,1950,2005,PIB_Total,pib (2005),pib_2005,densidade_buffer_real_1950,densidade_buffer_sintetica_1950,4.036960511443649,1.3333179984786836,3.0277552062222384,0.002515792208420017,38.61768059769291,1232,***
Nordeste,1950,2006,PIB_Total,pib (2006),pib_2006,densidade_buffer_real_1950,densidade_buffer_sintetica_1950,4.187133212012576,1.3582221202071858,3.0828044615956207,0.0020968672151097482,38.61768059769291,1232,***
Nordeste,1950,2007,PIB_Total,pib (2007),pib_2007,densidade_buffer_real_1950,densidade_buffer_sintetica_1950,4.2056819945511075,1.3673693603069483,3.0757468440034463,0.00214673893565755,38.61768059769291,1232,***
Nordeste,1950,2008,PIB_Total,pib (2008),pib_2008,densidade_buffer_real_1950,densidade_buffer_sintetica_1950,4.225233647586046,1.3861323336997855,3.048218084855068,0.002351850977868197,38.61768059769291,1232,***
Nordeste,1950,2009,PIB_Total,pib (2009),pib_2009,densidade_buffer_real_1950,densidade_buffer_sintetica_1950,4.105182530984004,1.3532121760040996,3.033657695208004,0.0024674607853720425,38.61768059769291,1232,***
Nordeste,1950,2010,PIB_Total,pib (2010),pib_2010,densidade_buffer_real_1950,densidade_buffer_sintetica_1950,4.20141255412909,1.3736617258726156,3.0585496232415967,0.0022728536513674912,38.61768059769291,1232,***
Semiarido,1950,1959,PIB_Total,pib (1959),pib_1959,densidade_buffer_real_1950,densidade_buffer_sintetica_1950,2.446016821669693,1.2996524998745993,1.882054489108207,0.060159913697007454,15.854796691165589,893,*
Semiarido,1950,1970,PIB_Total,pib (1970),pib_1970,densidade_buffer_real_1950,densidade_buffer_sintetica_1950,6.571809838802199,2.269495533600441,2.8957139335614164,0.003877259028310801,15.727855603973387,893,***
Semiarido,1950,1975,PIB_Total,pib (1975),pib_1975,densidade_buffer_real_1950,densidade_buffer_sintetica_1950,4.253993580269567,1.7289869241549252,2.4603966177180814,0.014070386745904443,15.854796691165589,893,**
Semiarido,1950,1980,PIB_Total,pib (1980),pib_1980,densidade_buffer_real_1950,densidade_buffer_sintetica_1950,4.999757117353317,1.9650113342735522,2.5443909814401575,0.01111806355709018,15.754890855045193,893,**
Semiarido,1950,1985,PIB_Total,pib (1985),pib_1985,densidade_buffer_real_1950,densidade_buffer_sintetica_1950,6.541228206892978,2.252119843223435,2.9044760768727955,0.0037713921274510633,15.695595744773184,893,***
Semiarido,1950,1996,PIB_Total,pib (1996),pib_1996,densidade_buffer_real_1950,densidade_buffer_sintetica_1950,6.415146538745132,2.2133572874515766,2.8983782126433946,0.003844570238920575,15.854796691165589,893,***
Semiarido,1950,1999,PIB_Total,pib (1999),pib_1999,densidade_buffer_real_1950,densidade_buffer_sintetica_1950,6.608258251032987,2.3303745132767064,2.8357065413237845,0.004677774541181414,15.854796691165589,893,***
Semiarido,1950,2000,PIB_Total,pib (2000),pib_2000,densidade_buffer_real_1950,densidade_buffer_sintetica_1950,6.499558004587158,2.333902040452591,2.78484610404932,0.005470817012504625,15.854796691165589,893,***
Semiarido,1950,2001,PIB_Total,pib (2001),pib_2001,densidade_buffer_real_1950,densidade_buffer_sintetica_1950,6.595194498464673,2.3736682171518964,2.7784820350242874,0.005578169719165106,15.854796691165589,893,***
Semiarido,1950,2002,PIB_Total,pib (2002),pib_2002,densidade_buffer_real_1950,densidade_buffer_sintetica_1950,6.779546344234882,2.3915276320915226,2.834818319998166,0.0046906787112414505,15.854796691165589,893,***
Semiarido,1950,2003,PIB_Total,pib (2003),pib_2003,densidade_buffer_real_1950,densidade_buffer_sintetica_1950,7.168224856989278,2.4789929285327665,2.8915874565370028,0.0039278287024639485,15.854796691165589,893,***
Semiarido,1950,2004,PIB_Total,pib (2004),pib_2004,densidade_buffer_real_1950,densidade_buffer_sintetica_1950,7.082812056748756,2.4776185352393885,2.8587177388323872,0.004354487783940419,15.854796691165589,893,***
Semiarido,1950,2005,PIB_Total,pib (2005),pib_2005,densidade_buffer_real_1950,densidade_buffer_sintetica_1950,7.003331949034664,2.477360192226049,2.8269332699423786,0.004806656646776865,15.854796691165589,893,***
Semiarido,1950,2006,PIB_Total,pib (2006),pib_2006,densidade_buffer_real_1950,densidade_buffer_sintetica_1950,7.268204305395901,2.5590464400875845,2.8402002369082227,0.004612981801999116,15.854796691165589,893,***
Semiarido,1950,2007,PIB_Total,pib (2007),pib_2007,densidade_buffer_real_1950,densidade_buffer_sintetica_1950,7.330298516837215,2.6193966220163905,2.798468340084523,0.005247283470242643,15.854796691165589,893,***
Semiarido,1950,2008,PIB_Total,pib (2008),pib_2008,densidade_buffer_real_1950,densidade_buffer_sintetica_1950,7.300104530896668,2.646082142542975,2.758835190158163,0.005921702179018946,15.854796691165589,893,***
Semiarido,1950,2009,PIB_Total,pib (2009),pib_2009,densidade_buffer_real_1950,densidade_buffer_sintetica_1950,7.2242064941498345,2.5788452562096666,2.8013338438025643,0.005201327562897061,15.854796691165589,893,***
Semiarido,1950,2010,PIB_Total,pib (2010),pib_2010,densidade_buffer_real_1950,densidade_buffer_sintetica_1950,7.43822298377185,2.6493065478977957,2.8076112934813158,0.005101922799673443,15.854796691165589,893,***
Nao_Semiarido,1950,1950,Urbanização,tx_urbanizacao (1950),tx_urbanizacao_1950,densidade_buffer_real_1950,densidade_buffer_sintetica_1950,0.08422316376410299,0.12162155260514973,0.6925019617003048,0.4891243729927617,20.692662961500933,339,
Nao_Semiarido,1950,1950,Urbanização,pop_urbana (1950),pop_urbana_1950,densidade_buffer_real_1950,densidade_buffer_sintetica_1950,-19198.91729576874,13745.669137585564,-1.3967248231860936,0.1634642542942238,20.692662961500933,339,
Nao_Semiarido,1950,1960,Urbanização,tx_urbanizacao (1960),tx_urbanizacao_1960,densidade_buffer_real_1950,densidade_buffer_sintetica_1950,0.008721847690721034,0.0229356938461305,0.3802739846997262,0.7039943294976291,20.692662961500933,339,
Nao_Semiarido,1950,1960,Urbanização,pop_urbana (1960),pop_urbana_1960,densidade_buffer_real_1950,densidade_buffer_sintetica_1950,-12276.823068850123,7851.456297747969,-1.5636364265787839,0.11889133629029215,20.692662961500933,339,
Nao_Semiarido,1950,1970,Urbanização,tx_urbanizacao (1970),tx_urbanizacao_1970,densidade_buffer_real_1950,densidade_buffer_sintetica_1950,0.07440146490306007,0.19587475986850802,0.37984202228508795,0.7043146540097993,20.692662961500933,339,
Nao_Semiarido,1950,1970,Urbanização,pop_urbana (1970),pop_urbana_1970,densidade_buffer_real_1950,densidade_buffer_sintetica_1950,-38219.48047535199,32315.027606549083,-1.1827153899013316,0.23779995988428546,20.692662961500933,339,
Nao_Semiarido,1950,1980,Urbanização,tx_urbanizacao (1980),tx_urbanizacao_1980,densidade_buffer_real_1950,densidade_buffer_sintetica_1950,0.033662877857654844,0.20691037926860859,0.16269303636022095,0.8708628190692922,20.692662961500933,339,
Nao_Semiarido,1950,1980,Urbanização,pop_urbana (1980),pop_urbana_1980,densidade_buffer_real_1950,densidade_buffer_sintetica_1950,-62171.01909892162,50165.48472765415,-1.2393186159058345,0.2161356906484517,20.692662961500933,339,
Nao_Semiarido,1950,1991,Urbanização,tx_urbanizacao (1991),tx_urbanizacao_1991,densidade_buffer_real_1950,densidade_buffer_sintetica_1950,0.1386491849449855,0.19935357904879614,0.6954938336524576,0.4872506282078568,20.692662961500933,339,
Nao_Semiarido,1950,1991,Urbanização,pop_urbana (1991),pop_urbana_1991,densidade_buffer_real_1950,densidade_buffer_sintetica_1950,-94625.42561855697,73973.04797500857,-1.2791878692159029,0.20175769341287317,20.692662961500933,339,
Nao_Semiarido,1950,1996,Urbanização,tx_urbanizacao (1996),tx_urbanizacao_1996,densidade_buffer_real_1950,densidade_buffer_sintetica_1950,0.09481626875799695,0.19382939634348906,0.48917383300297285,0.6250537505408066,20.692662961500933,339,
Nao_Semiarido,1950,1996,Urbanização,pop_urbana (1996),pop_urbana_1996,densidade_buffer_real_1950,densidade_buffer_sintetica_1950,-105439.1192500153,81141.19798519606,-1.2994523357820316,0.19472411665500122,20.692662961500933,339,
Nao_Semiarido,1950,2000,Urbanização,tx_urbanizacao (2000),tx_urbanizacao_2000,densidade_buffer_real_1950,densidade_buffer_sintetica_1950,0.16915218810482213,0.19225543617140875,0.8798304561542358,0.37961140759238876,20.692662961500933,339,
Nao_Semiarido,1950,2000,Urbanização,pop_urbana (2000),pop_urbana_2000,densidade_buffer_real_1950,densidade_buffer_sintetica_1950,-114255.50580993433,88065.3288687524,-1.297394868986571,0.19542988837014555,20.692662961500933,339,
Nao_Semiarido,1950,2007,Urbanização,tx_urbanizacao (2007),tx_urbanizacao_2007,densidade_buffer_real_1950,densidade_buffer_sintetica_1950,0.2446899128165041,0.19669107879385717,1.2440315764038912,0.2143984230406305,20.692662961500933,339,
Nao_Semiarido,1950,2007,Urbanização,pop_urbana (2007),pop_urbana_2007,densidade_buffer_real_1950,densidade_buffer_sintetica_1950,-96009.24613163812,92703.74408311724,-1.035656618631899,0.30114435944284945,20.692662961500933,339,
Nao_Semiarido,1950,2010,Urbanização,tx_urbanizacao (2010),tx_urbanizacao_2010,densidade_buffer_real_1950,densidade_buffer_sintetica_1950,0.16865016453562953,0.1928084087385601,0.8747033681726605,0.3823913419459055,20.692662961500933,339,
Nao_Semiarido,1950,2010,Urbanização,pop_urbana (2010),pop_urbana_2010,densidade_buffer_real_1950,densidade_buffer_sintetica_1950,-129208.84840761301,104024.91171069701,-1.2420952470207798,0.2151109547070972,20.692662961500933,339,
Nao_Semiarido,1950,2022,Urbanização,tx_urbanizacao (2022),tx_urbanizacao_2022,densidade_buffer_real_1950,densidade_buffer_sintetica_1950,0.27922011155614357,0.19132175761536635,1.4594268578563252,0.1454285962990454,20.692662961500933,339,
Nao_Semiarido,1950,2022,Urbanização,pop_urbana (2022),pop_urbana_2022,densidade_buffer_real_1950,densidade_buffer_sintetica_1950,-124588.3053355531,115292.1382282525,-1.0806314051431354,0.28067485074156834,20.692662961500933,339,
Nordeste,1950,1950,Urbanização,tx_urbanizacao (1950),tx_urbanizacao_1950,densidade_buffer_real_1950,densidade_buffer_sintetica_1950,0.22083049539691052,0.08827812896286734,2.5015312172032895,0.012496691246975491,38.61768059769291,1232,**
Nordeste,1950,1950,Urbanização,pop_urbana (1950),pop_urbana_1950,densidade_buffer_real_1950,densidade_buffer_sintetica_1950,2331.0448972783706,4965.06256392742,0.4694895315547621,0.6388041453281519,38.61768059769291,1232,
Nordeste,1950,1960,Urbanização,tx_urbanizacao (1960),tx_urbanizacao_1960,densidade_buffer_real_1950,densidade_buffer_sintetica_1950,0.01554966864252769,0.014870116813563565,1.0456991587547102,0.29590828361934124,38.61768059769291,1232,
Nordeste,1950,1960,Urbanização,pop_urbana (1960),pop_urbana_1960,densidade_buffer_real_1950,densidade_buffer_sintetica_1950,4994.1183194474,4784.413708978226,1.0438307853845605,0.296771663511775,38.61768059769291,1232,
Nordeste,1950,1970,Urbanização,tx_urbanizacao (1970),tx_urbanizacao_1970,densidade_buffer_real_1950,densidade_buffer_sintetica_1950,0.2456732007649024,0.1486960794729948,1.6521834444836183,0.09875596512022206,38.61768059769291,1232,*
Nordeste,1950,1970,Urbanização,pop_urbana (1970),pop_urbana_1970,densidade_buffer_real_1950,densidade_buffer_sintetica_1950,-1289.5322166582773,11813.294894578332,-0.1091594028732918,0.913094114424017,38.61768059769291,1232,
Nordeste,1950,1980,Urbanização,tx_urbanizacao (1980),tx_urbanizacao_1980,densidade_buffer_real_1950,densidade_buffer_sintetica_1950,0.3566173289621495,0.16336867078629708,2.1828991277565173,0.02923444329204863,38.61768059769291,1232,**
Nordeste,1950,1980,Urbanização,pop_urbana (1980),pop_urbana_1980,densidade_buffer_real_1950,densidade_buffer_sintetica_1950,-1290.5551283509194,18448.910918696347,-0.06995291668100882,0.9442426650463115,38.61768059769291,1232,
Nordeste,1950,1991,Urbanização,tx_urbanizacao (1991),tx_urbanizacao_1991,densidade_buffer_real_1950,densidade_buffer_sintetica_1950,0.3511203528717701,0.17019012832176886,2.063106458254304,0.039314931946433304,38.61768059769291,1232,**
Nordeste,1950,1991,Urbanização,pop_urbana (1991),pop_urbana_1991,densidade_buffer_real_1950,densidade_buffer_sintetica_1950,1057.0124082638213,27020.648359829996,0.039118691534997335,0.9688021957886019,38.61768059769291,1232,
Nordeste,1950,1996,Urbanização,tx_urbanizacao (1996),tx_urbanizacao_1996,densidade_buffer_real_1950,densidade_buffer_sintetica_1950,0.27758227990811113,0.1655093101446029,1.6771399727640204,0.09377275700315497,38.61768059769291,1232,*
Nordeste,1950,1996,Urbanização,pop_urbana (1996),pop_urbana_1996,densidade_buffer_real_1950,densidade_buffer_sintetica_1950,1916.3748424287478,29827.221453101392,0.06424919080853526,0.9487823957410074,38.61768059769291,1232,
Nordeste,1950,2000,Urbanização,tx_urbanizacao (2000),tx_urbanizacao_2000,densidade_buffer_real_1950,densidade_buffer_sintetica_1950,0.26027762996837733,0.1657102481243003,1.570679139730341,0.1165179922852627,38.61768059769291,1232,
Nordeste,1950,2000,Urbanização,pop_urbana (2000),pop_urbana_2000,densidade_buffer_real_1950,densidade_buffer_sintetica_1950,2964.891465660854,32999.367054361785,0.089846919208378,0.9284236953621607,38.61768059769291,1232,
Nordeste,1950,2007,Urbanização,tx_urbanizacao (2007),tx_urbanizacao_2007,densidade_buffer_real_1950,densidade_buffer_sintetica_1950,0.26175908698971195,0.16362958048930298,1.5997051768205446,0.10992441088686315,38.61768059769291,1232,
Nordeste,1950,2007,Urbanização,pop_urbana (2007),pop_urbana_2007,densidade_buffer_real_1950,densidade_buffer_sintetica_1950,8620.977122786251,35119.16510698396,0.245477849388619,0.8061279823941008,38.61768059769291,1232,
Nordeste,1950,2010,Urbanização,tx_urbanizacao (2010),tx_urbanizacao_2010,densidade_buffer_real_1950,densidade_buffer_sintetica_1950,0.21353440368212517,0.16240080964854517,1.3148604624831566,0.18880532749683865,38.61768059769291,1232,
Nordeste,1950,2010,Urbanização,pop_urbana (2010),pop_urbana_2010,densidade_buffer_real_1950,densidade_buffer_sintetica_1950,9776.395871878383,40276.79171285054,0.24273025372969734,0.8082554051020813,38.61768059769291,1232,
Nordeste,1950,2022,Urbanização,tx_urbanizacao (2022),tx_urbanizacao_2022,densidade_buffer_real_1950,densidade_buffer_sintetica_1950,0.32643330850518737,0.16140963750187323,2.022390444321511,0.04335513561750366,38.61768059769291,1232,**
Nordeste,1950,2022,Urbanização,pop_urbana (2022),pop_urbana_2022,densidade_buffer_real_1950,densidade_buffer_sintetica_1950,26567.005274287745,46449.97383358002,0.5719487672796425,0.5674626568684877,38.61768059769291,1232,
Semiarido,1950,1950,Urbanização,tx_urbanizacao (1950),tx_urbanizacao_1950,densidade_buffer_real_1950,densidade_buffer_sintetica_1950,0.22670230738530928,0.12514935790056053,1.8114540193281639,0.07041297367743077,15.854796691165589,893,*
Semiarido,1950,1950,Urbanização,pop_urbana (1950),pop_urbana_1950,densidade_buffer_real_1950,densidade_buffer_sintetica_1950,13615.804581000328,5808.0777301436765,2.3442875962790377,0.01928602694471191,15.854796691165589,893,**
Semiarido,1950,1960,Urbanização,tx_urbanizacao (1960),tx_urbanizacao_1960,densidade_buffer_real_1950,densidade_buffer_sintetica_1950,0.01815571409681755,0.023168836718507252,0.7836264857576892,0.433471127201714,15.854796691165589,893,
Semiarido,1950,1960,Urbanização,pop_urbana (1960),pop_urbana_1960,densidade_buffer_real_1950,densidade_buffer_sintetica_1950,21176.916400783528,9373.890975495866,2.259138329658597,0.02411985170442053,15.854796691165589,893,**
Semiarido,1950,1970,Urbanização,tx_urbanizacao (1970),tx_urbanizacao_1970,densidade_buffer_real_1950,densidade_buffer_sintetica_1950,0.40226081344112324,0.24893955777648794,1.6158975175905785,0.10647653186297333,15.854796691165589,893,
Semiarido,1950,1970,Urbanização,pop_urbana (1970),pop_urbana_1970,densidade_buffer_real_1950,densidade_buffer_sintetica_1950,21339.158596191195,10459.18984386533,2.0402305450748974,0.041626814758143574,15.854796691165589,893,**
Semiarido,1950,1980,Urbanização,tx_urbanizacao (1980),tx_urbanizacao_1980,densidade_buffer_real_1950,densidade_buffer_sintetica_1950,0.6342336734173112,0.29682560339397013,2.1367215838706026,0.0328971159023667,15.854796691165589,893,**
Semiarido,1950,1980,Urbanização,pop_urbana (1980),pop_urbana_1980,densidade_buffer_real_1950,densidade_buffer_sintetica_1950,37767.0906956112,16952.06754881524,2.227875189079853,0.026142085291461364,15.854796691165589,893,**
Semiarido,1950,1991,Urbanização,tx_urbanizacao (1991),tx_urbanizacao_1991,densidade_buffer_real_1950,densidade_buffer_sintetica_1950,0.5781892437518005,0.30001540598701737,1.9271985111885241,0.054278005491808765,15.854796691165589,893,*
Semiarido,1950,1991,Urbanização,pop_urbana (1991),pop_urbana_1991,densidade_buffer_real_1950,densidade_buffer_sintetica_1950,69045.9230565122,28653.63147760534,2.4096744285441107,0.016172044777014852,15.854796691165589,893,**
Semiarido,1950,1996,Urbanização,tx_urbanizacao (1996),tx_urbanizacao_1996,densidade_buffer_real_1950,densidade_buffer_sintetica_1950,0.4910994996956234,0.29394450891550017,1.670721802246012,0.09513383893694517,15.854796691165589,893,*
Semiarido,1950,1996,Urbanização,pop_urbana (1996),pop_urbana_1996,densidade_buffer_real_1950,densidade_buffer_sintetica_1950,78860.94438846607,33363.18168176204,2.3637117449015768,0.01831030011680735,15.854796691165589,893,**
Semiarido,1950,2000,Urbanização,tx_urbanizacao (2000),tx_urbanizacao_2000,densidade_buffer_real_1950,densidade_buffer_sintetica_1950,0.4053425495920365,0.2837605806293316,1.4284667330925853,0.15351400309463226,15.854796691165589,893,
Semiarido,1950,2000,Urbanização,pop_urbana (2000),pop_urbana_2000,densidade_buffer_real_1950,densidade_buffer_sintetica_1950,89123.9773020779,38384.0363509356,2.32190217014281,0.020466698441181295,15.854796691165589,893,**
Semiarido,1950,2007,Urbanização,tx_urbanizacao (2007),tx_urbanizacao_2007,densidade_buffer_real_1950,densidade_buffer_sintetica_1950,0.3314714465010822,0.2826065430157965,1.172907898606418,0.24115157849275184,15.854796691165589,893,
Semiarido,1950,2007,Urbanização,pop_urbana (2007),pop_urbana_2007,densidade_buffer_real_1950,densidade_buffer_sintetica_1950,91045.18625071702,36137.54080031458,2.519407359615474,0.011932164778053029,15.854796691165589,893,**
Semiarido,1950,2010,Urbanização,tx_urbanizacao (2010),tx_urbanizacao_2010,densidade_buffer_real_1950,densidade_buffer_sintetica_1950,0.26839711563684177,0.27894917534050456,0.9621721064750156,0.33622867013356317,15.854796691165589,893,
Semiarido,1950,2010,Urbanização,pop_urbana (2010),pop_urbana_2010,densidade_buffer_real_1950,densidade_buffer_sintetica_1950,109505.05710946675,48855.4964178094,2.2414071115557967,0.025249432937708705,15.854796691165589,893,**
Semiarido,1950,2022,Urbanização,tx_urbanizacao (2022),tx_urbanizacao_2022,densidade_buffer_real_1950,densidade_buffer_sintetica_1950,0.3289881845365942,0.264958009894652,1.2416615925949954,0.21469379467726382,15.854796691165589,893,
Semiarido,1950,2022,Urbanização,pop_urbana (2022),pop_urbana_2022,densidade_buffer_real_1950,densidade_buffer_sintetica_1950,131398.74813401338,57556.452774351324,2.2829542440559876,0.022671862298881375,15.854796691165589,893,**
