ano_tratamento,ano_outcome,escopo,outcome_var,outcome_coluna,variavel_endogena,variavel_instrumento,coeficiente,erro_padrao,t_estatistica,p_valor,F_stat_1estagio,n_observacoes,significancia
1950,1991,IDH_Educação,adh_idhm_e (1991),adh_idhm_e_1991,densidade_buffer_real_1950,densidade_buffer_sintetica_1950,0.07292993098982826,0.0440663676379924,1.6550021002173723,0.09818275820161419,38.61768059769291,1232,*
1950,2000,IDH_Educação,adh_idhm_e (2000),adh_idhm_e_2000,densidade_buffer_real_1950,densidade_buffer_sintetica_1950,0.09492237439603553,0.05641059450390723,1.6827047335844123,0.09268961471220873,38.61768059769291,1232,*
1950,2010,IDH_Educação,adh_idhm_e (2010),adh_idhm_e_2010,densidade_buffer_real_1950,densidade_buffer_sintetica_1950,0.06093355373126444,0.045518236216882856,1.3386624525812358,0.18093141813727634,38.61768059769291,1232,
1950,1991,IDH_Geral,adh_idhm (1991),adh_idhm_1991,densidade_buffer_real_1950,densidade_buffer_sintetica_1950,0.1046788363493254,0.04833404898798101,2.1657369606124943,0.030525647891202125,38.61768059769291,1232,**
1950,2000,IDH_Geral,adh_idhm (2000),adh_idhm_2000,densidade_buffer_real_1950,densidade_buffer_sintetica_1950,0.10404894254187122,0.047022389203853564,2.212753207643142,0.027100322546182536,38.61768059769291,1232,**
1950,2010,IDH_Geral,adh_idhm (2010),adh_idhm_2010,densidade_buffer_real_1950,densidade_buffer_sintetica_1950,0.04999070371485832,0.03215084629324677,1.5548798703118052,0.12023553666889983,38.61768059769291,1232,
1950,1991,IDH_Longevidade,adh_idhm_l (1991),adh_idhm_l_1991,densidade_buffer_real_1950,densidade_buffer_sintetica_1950,0.03995895794494693,0.045007112296010385,0.887836519751325,0.3748047033827494,38.61768059769291,1232,
1950,2000,IDH_Longevidade,adh_idhm_l (2000),adh_idhm_l_2000,densidade_buffer_real_1950,densidade_buffer_sintetica_1950,0.05532058531412687,0.03753993341382186,1.4736463356048024,0.140836289736102,38.61768059769291,1232,
1950,2010,IDH_Longevidade,adh_idhm_l (2010),adh_idhm_l_2010,densidade_buffer_real_1950,densidade_buffer_sintetica_1950,0.01000425907424149,0.026483177854226676,0.3777590109959113,0.7056757148253907,38.61768059769291,1232,
1950,1991,IDH_Renda,adh_idhm_r (1991),adh_idhm_r_1991,densidade_buffer_real_1950,densidade_buffer_sintetica_1950,0.1422504694760718,0.05297063428598434,2.685459054691937,0.007341830075347708,38.61768059769291,1232,***
1950,2000,IDH_Renda,adh_idhm_r (2000),adh_idhm_r_2000,densidade_buffer_real_1950,densidade_buffer_sintetica_1950,0.12404760913004259,0.04706549655145665,2.635637956022019,0.008505038798203022,38.61768059769291,1232,***
1950,2010,IDH_Renda,adh_idhm_r (2010),adh_idhm_r_2010,densidade_buffer_real_1950,densidade_buffer_sintetica_1950,0.0650420397386245,0.035967864109512686,1.8083375632366883,0.07080154015345766,38.61768059769291,1232,*
1950,1959,PIB_Agropecuário,pibag (1959),pibag_1959,densidade_buffer_real_1950,densidade_buffer_sintetica_1950,0.34386653849556215,0.8348510382684071,0.4118896937695465,0.6804930474796633,38.61768059769291,1232,
1950,1970,PIB_Agropecuário,pibag (1970),pibag_1970,densidade_buffer_real_1950,densidade_buffer_sintetica_1950,2.759583827463451,1.113139697488427,2.479099284384422,0.013307454060883657,38.33952854228018,1232,**
1950,1975,PIB_Agropecuário,pibag (1975),pibag_1975,densidade_buffer_real_1950,densidade_buffer_sintetica_1950,0.4154830790898072,0.7702142263101401,0.539438334033713,0.5896835188172782,38.006746557098474,1232,
1950,1980,PIB_Agropecuário,pibag (1980),pibag_1980,densidade_buffer_real_1950,densidade_buffer_sintetica_1950,1.7300158200730804,0.9513047092726697,1.8185716975960127,0.06922536019594355,38.21132834588357,1232,*
1950,1985,PIB_Agropecuário,pibag (1985),pibag_1985,densidade_buffer_real_1950,densidade_buffer_sintetica_1950,1.66637330815378,0.9449443186527529,1.7634619048555147,0.07807601882487489,38.37351227149618,1232,*
1950,1996,PIB_Agropecuário,pibag (1996),pibag_1996,densidade_buffer_real_1950,densidade_buffer_sintetica_1950,1.23639102205916,1.0475945207413333,1.1802190614592223,0.23814506356407594,38.14993155688449,1232,
1950,1999,PIB_Agropecuário,pibag (1999),pibag_1999,densidade_buffer_real_1950,densidade_buffer_sintetica_1950,2.16623493757083,1.10151625873993,1.966593702437834,0.049457771711852075,38.61768059769291,1232,**
1950,2000,PIB_Agropecuário,pibag (2000),pibag_2000,densidade_buffer_real_1950,densidade_buffer_sintetica_1950,1.7670264129508255,1.005132725940829,1.7580030650149665,0.07899917619200639,38.61768059769291,1232,*
1950,2001,PIB_Agropecuário,pibag (2001),pibag_2001,densidade_buffer_real_1950,densidade_buffer_sintetica_1950,2.2020753853477597,1.1107641795066345,1.9824868554240291,0.047650102395622305,38.61768059769291,1232,**
1950,2002,PIB_Agropecuário,pibag (2002),pibag_2002,densidade_buffer_real_1950,densidade_buffer_sintetica_1950,1.4751549476163237,1.0060760577878582,1.466245952477855,0.14284047448733148,38.61768059769291,1232,
1950,2003,PIB_Agropecuário,pibag (2003),pibag_2003,densidade_buffer_real_1950,densidade_buffer_sintetica_1950,1.9387845559029628,1.0917395360763182,1.7758673125193405,0.07600543957912513,38.61768059769291,1232,*
1950,2004,PIB_Agropecuário,pibag (2004),pibag_2004,densidade_buffer_real_1950,densidade_buffer_sintetica_1950,1.6963751361799466,1.0332451618661203,1.641793447274568,0.10089203080282111,38.61768059769291,1232,
1950,2005,PIB_Agropecuário,pibag (2005),pibag_2005,densidade_buffer_real_1950,densidade_buffer_sintetica_1950,1.7463761380204845,1.0347866969296295,1.6876677514334595,0.091732103233824,38.61768059769291,1232,*
1950,2006,PIB_Agropecuário,pibag (2006),pibag_2006,densidade_buffer_real_1950,densidade_buffer_sintetica_1950,1.150143393620331,0.9562125745040378,1.2028114085582695,0.22928403001995837,38.61768059769291,1232,
1950,2007,PIB_Agropecuário,pibag (2007),pibag_2007,densidade_buffer_real_1950,densidade_buffer_sintetica_1950,1.4122308202263505,0.9901921989047368,1.4262188914318206,0.15406247607065698,38.61768059769291,1232,
1950,2008,PIB_Agropecuário,pibag (2008),pibag_2008,densidade_buffer_real_1950,densidade_buffer_sintetica_1950,0.8539440299011201,0.934970506493987,0.913337933089777,0.36124633467498035,38.61768059769291,1232,
1950,2009,PIB_Agropecuário,pibag (2009),pibag_2009,densidade_buffer_real_1950,densidade_buffer_sintetica_1950,1.279659223765624,0.9742961568761311,1.3134191433830276,0.18929012808894516,38.61768059769291,1232,
1950,2010,PIB_Agropecuário,pibag (2010),pibag_2010,densidade_buffer_real_1950,densidade_buffer_sintetica_1950,2.062773062143251,1.0934206434611857,1.88653202633308,0.0594619733538363,38.61768059769291,1232,*
1950,2011,PIB_Agropecuário,pibag (2011),pibag_2011,densidade_buffer_real_1950,densidade_buffer_sintetica_1950,1.880097776817593,1.0289455187931362,1.8272082850633184,0.06791405743023766,38.61768059769291,1232,*
1950,2012,PIB_Agropecuário,pibag (2012),pibag_2012,densidade_buffer_real_1950,densidade_buffer_sintetica_1950,1.801970378693945,1.1137922878376807,1.6178693265979558,0.1059507454668135,38.61768059769291,1232,
1950,2013,PIB_Agropecuário,pibag (2013),pibag_2013,densidade_buffer_real_1950,densidade_buffer_sintetica_1950,1.8796759766012516,1.1156741551797134,1.6847893875416273,0.09228644982569477,38.61768059769291,1232,*
1950,2014,PIB_Agropecuário,pibag (2014),pibag_2014,densidade_buffer_real_1950,densidade_buffer_sintetica_1950,1.8218620829428813,1.117859979873668,1.6297766408533334,0.10340834247161608,38.61768059769291,1232,
1950,2015,PIB_Agropecuário,pibag (2015),pibag_2015,densidade_buffer_real_1950,densidade_buffer_sintetica_1950,2.1117997393521555,1.1744771341838327,1.7980765039071507,0.0724134622519709,38.61768059769291,1232,*
1950,2016,PIB_Agropecuário,pibag (2016),pibag_2016,densidade_buffer_real_1950,densidade_buffer_sintetica_1950,2.3172964353769565,1.2302050189913591,1.8836668682077886,0.059849086570199855,38.61768059769291,1232,*
1950,2017,PIB_Agropecuário,pibag (2017),pibag_2017,densidade_buffer_real_1950,densidade_buffer_sintetica_1950,1.5790357212526644,1.170655165711507,1.3488478652831553,0.17763758751389075,38.61768059769291,1232,
1950,2018,PIB_Agropecuário,pibag (2018),pibag_2018,densidade_buffer_real_1950,densidade_buffer_sintetica_1950,1.2355761966757441,1.1101766299994793,1.112954608561994,0.26594842966533294,38.61768059769291,1232,
1950,2019,PIB_Agropecuário,pibag (2019),pibag_2019,densidade_buffer_real_1950,densidade_buffer_sintetica_1950,1.1488010811295735,1.1254247056566677,1.0207711589726174,0.30756640965237275,38.61768059769291,1232,
1950,2020,PIB_Agropecuário,pibag (2020),pibag_2020,densidade_buffer_real_1950,densidade_buffer_sintetica_1950,1.2224507407134864,1.1089685973130547,1.1023312505650658,0.2705363503326396,38.61768059769291,1232,
1950,2021,PIB_Agropecuário,pibag (2021),pibag_2021,densidade_buffer_real_1950,densidade_buffer_sintetica_1950,1.0579712981667981,1.1076855171373694,0.9551188327359832,0.33970790764052416,38.61768059769291,1232,
1950,1959,PIB_Indústria,pibi (1959),pibi_1959,densidade_buffer_real_1950,densidade_buffer_sintetica_1950,3.6168186127969264,1.4119358145314949,2.561602712795447,0.01053907066464905,38.61768059769291,1232,**
1950,1970,PIB_Indústria,pibi (1970),pibi_1970,densidade_buffer_real_1950,densidade_buffer_sintetica_1950,5.772772566945745,1.861747285765383,3.1007283378809927,0.0019751772724384783,38.356129694043396,1232,***
1950,1975,PIB_Indústria,pibi (1975),pibi_1975,densidade_buffer_real_1950,densidade_buffer_sintetica_1950,5.663186313819517,1.8653015780317606,3.036070081383424,0.002447953453955849,38.61768059769291,1232,***
1950,1980,PIB_Indústria,pibi (1980),pibi_1980,densidade_buffer_real_1950,densidade_buffer_sintetica_1950,6.205791879020381,1.924606801199818,3.224446611719148,0.001295808508180748,38.61768059769291,1232,***
1950,1985,PIB_Indústria,pibi (1985),pibi_1985,densidade_buffer_real_1950,densidade_buffer_sintetica_1950,8.64204053254297,2.430611879073215,3.5554999985592737,3.9179471812509194e-4,38.79234342410064,1232,***
1950,1996,PIB_Indústria,pibi (1996),pibi_1996,densidade_buffer_real_1950,densidade_buffer_sintetica_1950,12.132429634139662,3.367273919215611,3.603042082470632,3.2724735413966797e-4,38.61768059769291,1232,***
1950,1999,PIB_Indústria,pibi (1999),pibi_1999,densidade_buffer_real_1950,densidade_buffer_sintetica_1950,5.8203845505979235,1.766211931224952,3.2954055216698768,0.0010112132004608696,38.61768059769291,1232,***
1950,2000,PIB_Indústria,pibi (2000),pibi_2000,densidade_buffer_real_1950,densidade_buffer_sintetica_1950,6.041735967475613,1.8152998335788129,3.3282303318259547,9.002211263588366e-4,38.61768059769291,1232,***
1950,2001,PIB_Indústria,pibi (2001),pibi_2001,densidade_buffer_real_1950,densidade_buffer_sintetica_1950,6.146390984023888,1.8358937843581762,3.3479011892687742,8.392392238813862e-4,38.61768059769291,1232,***
1950,2002,PIB_Indústria,pibi (2002),pibi_2002,densidade_buffer_real_1950,densidade_buffer_sintetica_1950,8.243438288693497,2.3502251629811086,3.5075100116097935,4.6885855482516834e-4,38.61768059769291,1232,***
1950,2003,PIB_Indústria,pibi (2003),pibi_2003,densidade_buffer_real_1950,densidade_buffer_sintetica_1950,9.549927921881242,2.6057837658688614,3.664896545510926,2.5812674235204725e-4,38.61768059769291,1232,***
1950,2004,PIB_Indústria,pibi (2004),pibi_2004,densidade_buffer_real_1950,densidade_buffer_sintetica_1950,8.708118942754702,2.440881575671779,3.567612222382421,3.7429602103291487e-4,38.61768059769291,1232,***
1950,2005,PIB_Indústria,pibi (2005),pibi_2005,densidade_buffer_real_1950,densidade_buffer_sintetica_1950,8.825435550388168,2.517869651528048,3.505120110182104,4.730447432053125e-4,38.61768059769291,1232,***
1950,2006,PIB_Indústria,pibi (2006),pibi_2006,densidade_buffer_real_1950,densidade_buffer_sintetica_1950,8.637118953113289,2.462910667239248,3.506874637395964,4.699680963905485e-4,38.61768059769291,1232,***
1950,2007,PIB_Indústria,pibi (2007),pibi_2007,densidade_buffer_real_1950,densidade_buffer_sintetica_1950,8.546318573878462,2.4519397960970966,3.4855336119924982,5.086918097627074e-4,38.61768059769291,1232,***
1950,2008,PIB_Indústria,pibi (2008),pibi_2008,densidade_buffer_real_1950,densidade_buffer_sintetica_1950,8.660268071554938,2.4952643123167597,3.4706816543671892,5.373767986553487e-4,38.61768059769291,1232,***
1950,2009,PIB_Indústria,pibi (2009),pibi_2009,densidade_buffer_real_1950,densidade_buffer_sintetica_1950,7.878394885027576,2.3161759037848304,3.4014665605291903,6.920779795657084e-4,38.61768059769291,1232,***
1950,2010,PIB_Indústria,pibi (2010),pibi_2010,densidade_buffer_real_1950,densidade_buffer_sintetica_1950,7.857387060251926,2.3462717301904843,3.348881955635214,8.363015361684165e-4,38.61768059769291,1232,***
1950,2011,PIB_Indústria,pibi (2011),pibi_2011,densidade_buffer_real_1950,densidade_buffer_sintetica_1950,7.702049362749999,2.2414827937262265,3.4361403015484058,6.100436641986585e-4,39.52507349437356,1232,***
1950,2012,PIB_Indústria,pibi (2012),pibi_2012,densidade_buffer_real_1950,densidade_buffer_sintetica_1950,7.916232199822539,2.308704606904139,3.428863171212632,6.264904382495048e-4,39.28774926332991,1232,***
1950,2013,PIB_Indústria,pibi (2013),pibi_2013,densidade_buffer_real_1950,densidade_buffer_sintetica_1950,7.545330002063114,2.2745456884771253,3.3172910266379096,9.359111075083631e-4,39.52507349437356,1232,***
1950,2014,PIB_Indústria,pibi (2014),pibi_2014,densidade_buffer_real_1950,densidade_buffer_sintetica_1950,7.763168038238254,2.2941003027984554,3.383970626205124,7.372926668590014e-4,39.52507349437356,1232,***
1950,2015,PIB_Indústria,pibi (2015),pibi_2015,densidade_buffer_real_1950,densidade_buffer_sintetica_1950,8.337094945614423,2.428280888782553,3.433332191563029,6.163186971954019e-4,38.61768059769291,1232,***
1950,2016,PIB_Indústria,pibi (2016),pibi_2016,densidade_buffer_real_1950,densidade_buffer_sintetica_1950,8.432437661856756,2.4388691461013585,3.45751951281863,5.640523148752026e-4,38.61768059769291,1232,***
1950,2017,PIB_Indústria,pibi (2017),pibi_2017,densidade_buffer_real_1950,densidade_buffer_sintetica_1950,8.294130858256114,2.405747347527385,3.4476317169302004,5.848984604447293e-4,38.61768059769291,1232,***
1950,2018,PIB_Indústria,pibi (2018),pibi_2018,densidade_buffer_real_1950,densidade_buffer_sintetica_1950,8.225714009520111,2.3899804797269604,3.4417494533092774,5.976382722710148e-4,38.61768059769291,1232,***
1950,2019,PIB_Indústria,pibi (2019),pibi_2019,densidade_buffer_real_1950,densidade_buffer_sintetica_1950,8.304738909179799,2.3899751183714075,3.4748223298821905,5.292313969428365e-4,38.61768059769291,1232,***
1950,2020,PIB_Indústria,pibi (2020),pibi_2020,densidade_buffer_real_1950,densidade_buffer_sintetica_1950,7.934896888218304,2.3188501736017657,3.4219101253503523,6.42538503099081e-4,38.61768059769291,1232,***
1950,2021,PIB_Indústria,pibi (2021),pibi_2021,densidade_buffer_real_1950,densidade_buffer_sintetica_1950,8.252779167713012,2.3918013003925234,3.4504451378794014,5.78895058983066e-4,38.61768059769291,1232,***
1950,1959,PIB_Serviços,pibse (1959),pibse_1959,densidade_buffer_real_1950,densidade_buffer_sintetica_1950,0.8341969743835203,1.0634743198680476,0.7844072572312086,0.43295433562034213,38.61768059769291,1232,
1950,1970,PIB_Serviços,pibse (1970),pibse_1970,densidade_buffer_real_1950,densidade_buffer_sintetica_1950,2.3060393604829024,1.0249822786665943,2.249833395639623,0.024638199864756103,38.61768059769291,1232,**
1950,1975,PIB_Serviços,pibse (1975),pibse_1975,densidade_buffer_real_1950,densidade_buffer_sintetica_1950,2.1869787205860387,1.0372574445970413,2.1084242219496883,0.035198939828884834,38.61768059769291,1232,**
1950,1980,PIB_Serviços,pibse (1980),pibse_1980,densidade_buffer_real_1950,densidade_buffer_sintetica_1950,2.493773965210254,1.1350108018094223,2.197136768420799,0.028199248307975756,38.61768059769291,1232,**
1950,1985,PIB_Serviços,pibse (1985),pibse_1985,densidade_buffer_real_1950,densidade_buffer_sintetica_1950,3.109420135224279,1.1896803948494523,2.6136600625563466,0.009068964353794489,38.606789101675325,1232,***
1950,1996,PIB_Serviços,pibse (1996),pibse_1996,densidade_buffer_real_1950,densidade_buffer_sintetica_1950,3.4999082100923506,1.2262464915980085,2.854163689007887,0.004388415706324647,38.61768059769291,1232,***
1950,1999,PIB_Serviços,pibse (1999),pibse_1999,densidade_buffer_real_1950,densidade_buffer_sintetica_1950,3.485665475798437,1.3009175869133296,2.6793899251287936,0.00747544383925892,38.61768059769291,1232,***
1950,2000,PIB_Serviços,pibse (2000),pibse_2000,densidade_buffer_real_1950,densidade_buffer_sintetica_1950,3.524514828564127,1.3020087741380149,2.7069823941067566,0.00688510873580409,38.61768059769291,1232,***
1950,2001,PIB_Serviços,pibse (2001),pibse_2001,densidade_buffer_real_1950,densidade_buffer_sintetica_1950,3.4853461692863754,1.3084780701480339,2.6636641826882608,0.007831865722383018,38.61768059769291,1232,***
1950,2002,PIB_Serviços,pibse (2002),pibse_2002,densidade_buffer_real_1950,densidade_buffer_sintetica_1950,4.273375222041038,1.4635793994342883,2.9198109946701964,0.0035671582936785975,38.61768059769291,1232,***
1950,2003,PIB_Serviços,pibse (2003),pibse_2003,densidade_buffer_real_1950,densidade_buffer_sintetica_1950,4.277617969981023,1.4545882791910503,2.940775772206801,0.0033360175480144612,38.61768059769291,1232,***
1950,2004,PIB_Serviços,pibse (2004),pibse_2004,densidade_buffer_real_1950,densidade_buffer_sintetica_1950,4.135364731514917,1.4439273075506214,2.863970166565978,0.00425572124365536,38.61768059769291,1232,***
1950,2005,PIB_Serviços,pibse (2005),pibse_2005,densidade_buffer_real_1950,densidade_buffer_sintetica_1950,4.053615290732871,1.4448467156114537,2.80556770966351,0.005103056634497244,38.61768059769291,1232,***
1950,2006,PIB_Serviços,pibse (2006),pibse_2006,densidade_buffer_real_1950,densidade_buffer_sintetica_1950,4.144348525287175,1.4525317384305472,2.853189651996948,0.004401798612723251,38.61768059769291,1232,***
1950,2007,PIB_Serviços,pibse (2007),pibse_2007,densidade_buffer_real_1950,densidade_buffer_sintetica_1950,4.231087983072276,1.4641311972092936,2.889828446478661,0.0039231119105438885,38.61768059769291,1232,***
1950,2008,PIB_Serviços,pibse (2008),pibse_2008,densidade_buffer_real_1950,densidade_buffer_sintetica_1950,4.288321483150441,1.4845094152631835,2.8887128899685557,0.003936958471400582,38.61768059769291,1232,***
1950,2009,PIB_Serviços,pibse (2009),pibse_2009,densidade_buffer_real_1950,densidade_buffer_sintetica_1950,4.197139931713933,1.4707914079723843,2.8536608991346095,0.004395319234374503,38.61768059769291,1232,***
1950,2010,PIB_Serviços,pibse (2010),pibse_2010,densidade_buffer_real_1950,densidade_buffer_sintetica_1950,4.3959380164842985,1.5115745920363959,2.908184643777376,0.003701540185839938,38.61768059769291,1232,***
1950,2011,PIB_Serviços,pibse (2011),pibse_2011,densidade_buffer_real_1950,densidade_buffer_sintetica_1950,4.541767504506366,1.5213081168210598,2.985435661775661,0.002888515857268461,38.61768059769291,1232,***
1950,2012,PIB_Serviços,pibse (2012),pibse_2012,densidade_buffer_real_1950,densidade_buffer_sintetica_1950,4.4537272266255385,1.5209410367450598,2.928270800133636,0.003472186227334781,38.61768059769291,1232,***
1950,2013,PIB_Serviços,pibse (2013),pibse_2013,densidade_buffer_real_1950,densidade_buffer_sintetica_1950,4.52133821820944,1.5424729375439423,2.9312269331666214,0.0034395469637716453,38.61768059769291,1232,***
1950,2014,PIB_Serviços,pibse (2014),pibse_2014,densidade_buffer_real_1950,densidade_buffer_sintetica_1950,4.518102295895486,1.5451468564480657,2.9240601157365425,0.0035191646769197576,38.61768059769291,1232,***
1950,2015,PIB_Serviços,pibse (2015),pibse_2015,densidade_buffer_real_1950,densidade_buffer_sintetica_1950,4.605311284412997,1.5517616895329938,2.9677954517610083,0.003058275200421441,38.61768059769291,1232,***
1950,2016,PIB_Serviços,pibse (2016),pibse_2016,densidade_buffer_real_1950,densidade_buffer_sintetica_1950,4.676692470134097,1.556202617640608,3.00519509292725,0.0027086189605247768,38.61768059769291,1232,***
1950,2017,PIB_Serviços,pibse (2017),pibse_2017,densidade_buffer_real_1950,densidade_buffer_sintetica_1950,4.749803443888997,1.5606889005483588,3.0434018222466506,0.0023895307309728013,38.61768059769291,1232,***
1950,2018,PIB_Serviços,pibse (2018),pibse_2018,densidade_buffer_real_1950,densidade_buffer_sintetica_1950,4.707111081816874,1.5477709780686164,3.041219371932297,0.002406786505339105,38.61768059769291,1232,***
1950,2019,PIB_Serviços,pibse (2019),pibse_2019,densidade_buffer_real_1950,densidade_buffer_sintetica_1950,4.623831330899915,1.541194535499664,3.0001607353226456,0.0027534537045443112,38.61768059769291,1232,***
1950,2020,PIB_Serviços,pibse (2020),pibse_2020,densidade_buffer_real_1950,densidade_buffer_sintetica_1950,4.513757487516879,1.5058403638751456,2.997500661956708,0.0027774167780020803,38.61768059769291,1232,***
1950,2021,PIB_Serviços,pibse (2021),pibse_2021,densidade_buffer_real_1950,densidade_buffer_sintetica_1950,4.546079954533905,1.5138455955523682,3.003001077448155,0.0027280755685442546,38.61768059769291,1232,***
1950,1959,PIB_Total,pib (1959),pib_1959,densidade_buffer_real_1950,densidade_buffer_sintetica_1950,0.8336709286564759,0.948286813423227,0.8791337355488489,0.3795028859487741,38.61768059769291,1232,
1950,1970,PIB_Total,pib (1970),pib_1970,densidade_buffer_real_1950,densidade_buffer_sintetica_1950,3.12924443941415,1.0990495926130777,2.8472276960442913,0.004484709015330033,38.29324798816769,1232,***
1950,1975,PIB_Total,pib (1975),pib_1975,densidade_buffer_real_1950,densidade_buffer_sintetica_1950,1.9237217158873436,0.9539507901497294,2.016583806786723,0.043958995241598624,38.61768059769291,1232,**
1950,1980,PIB_Total,pib (1980),pib_1980,densidade_buffer_real_1950,densidade_buffer_sintetica_1950,2.877842750127644,1.1353811247979646,2.5346931416001315,0.011379873230220374,38.38072974835945,1232,**
1950,1985,PIB_Total,pib (1985),pib_1985,densidade_buffer_real_1950,densidade_buffer_sintetica_1950,3.459307923685035,1.2401224768659653,2.7894889321153102,0.005361876290283988,38.5211752359799,1232,***
1950,1996,PIB_Total,pib (1996),pib_1996,densidade_buffer_real_1950,densidade_buffer_sintetica_1950,3.8548316065302526,1.28438953913906,3.0012947700540966,0.002743295448588824,38.61768059769291,1232,***
1950,1999,PIB_Total,pib (1999),pib_1999,densidade_buffer_real_1950,densidade_buffer_sintetica_1950,3.443318339929665,1.2134746938102594,2.8375691372003735,0.004621538803629425,38.61768059769291,1232,***
1950,2000,PIB_Total,pib (2000),pib_2000,densidade_buffer_real_1950,densidade_buffer_sintetica_1950,3.384246088412546,1.2093234120926424,2.7984623919224094,0.0052159445653834876,38.61768059769291,1232,***
1950,2001,PIB_Total,pib (2001),pib_2001,densidade_buffer_real_1950,densidade_buffer_sintetica_1950,3.661575413268919,1.260418978186053,2.9050462398928003,0.0037385965750366653,38.61768059769291,1232,***
1950,2002,PIB_Total,pib (2002),pib_2002,densidade_buffer_real_1950,densidade_buffer_sintetica_1950,3.8067087383033416,1.2783173096762928,2.9779059623837147,0.002959895336280383,38.61768059769291,1232,***
1950,2003,PIB_Total,pib (2003),pib_2003,densidade_buffer_real_1950,densidade_buffer_sintetica_1950,4.183090323292346,1.3420552795964158,3.1169284804350896,0.001870406658604513,38.61768059769291,1232,***
1950,2004,PIB_Total,pib (2004),pib_2004,densidade_buffer_real_1950,densidade_buffer_sintetica_1950,4.060887777664703,1.324832580097979,3.065208267571724,0.0022232378177645274,38.61768059769291,1232,***
1950,2005,PIB_Total,pib (2005),pib_2005,densidade_buffer_real_1950,densidade_buffer_sintetica_1950,4.036960511443649,1.3333179984786836,3.0277552062222384,0.002515792208420017,38.61768059769291,1232,***
1950,2006,PIB_Total,pib (2006),pib_2006,densidade_buffer_real_1950,densidade_buffer_sintetica_1950,4.187133212012576,1.3582221202071858,3.0828044615956207,0.0020968672151097482,38.61768059769291,1232,***
1950,2007,PIB_Total,pib (2007),pib_2007,densidade_buffer_real_1950,densidade_buffer_sintetica_1950,4.2056819945511075,1.3673693603069483,3.0757468440034463,0.00214673893565755,38.61768059769291,1232,***
1950,2008,PIB_Total,pib (2008),pib_2008,densidade_buffer_real_1950,densidade_buffer_sintetica_1950,4.225233647586046,1.3861323336997855,3.048218084855068,0.002351850977868197,38.61768059769291,1232,***
1950,2009,PIB_Total,pib (2009),pib_2009,densidade_buffer_real_1950,densidade_buffer_sintetica_1950,4.105182530984004,1.3532121760040996,3.033657695208004,0.0024674607853720425,38.61768059769291,1232,***
1950,2010,PIB_Total,pib (2010),pib_2010,densidade_buffer_real_1950,densidade_buffer_sintetica_1950,4.20141255412909,1.3736617258726156,3.0585496232415967,0.0022728536513674912,38.61768059769291,1232,***
1950,1950,Urbanização,tx_urbanizacao (1950),tx_urbanizacao_1950,densidade_buffer_real_1950,densidade_buffer_sintetica_1950,0.22083049539691052,0.08827812896286734,2.5015312172032895,0.012496691246975491,38.61768059769291,1232,**
1950,1950,Urbanização,pop_urbana (1950),pop_urbana_1950,densidade_buffer_real_1950,densidade_buffer_sintetica_1950,2331.0448972783706,4965.06256392742,0.4694895315547621,0.6388041453281519,38.61768059769291,1232,
1950,1960,Urbanização,tx_urbanizacao (1960),tx_urbanizacao_1960,densidade_buffer_real_1950,densidade_buffer_sintetica_1950,0.01554966864252769,0.014870116813563565,1.0456991587547102,0.29590828361934124,38.61768059769291,1232,
1950,1960,Urbanização,pop_urbana (1960),pop_urbana_1960,densidade_buffer_real_1950,densidade_buffer_sintetica_1950,4994.1183194474,4784.413708978226,1.0438307853845605,0.296771663511775,38.61768059769291,1232,
1950,1970,Urbanização,tx_urbanizacao (1970),tx_urbanizacao_1970,densidade_buffer_real_1950,densidade_buffer_sintetica_1950,0.2456732007649024,0.1486960794729948,1.6521834444836183,0.09875596512022206,38.61768059769291,1232,*
1950,1970,Urbanização,pop_urbana (1970),pop_urbana_1970,densidade_buffer_real_1950,densidade_buffer_sintetica_1950,-1289.5322166582773,11813.294894578332,-0.1091594028732918,0.913094114424017,38.61768059769291,1232,
1950,1980,Urbanização,tx_urbanizacao (1980),tx_urbanizacao_1980,densidade_buffer_real_1950,densidade_buffer_sintetica_1950,0.3566173289621495,0.16336867078629708,2.1828991277565173,0.02923444329204863,38.61768059769291,1232,**
1950,1980,Urbanização,pop_urbana (1980),pop_urbana_1980,densidade_buffer_real_1950,densidade_buffer_sintetica_1950,-1290.5551283509194,18448.910918696347,-0.06995291668100882,0.9442426650463115,38.61768059769291,1232,
1950,1991,Urbanização,tx_urbanizacao (1991),tx_urbanizacao_1991,densidade_buffer_real_1950,densidade_buffer_sintetica_1950,0.3511203528717701,0.17019012832176886,2.063106458254304,0.039314931946433304,38.61768059769291,1232,**
1950,1991,Urbanização,pop_urbana (1991),pop_urbana_1991,densidade_buffer_real_1950,densidade_buffer_sintetica_1950,1057.0124082638213,27020.648359829996,0.039118691534997335,0.9688021957886019,38.61768059769291,1232,
1950,1996,Urbanização,tx_urbanizacao (1996),tx_urbanizacao_1996,densidade_buffer_real_1950,densidade_buffer_sintetica_1950,0.27758227990811113,0.1655093101446029,1.6771399727640204,0.09377275700315497,38.61768059769291,1232,*
1950,1996,Urbanização,pop_urbana (1996),pop_urbana_1996,densidade_buffer_real_1950,densidade_buffer_sintetica_1950,1916.3748424287478,29827.221453101392,0.06424919080853526,0.9487823957410074,38.61768059769291,1232,
1950,2000,Urbanização,tx_urbanizacao (2000),tx_urbanizacao_2000,densidade_buffer_real_1950,densidade_buffer_sintetica_1950,0.26027762996837733,0.1657102481243003,1.570679139730341,0.1165179922852627,38.61768059769291,1232,
1950,2000,Urbanização,pop_urbana (2000),pop_urbana_2000,densidade_buffer_real_1950,densidade_buffer_sintetica_1950,2964.891465660854,32999.367054361785,0.089846919208378,0.9284236953621607,38.61768059769291,1232,
1950,2007,Urbanização,tx_urbanizacao (2007),tx_urbanizacao_2007,densidade_buffer_real_1950,densidade_buffer_sintetica_1950,0.26175908698971195,0.16362958048930298,1.5997051768205446,0.10992441088686315,38.61768059769291,1232,
1950,2007,Urbanização,pop_urbana (2007),pop_urbana_2007,densidade_buffer_real_1950,densidade_buffer_sintetica_1950,8620.977122786251,35119.16510698396,0.245477849388619,0.8061279823941008,38.61768059769291,1232,
1950,2010,Urbanização,tx_urbanizacao (2010),tx_urbanizacao_2010,densidade_buffer_real_1950,densidade_buffer_sintetica_1950,0.21353440368212517,0.16240080964854517,1.3148604624831566,0.18880532749683865,38.61768059769291,1232,
1950,2010,Urbanização,pop_urbana (2010),pop_urbana_2010,densidade_buffer_real_1950,densidade_buffer_sintetica_1950,9776.395871878383,40276.79171285054,0.24273025372969734,0.8082554051020813,38.61768059769291,1232,
1950,2022,Urbanização,tx_urbanizacao (2022),tx_urbanizacao_2022,densidade_buffer_real_1950,densidade_buffer_sintetica_1950,0.32643330850518737,0.16140963750187323,2.022390444321511,0.04335513561750366,38.61768059769291,1232,**
1950,2022,Urbanização,pop_urbana (2022),pop_urbana_2022,densidade_buffer_real_1950,densidade_buffer_sintetica_1950,26567.005274287745,46449.97383358002,0.5719487672796425,0.5674626568684877,38.61768059769291,1232,
