ano,tipo_outcome,outcome_var,variavel_endogena,variavel_instrumento,coeficiente,erro_padrao,t_estatistica,p_valor,F_stat_1estagio,n_observacoes,significancia,coeficiente_sig
1858,persistencia,log(pib_2010),densidade_buffer_real_1858,densidade_buffer_sintetica_1858,10.314872086142405,0.8655232151754644,11.917499040220784,3.7446937883946063e-31,540442.9956736892,1321,***,+10.3149***
1858,persistencia,log(pib_2003),densidade_buffer_real_1858,densidade_buffer_sintetica_1858,10.33608567440922,0.8859612505263007,11.666521157972905,5.532412554049437e-30,540442.9956736892,1321,***,+10.3361***
1858,persistencia,log(pop_total_2010),densidade_buffer_real_1858,densidade_buffer_sintetica_1858,8.793160404883507,0.8543322196793494,10.292436832341151,6.12275685278425e-24,540442.9956736892,1321,***,+8.7932***
1858,persistencia,log(pop_total_2000),densidade_buffer_real_1858,densidade_buffer_sintetica_1858,9.033939153782416,0.9121818627051571,9.903660139647437,2.4169120076619835e-22,540442.9956736892,1321,***,+9.0339***
1858,contemporaneo,log(pib_1920),densidade_buffer_real_1858,densidade_buffer_sintetica_1858,3.5125351820904807,0.7116061742087709,4.936066197002914,9.003119292160205e-7,540442.9956736892,1321,***,+3.5125***
1858,contemporaneo,log(pop_total_1940),densidade_buffer_real_1858,densidade_buffer_sintetica_1858,1.1861820468682358,0.2420553516733663,4.900457844323518,1.0762996544481308e-6,540442.9956736892,1321,***,+1.1862***
1860,persistencia,log(pib_2010),densidade_buffer_real_1860,densidade_buffer_sintetica_1860,21.015459424160778,11.058471684740626,1.9003945593277243,0.05760257653736533,1793.0965125807872,1318,*,+21.0155*
1860,persistencia,log(pib_2003),densidade_buffer_real_1860,densidade_buffer_sintetica_1860,20.39545514852764,10.715172131187803,1.9034183397916868,0.05720682784878631,1793.0965125807872,1318,*,+20.3955*
1860,persistencia,log(pop_total_2010),densidade_buffer_real_1860,densidade_buffer_sintetica_1860,9.371660512835593,1.0693140427420826,8.7641797809028,5.772926028660415e-18,1793.0965125807872,1318,***,+9.3717***
1860,persistencia,log(pop_total_2000),densidade_buffer_real_1860,densidade_buffer_sintetica_1860,9.417701345945629,0.9479276307462977,9.935042550169287,1.8115590179538094e-22,1793.0965125807872,1318,***,+9.4177***
1860,contemporaneo,log(pib_1920),densidade_buffer_real_1860,densidade_buffer_sintetica_1860,5.074438845898941,1.8090904562059973,2.804966898416452,0.005107178096993583,1793.0965125807872,1318,***,+5.0744***
1860,contemporaneo,log(pop_total_1940),densidade_buffer_real_1860,densidade_buffer_sintetica_1860,-0.08408803540023879,1.259518308660945,-0.06676205881408494,0.9467814022593346,1793.0965125807872,1318,,-0.0841
1862,persistencia,log(pib_2010),densidade_buffer_real_1862,densidade_buffer_sintetica_1862,22.571922055537907,12.217205012392137,1.8475520409654083,0.06489458583142693,135.3441815092272,1317,*,+22.5719*
1862,persistencia,log(pib_2003),densidade_buffer_real_1862,densidade_buffer_sintetica_1862,21.897929023151228,11.84058395364597,1.84939603560755,0.06462786354995878,135.3441815092272,1317,*,+21.8979*
1862,persistencia,log(pop_total_2010),densidade_buffer_real_1862,densidade_buffer_sintetica_1862,10.07314682098541,1.3219203339243681,7.620086144738683,4.867501962823563e-14,135.3441815092272,1317,***,+10.0731***
1862,persistencia,log(pop_total_2000),densidade_buffer_real_1862,densidade_buffer_sintetica_1862,10.1255669411032,1.1788109727165335,8.58964429027085,2.4628815272073852e-17,135.3441815092272,1317,***,+10.1256***
1862,contemporaneo,log(pib_1920),densidade_buffer_real_1862,densidade_buffer_sintetica_1862,5.470214710215982,2.024163363386135,2.7024571282947725,0.006972647475732992,135.3441815092272,1317,***,+5.4702***
1862,contemporaneo,log(pop_total_1940),densidade_buffer_real_1862,densidade_buffer_sintetica_1862,-0.08327522201171807,1.35115722730613,-0.06163251791040489,0.9508649690556454,135.3441815092272,1317,,-0.0833
1863,persistencia,log(pib_2010),densidade_buffer_real_1863,densidade_buffer_sintetica_1863,24.312035454252925,14.321768579657189,1.697558183476448,0.08983107493670713,77.4249323346236,1316,*,+24.3120*
1863,persistencia,log(pib_2003),densidade_buffer_real_1863,densidade_buffer_sintetica_1863,23.580568731228723,13.86398895542295,1.7008502247836181,0.08921082342657465,77.4249323346236,1316,*,+23.5806*
1863,persistencia,log(pop_total_2010),densidade_buffer_real_1863,densidade_buffer_sintetica_1863,10.885425992501993,1.910401540520922,5.69797802274269,1.498755123986134e-8,77.4249323346236,1316,***,+10.8854***
1863,persistencia,log(pop_total_2000),densidade_buffer_real_1863,densidade_buffer_sintetica_1863,10.940422716266921,1.722290717767133,6.352250873447575,2.9298042559196476e-10,77.4249323346236,1316,***,+10.9404***
1863,contemporaneo,log(pib_1920),densidade_buffer_real_1863,densidade_buffer_sintetica_1863,5.873348349016925,2.4569747898840486,2.3904796960876036,0.01696834677089927,77.4249323346236,1316,**,+5.8733**
1863,contemporaneo,log(pop_total_1940),densidade_buffer_real_1863,densidade_buffer_sintetica_1863,-0.06689080333193517,1.4369373840415252,-0.04655095209771656,0.9628782904928239,77.4249323346236,1316,,-0.0669
1873,persistencia,log(pib_2010),densidade_buffer_real_1873,densidade_buffer_sintetica_1873,24.476457388030955,14.464102986294007,1.6922209010281883,0.09084442085140783,75.81103653449412,1314,*,+24.4765*
1873,persistencia,log(pib_2003),densidade_buffer_real_1873,densidade_buffer_sintetica_1873,23.739438479728285,14.000640590970097,1.6955965925615832,0.0902026771748702,75.81103653449412,1314,*,+23.7394*
1873,persistencia,log(pop_total_2010),densidade_buffer_real_1873,densidade_buffer_sintetica_1873,11.012176237014296,1.9956406635386794,5.518115780166282,4.134029966494104e-8,75.81103653449412,1314,***,+11.0122***
1873,persistencia,log(pop_total_2000),densidade_buffer_real_1873,densidade_buffer_sintetica_1873,10.99131642224593,1.757784347685832,6.252937931047275,5.459213641818039e-10,75.81103653449412,1314,***,+10.9913***
1873,contemporaneo,log(pib_1920),densidade_buffer_real_1873,densidade_buffer_sintetica_1873,5.9560392511268745,2.5195313283581906,2.3639472881680836,0.018228320038097347,75.81103653449412,1314,**,+5.9560**
1873,contemporaneo,log(pop_total_1940),densidade_buffer_real_1873,densidade_buffer_sintetica_1873,-0.027124839503905623,1.4094693907026696,-0.01924471697138662,0.9846488497734971,75.81103653449412,1314,,-0.0271
1875,persistencia,log(pib_2010),densidade_buffer_real_1875,densidade_buffer_sintetica_1875,24.591980903317918,14.651250087070112,1.6784902828885986,0.09349306325798157,73.55405600103424,1312,*,+24.5920*
1875,persistencia,log(pib_2003),densidade_buffer_real_1875,densidade_buffer_sintetica_1875,23.847893167804262,14.178788719853342,1.6819415000106535,0.09282165057807786,73.55405600103424,1312,*,+23.8479*
1875,persistencia,log(pop_total_2010),densidade_buffer_real_1875,densidade_buffer_sintetica_1875,11.044400989836287,2.0290735806778852,5.443075645461072,6.259244384227494e-8,73.55405600103424,1312,***,+11.0444***
1875,persistencia,log(pop_total_2000),densidade_buffer_real_1875,densidade_buffer_sintetica_1875,11.024617604975857,1.7893148521016524,6.161362597547779,9.615579970791722e-10,73.55405600103424,1312,***,+11.0246***
1875,contemporaneo,log(pib_1920),densidade_buffer_real_1875,densidade_buffer_sintetica_1875,5.996095018266632,2.5674238883949365,2.335451907793528,0.019672106924531873,73.55405600103424,1312,**,+5.9961**
1875,contemporaneo,log(pop_total_1940),densidade_buffer_real_1875,densidade_buffer_sintetica_1875,-0.044681070024146174,1.4360236990191293,-0.031114437773321856,0.9751830774483421,73.55405600103424,1312,,-0.0447
1876,persistencia,log(pib_2010),densidade_buffer_real_1876,densidade_buffer_sintetica_1876,10.166144082030309,6.610838381663823,1.5377995187762679,0.12434268356175329,309.41345979229095,1310,,+10.1661
1876,persistencia,log(pib_2003),densidade_buffer_real_1876,densidade_buffer_sintetica_1876,9.778025264742094,6.463493963960819,1.512807982689,0.13057319010241528,309.41345979229095,1310,,+9.7780
1876,persistencia,log(pop_total_2010),densidade_buffer_real_1876,densidade_buffer_sintetica_1876,4.648080025588481,2.9440134813814836,1.5788243005624285,0.11462133544636366,309.41345979229095,1310,,+4.6481
1876,persistencia,log(pop_total_2000),densidade_buffer_real_1876,densidade_buffer_sintetica_1876,4.443515940761114,3.0567662779421925,1.4536655853690188,0.14628208505784626,309.41345979229095,1310,,+4.4435
1876,contemporaneo,log(pib_1920),densidade_buffer_real_1876,densidade_buffer_sintetica_1876,2.4366473010596668,1.548353640998166,1.5737020513536242,0.11580136563144064,309.41345979229095,1310,,+2.4366
1876,contemporaneo,log(pop_total_1940),densidade_buffer_real_1876,densidade_buffer_sintetica_1876,0.28077041987810475,0.5010005677804896,0.5604193646365738,0.5752906630492545,309.41345979229095,1310,,+0.2808
1880,persistencia,log(pib_2010),densidade_buffer_real_1880,densidade_buffer_sintetica_1880,10.454569106289926,6.927628488566495,1.5091122630990343,0.1315147808700504,155.18005427420627,1310,,+10.4546
1880,persistencia,log(pib_2003),densidade_buffer_real_1880,densidade_buffer_sintetica_1880,10.055965954496141,6.770868003621427,1.485181212972645,0.13773995652993545,155.18005427420627,1310,,+10.0560
1880,persistencia,log(pop_total_2010),densidade_buffer_real_1880,densidade_buffer_sintetica_1880,4.7671399365951865,3.0484657344894086,1.5637833427685357,0.11811353448367912,155.18005427420627,1310,,+4.7671
1880,persistencia,log(pop_total_2000),densidade_buffer_real_1880,densidade_buffer_sintetica_1880,4.555806560267273,3.1619867101566563,1.4408050943520765,0.14988223481851257,155.18005427420627,1310,,+4.5558
1880,contemporaneo,log(pib_1920),densidade_buffer_real_1880,densidade_buffer_sintetica_1880,2.5135498256978965,1.6209428818730767,1.550671435623549,0.12122553696606353,155.18005427420627,1310,,+2.5135
1880,contemporaneo,log(pop_total_1940),densidade_buffer_real_1880,densidade_buffer_sintetica_1880,0.28361762923164213,0.5161480310771276,0.5494889298323438,0.582764994565294,155.18005427420627,1310,,+0.2836
1881,persistencia,log(pib_2010),densidade_buffer_real_1881,densidade_buffer_sintetica_1881,8.414065849271726,4.710748829452643,1.7861418967330895,0.07431218980609035,146.42890024908004,1303,*,+8.4141*
1881,persistencia,log(pib_2003),densidade_buffer_real_1881,densidade_buffer_sintetica_1881,8.15856893599811,4.6161200148378505,1.767408323391413,0.07739736137277212,146.42890024908004,1303,*,+8.1586*
1881,persistencia,log(pop_total_2010),densidade_buffer_real_1881,densidade_buffer_sintetica_1881,3.9103885451380407,1.8270351126598143,2.1402919506266422,0.032519138010837306,146.42890024908004,1303,**,+3.9104**
1881,persistencia,log(pop_total_2000),densidade_buffer_real_1881,densidade_buffer_sintetica_1881,3.706642978502379,1.9184833170691091,1.9320694350186292,0.05357071541623536,146.42890024908004,1303,*,+3.7066*
1881,contemporaneo,log(pib_1920),densidade_buffer_real_1881,densidade_buffer_sintetica_1881,2.393580935032671,1.2317199582263196,1.9432833892530528,0.052200220714692255,146.42890024908004,1303,*,+2.3936*
1881,contemporaneo,log(pop_total_1940),densidade_buffer_real_1881,densidade_buffer_sintetica_1881,0.2862763881426417,0.3837055638421852,0.7460834950529536,0.45575354744732466,146.42890024908004,1303,,+0.2863
1882,persistencia,log(pib_2010),densidade_buffer_real_1882,densidade_buffer_sintetica_1882,6.55487170897326,3.5756605028030566,1.8331918547173927,0.06700653661984693,92.03118727540645,1297,*,+6.5549*
1882,persistencia,log(pib_2003),densidade_buffer_real_1882,densidade_buffer_sintetica_1882,6.862256378239117,3.612088617061073,1.8998028857394145,0.057683916936028375,92.03118727540645,1297,*,+6.8623*
1882,persistencia,log(pop_total_2010),densidade_buffer_real_1882,densidade_buffer_sintetica_1882,3.878861675579988,2.1019798592135555,1.8453372227035723,0.06521970961335997,92.03118727540645,1297,*,+3.8789*
1882,persistencia,log(pop_total_2000),densidade_buffer_real_1882,densidade_buffer_sintetica_1882,3.7826156754165514,2.1046577148184404,1.7972593114709206,0.07253047128829754,92.03118727540645,1297,*,+3.7826*
1882,contemporaneo,log(pib_1920),densidade_buffer_real_1882,densidade_buffer_sintetica_1882,3.4736125110427536,1.4092018643652546,2.464950266445588,0.013833941104330366,92.03118727540645,1297,**,+3.4736**
1882,contemporaneo,log(pop_total_1940),densidade_buffer_real_1882,densidade_buffer_sintetica_1882,1.3081589297933334,0.5475539079221686,2.389096143533104,0.01703421318455537,92.03118727540645,1297,**,+1.3082**
1883,persistencia,log(pib_2010),densidade_buffer_real_1883,densidade_buffer_sintetica_1883,4.543549016488452,2.8484479740373763,1.5950963675311394,0.11093870987855606,72.30247667307417,1293,,+4.5435
1883,persistencia,log(pib_2003),densidade_buffer_real_1883,densidade_buffer_sintetica_1883,5.002909509714096,2.9259018496433282,1.709869218724462,0.08753355560550173,72.30247667307417,1293,*,+5.0029*
1883,persistencia,log(pop_total_2010),densidade_buffer_real_1883,densidade_buffer_sintetica_1883,3.0148816902692848,1.9743785999212875,1.5270028202237802,0.127008525198966,72.30247667307417,1293,,+3.0149
1883,persistencia,log(pop_total_2000),densidade_buffer_real_1883,densidade_buffer_sintetica_1883,2.6926045426519223,1.887862609839229,1.4262714503791276,0.15403499500516704,72.30247667307417,1293,,+2.6926
1883,contemporaneo,log(pib_1920),densidade_buffer_real_1883,densidade_buffer_sintetica_1883,0.6838577463890404,0.7924773374147612,0.8629366596399308,0.388334707202419,72.30247667307417,1293,,+0.6839
1883,contemporaneo,log(pop_total_1940),densidade_buffer_real_1883,densidade_buffer_sintetica_1883,0.957286080678247,0.5688429169638564,1.6828654310888993,0.09264616497016587,72.30247667307417,1293,*,+0.9573*
1884,persistencia,log(pib_2010),densidade_buffer_real_1884,densidade_buffer_sintetica_1884,2.2373208673028087,1.5600982290784025,1.4340897423006898,0.15179262647167782,133.2966495688803,1290,,+2.2373
1884,persistencia,log(pib_2003),densidade_buffer_real_1884,densidade_buffer_sintetica_1884,2.6463289978411177,1.5914294956830066,1.6628628569595358,0.09658644146599993,133.2966495688803,1290,*,+2.6463*
1884,persistencia,log(pop_total_2010),densidade_buffer_real_1884,densidade_buffer_sintetica_1884,1.416052069950382,1.1076748257426676,1.278400517047912,0.20134163701433683,133.2966495688803,1290,,+1.4161
1884,persistencia,log(pop_total_2000),densidade_buffer_real_1884,densidade_buffer_sintetica_1884,1.2649448483471095,1.0693171148830334,1.1829464157463474,0.23705161039519915,133.2966495688803,1290,,+1.2649
1884,contemporaneo,log(pib_1920),densidade_buffer_real_1884,densidade_buffer_sintetica_1884,1.220018913202839,0.5008371921788881,2.4359590946014946,0.014988999811786254,133.2966495688803,1290,**,+1.2200**
1884,contemporaneo,log(pop_total_1940),densidade_buffer_real_1884,densidade_buffer_sintetica_1884,0.7994205670128446,0.3283890584094403,2.43437028896412,0.015054647657013727,133.2966495688803,1290,**,+0.7994**
1885,persistencia,log(pib_2010),densidade_buffer_real_1885,densidade_buffer_sintetica_1885,1.7909637077481757,1.588007103172271,1.1278058543758842,0.2596151071187993,98.50199733784447,1288,,+1.7910
1885,persistencia,log(pib_2003),densidade_buffer_real_1885,densidade_buffer_sintetica_1885,2.260962584831233,1.6418159326114155,1.3771108806545838,0.16872083193434487,98.50199733784447,1288,,+2.2610
1885,persistencia,log(pop_total_2010),densidade_buffer_real_1885,densidade_buffer_sintetica_1885,0.9739780389979439,1.0679772618186887,0.911983872521152,0.3619504197432968,98.50199733784447,1288,,+0.9740
1885,persistencia,log(pop_total_2000),densidade_buffer_real_1885,densidade_buffer_sintetica_1885,0.8011245848856625,1.0110096586356347,0.7924005255961514,0.42827527904533336,98.50199733784447,1288,,+0.8011
1885,contemporaneo,log(pib_1920),densidade_buffer_real_1885,densidade_buffer_sintetica_1885,1.163196488322803,0.5492353778090264,2.117846983861363,0.03438203560752235,98.50199733784447,1288,**,+1.1632**
1885,contemporaneo,log(pop_total_1940),densidade_buffer_real_1885,densidade_buffer_sintetica_1885,0.7915693372054888,0.3638025965559221,2.175821021342854,0.029752651611344626,98.50199733784447,1288,**,+0.7916**
1886,persistencia,log(pib_2010),densidade_buffer_real_1886,densidade_buffer_sintetica_1886,1.7955680120174249,1.5858585441419801,1.1322371838586063,0.2577487938293015,96.25219800457572,1287,,+1.7956
1886,persistencia,log(pib_2003),densidade_buffer_real_1886,densidade_buffer_sintetica_1886,2.2638469187043446,1.639293013888524,1.3809897922607093,0.1675254334631097,96.25219800457572,1287,,+2.2638
1886,persistencia,log(pop_total_2010),densidade_buffer_real_1886,densidade_buffer_sintetica_1886,0.9783332534977709,1.0662782636403425,0.9175215202809052,0.3590439011604989,96.25219800457572,1287,,+0.9783
1886,persistencia,log(pop_total_2000),densidade_buffer_real_1886,densidade_buffer_sintetica_1886,0.8057919886108815,1.009540788586142,0.7981767529565498,0.42491738347985486,96.25219800457572,1287,,+0.8058
1886,contemporaneo,log(pib_1920),densidade_buffer_real_1886,densidade_buffer_sintetica_1886,1.1632380478118187,0.548967141052499,2.1189575127968827,0.03428802977327892,96.25219800457572,1287,**,+1.1632**
1886,contemporaneo,log(pop_total_1940),densidade_buffer_real_1886,densidade_buffer_sintetica_1886,0.7934744028196479,0.3645262769791618,2.1767275857180715,0.02968489003369496,96.25219800457572,1287,**,+0.7935**
1887,persistencia,log(pib_2010),densidade_buffer_real_1887,densidade_buffer_sintetica_1887,1.8952980836423556,1.4917650099496538,1.2705071314860246,0.20413710384761985,65.13695439532843,1287,,+1.8953
1887,persistencia,log(pib_2003),densidade_buffer_real_1887,densidade_buffer_sintetica_1887,2.3704286169761835,1.5429057875713696,1.5363404791600312,0.12470437263892063,65.13695439532843,1287,,+2.3704
1887,persistencia,log(pop_total_2010),densidade_buffer_real_1887,densidade_buffer_sintetica_1887,1.157186515962652,1.0580313764560718,1.0937166342256364,0.274287004755026,65.13695439532843,1287,,+1.1572
1887,persistencia,log(pop_total_2000),densidade_buffer_real_1887,densidade_buffer_sintetica_1887,1.049230816567103,1.021634525654808,1.0270119012418921,0.3046107319599664,65.13695439532843,1287,,+1.0492
1887,contemporaneo,log(pib_1920),densidade_buffer_real_1887,densidade_buffer_sintetica_1887,1.8940770195021162,0.6616972473026888,2.8624526204741545,0.0042728677501985765,65.13695439532843,1287,***,+1.8941***
1887,contemporaneo,log(pop_total_1940),densidade_buffer_real_1887,densidade_buffer_sintetica_1887,1.0846821471858445,0.4439090471208613,2.4434783526511965,0.014682045288659787,65.13695439532843,1287,**,+1.0847**
1888,persistencia,log(pib_2010),densidade_buffer_real_1888,densidade_buffer_sintetica_1888,1.9707140995812618,1.5321402601993555,1.2862491449215236,0.19859111699072518,61.79365601577491,1286,,+1.9707
1888,persistencia,log(pib_2003),densidade_buffer_real_1888,densidade_buffer_sintetica_1888,2.4489863046590994,1.5862284198005319,1.543905199332552,0.12286101710599545,61.79365601577491,1286,,+2.4490
1888,persistencia,log(pop_total_2010),densidade_buffer_real_1888,densidade_buffer_sintetica_1888,1.2079746527846775,1.085672112297729,1.1126514525901434,0.2660692122391496,61.79365601577491,1286,,+1.2080
1888,persistencia,log(pop_total_2000),densidade_buffer_real_1888,densidade_buffer_sintetica_1888,1.0995041858348757,1.0482952947918396,1.0488496812848949,0.2944473328911381,61.79365601577491,1286,,+1.0995
1888,contemporaneo,log(pib_1920),densidade_buffer_real_1888,densidade_buffer_sintetica_1888,1.9320875822927874,0.6814914999463837,2.835086838859757,0.004654106862039315,61.79365601577491,1286,***,+1.9321***
1888,contemporaneo,log(pop_total_1940),densidade_buffer_real_1888,densidade_buffer_sintetica_1888,1.1091596505328005,0.4576678809894875,2.4235033669716435,0.015510933865625002,61.79365601577491,1286,**,+1.1092**
1891,persistencia,log(pib_2010),densidade_buffer_real_1891,densidade_buffer_sintetica_1891,1.9968601027009765,1.5519426662978901,1.2866841965653426,0.1984394230221943,58.60347361072317,1286,,+1.9969
1891,persistencia,log(pib_2003),densidade_buffer_real_1891,densidade_buffer_sintetica_1891,2.4802030572010576,1.608269675050948,1.5421562040722354,0.12328534854612111,58.60347361072317,1286,,+2.4802
1891,persistencia,log(pop_total_2010),densidade_buffer_real_1891,densidade_buffer_sintetica_1891,1.2258911965940438,1.0994011678441897,1.1150535695699575,0.2650389202382635,58.60347361072317,1286,,+1.2259
1891,persistencia,log(pop_total_2000),densidade_buffer_real_1891,densidade_buffer_sintetica_1891,1.1163903124906391,1.0613728006147387,1.0518361803166942,0.2930752802748622,58.60347361072317,1286,,+1.1164
1891,contemporaneo,log(pib_1920),densidade_buffer_real_1891,densidade_buffer_sintetica_1891,1.94657652445331,0.6919199292199606,2.8132973805911226,0.004979378810548288,58.60347361072317,1286,***,+1.9466***
1891,contemporaneo,log(pop_total_1940),densidade_buffer_real_1891,densidade_buffer_sintetica_1891,1.122282719369816,0.4659478238682384,2.4086016971874025,0.016155794320662716,58.60347361072317,1286,**,+1.1223**
1892,persistencia,log(pib_2010),densidade_buffer_real_1892,densidade_buffer_sintetica_1892,2.0070620154203,1.5658503742860115,1.281771265236929,0.20015740123448195,56.107738341875205,1286,,+2.0071
1892,persistencia,log(pib_2003),densidade_buffer_real_1892,densidade_buffer_sintetica_1892,2.498892369872638,1.6245968404444269,1.5381615350113802,0.12425880903406225,56.107738341875205,1286,,+2.4989
1892,persistencia,log(pop_total_2010),densidade_buffer_real_1892,densidade_buffer_sintetica_1892,1.2275986027272516,1.1078129363321518,1.1081280624793002,0.26801682421807393,56.107738341875205,1286,,+1.2276
1892,persistencia,log(pop_total_2000),densidade_buffer_real_1892,densidade_buffer_sintetica_1892,1.1190412256259457,1.0696840421806948,1.0461418339425066,0.2956950882952928,56.107738341875205,1286,,+1.1190
1892,contemporaneo,log(pib_1920),densidade_buffer_real_1892,densidade_buffer_sintetica_1892,1.9567857129873336,0.6989132581712528,2.799754747974559,0.005191776297097743,56.107738341875205,1286,***,+1.9568***
1892,contemporaneo,log(pop_total_1940),densidade_buffer_real_1892,densidade_buffer_sintetica_1892,1.1313790590124937,0.4710037032348936,2.4020597953733396,0.01644626476150479,56.107738341875205,1286,**,+1.1314**
1894,persistencia,log(pib_2010),densidade_buffer_real_1894,densidade_buffer_sintetica_1894,1.096050392859644,0.9443839455249334,1.1605982906141072,0.2460242764233943,114.8947910951268,1284,,+1.0961
1894,persistencia,log(pib_2003),densidade_buffer_real_1894,densidade_buffer_sintetica_1894,1.2696505320638276,0.9482506138484259,1.3389398472530556,0.1808308050559861,114.8947910951268,1284,,+1.2697
1894,persistencia,log(pop_total_2010),densidade_buffer_real_1894,densidade_buffer_sintetica_1894,0.6332813598367024,0.6619219690269186,0.9567311397258498,0.3388857774243139,114.8947910951268,1284,,+0.6333
1894,persistencia,log(pop_total_2000),densidade_buffer_real_1894,densidade_buffer_sintetica_1894,0.5812188047551959,0.6449593468291982,0.9011712251518352,0.36766882342259033,114.8947910951268,1284,,+0.5812
1894,contemporaneo,log(pib_1920),densidade_buffer_real_1894,densidade_buffer_sintetica_1894,1.297152399525256,0.40666205265541405,3.1897552059631216,0.0014588831811156641,114.8947910951268,1284,***,+1.2972***
1894,contemporaneo,log(pop_total_1940),densidade_buffer_real_1894,densidade_buffer_sintetica_1894,0.32810511024109623,0.27169162824011756,1.2076379105473252,0.22741230547821667,114.8947910951268,1284,,+0.3281
1895,persistencia,log(pib_2010),densidade_buffer_real_1895,densidade_buffer_sintetica_1895,1.172216839812444,0.9194730625620182,1.27487893614434,0.20258657414644551,121.59698489435624,1282,,+1.1722
1895,persistencia,log(pib_2003),densidade_buffer_real_1895,densidade_buffer_sintetica_1895,1.33741955849289,0.9233120408542607,1.4485022390214815,0.14772484688206983,121.59698489435624,1282,,+1.3374
1895,persistencia,log(pop_total_2010),densidade_buffer_real_1895,densidade_buffer_sintetica_1895,0.7059869641873122,0.6472327160994643,1.090777623915443,0.2755787935617262,121.59698489435624,1282,,+0.7060
1895,persistencia,log(pop_total_2000),densidade_buffer_real_1895,densidade_buffer_sintetica_1895,0.6497161856011836,0.6301500970802916,1.0310498857519004,0.30271482353069823,121.59698489435624,1282,,+0.6497
1895,contemporaneo,log(pib_1920),densidade_buffer_real_1895,densidade_buffer_sintetica_1895,1.2739477775914334,0.3886939824661926,3.2775083614839278,0.0010757620686399573,121.59698489435624,1282,***,+1.2739***
1895,contemporaneo,log(pop_total_1940),densidade_buffer_real_1895,densidade_buffer_sintetica_1895,0.3489092010703972,0.263131740429729,1.3259867490732296,0.18508383842882306,121.59698489435624,1282,,+0.3489
1896,persistencia,log(pib_2010),densidade_buffer_real_1896,densidade_buffer_sintetica_1896,1.3351064732250575,0.9283313292125278,1.4381788389686077,0.1506312443163049,123.77062621590969,1281,,+1.3351
1896,persistencia,log(pib_2003),densidade_buffer_real_1896,densidade_buffer_sintetica_1896,1.5005613609971773,0.9332192502004074,1.6079408570654046,0.10809826218150563,123.77062621590969,1281,,+1.5006
1896,persistencia,log(pop_total_2010),densidade_buffer_real_1896,densidade_buffer_sintetica_1896,0.8062177152237274,0.6503671988169818,1.2396346505331723,0.21534102129835495,123.77062621590969,1281,,+0.8062
1896,persistencia,log(pop_total_2000),densidade_buffer_real_1896,densidade_buffer_sintetica_1896,0.7399721917519966,0.632792195863577,1.169376292231528,0.24247287087469252,123.77062621590969,1281,,+0.7400
1896,contemporaneo,log(pib_1920),densidade_buffer_real_1896,densidade_buffer_sintetica_1896,1.3025152708037357,0.38792364369871724,3.3576588897358897,8.09478912323622e-4,123.77062621590969,1281,***,+1.3025***
1896,contemporaneo,log(pop_total_1940),densidade_buffer_real_1896,densidade_buffer_sintetica_1896,0.32415756424480224,0.260275532918672,1.2454400173914595,0.21320123683585254,123.77062621590969,1281,,+0.3242
1900,persistencia,log(pib_2010),densidade_buffer_real_1900,densidade_buffer_sintetica_1900,1.3332874305476676,0.9283373568411283,1.4362100380022096,0.15119041420629184,123.65756306621262,1281,,+1.3333
1900,persistencia,log(pib_2003),densidade_buffer_real_1900,densidade_buffer_sintetica_1900,1.4986856306161305,0.9331442032434277,1.606060055248686,0.10851088595906935,123.65756306621262,1281,,+1.4987
1900,persistencia,log(pop_total_2010),densidade_buffer_real_1900,densidade_buffer_sintetica_1900,0.8043551764849073,0.6502613266386106,1.2369721887704017,0.21632753550922676,123.65756306621262,1281,,+0.8044
1900,persistencia,log(pop_total_2000),densidade_buffer_real_1900,densidade_buffer_sintetica_1900,0.7385317841255656,0.6327613103155221,1.1671569865061786,0.2433674605423327,123.65756306621262,1281,,+0.7385
1900,contemporaneo,log(pib_1920),densidade_buffer_real_1900,densidade_buffer_sintetica_1900,1.3025777115244628,0.3880353170387011,3.356853498452433,8.118193222722581e-4,123.65756306621262,1281,***,+1.3026***
1900,contemporaneo,log(pop_total_1940),densidade_buffer_real_1900,densidade_buffer_sintetica_1900,0.3231981781906288,0.2601003967882865,1.242590100520692,0.214249752084126,123.65756306621262,1281,,+0.3232
1901,persistencia,log(pib_2010),densidade_buffer_real_1901,densidade_buffer_sintetica_1901,1.4610991224452334,0.8665841295709615,1.6860441734244673,0.09203467052482027,149.38755642206698,1280,*,+1.4611*
1901,persistencia,log(pib_2003),densidade_buffer_real_1901,densidade_buffer_sintetica_1901,1.8021639180525137,0.9252490327197709,1.9477609317299693,0.051665238603759024,149.38755642206698,1280,*,+1.8022*
1901,persistencia,log(pop_total_2010),densidade_buffer_real_1901,densidade_buffer_sintetica_1901,0.9192098065980797,0.6063401618357014,1.515996901500244,0.12977076008367194,149.38755642206698,1280,,+0.9192
1901,persistencia,log(pop_total_2000),densidade_buffer_real_1901,densidade_buffer_sintetica_1901,0.8768526458245742,0.5888097981970745,1.4891950652137278,0.13668605828009636,149.38755642206698,1280,,+0.8769
1901,contemporaneo,log(pib_1920),densidade_buffer_real_1901,densidade_buffer_sintetica_1901,1.4273079594714657,0.39358527413337835,3.6264262239338225,2.988349433092809e-4,149.38755642206698,1280,***,+1.4273***
1901,contemporaneo,log(pop_total_1940),densidade_buffer_real_1901,densidade_buffer_sintetica_1901,0.6327177868471726,0.25713825102910914,2.4606132472120854,0.014003239505414182,149.38755642206698,1280,**,+0.6327**
1902,persistencia,log(pib_2010),densidade_buffer_real_1902,densidade_buffer_sintetica_1902,1.4388345723061178,0.8546740518009036,1.6834892427988377,0.09252812995624057,157.17097672162345,1279,*,+1.4388*
1902,persistencia,log(pib_2003),densidade_buffer_real_1902,densidade_buffer_sintetica_1902,1.7733510320788284,0.9114694315829988,1.945595727767801,0.0519254569206317,157.17097672162345,1279,*,+1.7734*
1902,persistencia,log(pop_total_2010),densidade_buffer_real_1902,densidade_buffer_sintetica_1902,0.9028587834599984,0.5987971950263422,1.5077872624641802,0.13185966168335914,157.17097672162345,1279,,+0.9029
1902,persistencia,log(pop_total_2000),densidade_buffer_real_1902,densidade_buffer_sintetica_1902,0.8606732777276886,0.5813995099134598,1.4803474427692556,0.13903053878869248,157.17097672162345,1279,,+0.8607
1902,contemporaneo,log(pib_1920),densidade_buffer_real_1902,densidade_buffer_sintetica_1902,1.4185187258743084,0.3889115372398057,3.6474071608722665,2.757109379368429e-4,157.17097672162345,1279,***,+1.4185***
1902,contemporaneo,log(pop_total_1940),densidade_buffer_real_1902,densidade_buffer_sintetica_1902,0.6278720396594888,0.25436091842471614,2.468429676807138,0.013702689950883137,157.17097672162345,1279,**,+0.6279**
1904,persistencia,log(pib_2010),densidade_buffer_real_1904,densidade_buffer_sintetica_1904,1.5905994519315547,0.8902785034760233,1.7866313133712457,0.07423745082946083,121.05766372342796,1279,*,+1.5906*
1904,persistencia,log(pib_2003),densidade_buffer_real_1904,densidade_buffer_sintetica_1904,1.8663722494893327,0.939205059586447,1.9871829164880546,0.047118360651054195,121.05766372342796,1279,**,+1.8664**
1904,persistencia,log(pop_total_2010),densidade_buffer_real_1904,densidade_buffer_sintetica_1904,1.0042853101854943,0.6323871766682805,1.5880861396914339,0.1125177483031407,121.05766372342796,1279,,+1.0043
1904,persistencia,log(pop_total_2000),densidade_buffer_real_1904,densidade_buffer_sintetica_1904,0.939225960111056,0.6125816240596315,1.533225815503123,0.12547126048100757,121.05766372342796,1279,,+0.9392
1904,contemporaneo,log(pib_1920),densidade_buffer_real_1904,densidade_buffer_sintetica_1904,1.1826705932187824,0.39103951882464444,3.0244272926009113,0.00254145858248405,121.05766372342796,1279,***,+1.1827***
1904,contemporaneo,log(pop_total_1940),densidade_buffer_real_1904,densidade_buffer_sintetica_1904,0.5039134783941155,0.2734355141379008,1.8428969623162357,0.06557883476133274,121.05766372342796,1279,*,+0.5039*
1905,persistencia,log(pib_2010),densidade_buffer_real_1905,densidade_buffer_sintetica_1905,1.6130096180136408,0.8818624713922316,1.8290942979658924,0.06762228835260563,122.14090796321145,1276,*,+1.6130*
1905,persistencia,log(pib_2003),densidade_buffer_real_1905,densidade_buffer_sintetica_1905,1.8219665889095658,0.9157386580228614,1.9896141469481137,0.04684984467268952,122.14090796321145,1276,**,+1.8220**
1905,persistencia,log(pop_total_2010),densidade_buffer_real_1905,densidade_buffer_sintetica_1905,0.949797441643921,0.6118905217969339,1.5522342769008066,0.12085790129174376,122.14090796321145,1276,,+0.9498
1905,persistencia,log(pop_total_2000),densidade_buffer_real_1905,densidade_buffer_sintetica_1905,0.872456123373768,0.5908744811119115,1.4765506909893522,0.14004658443879414,122.14090796321145,1276,,+0.8725
1905,contemporaneo,log(pib_1920),densidade_buffer_real_1905,densidade_buffer_sintetica_1905,1.1006215710099378,0.3745177815402381,2.938769866903335,0.0033553343221427,122.14090796321145,1276,***,+1.1006***
1905,contemporaneo,log(pop_total_1940),densidade_buffer_real_1905,densidade_buffer_sintetica_1905,0.49090584200658527,0.26915108525886167,1.8239043752487432,0.06840387100562242,122.14090796321145,1276,*,+0.4909*
1906,persistencia,log(pib_2010),densidade_buffer_real_1906,densidade_buffer_sintetica_1906,1.659802102911934,0.9128630326467799,1.8182378336643326,0.06926589491078898,109.59250208974491,1275,*,+1.6598*
1906,persistencia,log(pib_2003),densidade_buffer_real_1906,densidade_buffer_sintetica_1906,1.8740013459834417,0.9490686464481874,1.9745688080590797,0.048535860981172595,109.59250208974491,1275,**,+1.8740**
1906,persistencia,log(pop_total_2010),densidade_buffer_real_1906,densidade_buffer_sintetica_1906,0.9894511904997996,0.6331745842197832,1.562683050076988,0.11837907289832758,109.59250208974491,1275,,+0.9895
1906,persistencia,log(pop_total_2000),densidade_buffer_real_1906,densidade_buffer_sintetica_1906,0.9122382388750959,0.6114446527724381,1.49193918818128,0.13596620479897073,109.59250208974491,1275,,+0.9122
1906,contemporaneo,log(pib_1920),densidade_buffer_real_1906,densidade_buffer_sintetica_1906,1.142857044659427,0.3893829699246778,2.9350462987133237,0.003395630277242985,109.59250208974491,1275,***,+1.1429***
1906,contemporaneo,log(pop_total_1940),densidade_buffer_real_1906,densidade_buffer_sintetica_1906,0.5067264425923206,0.27836741914357876,1.8203511177827776,0.06894344328075917,109.59250208974491,1275,*,+0.5067*
1907,persistencia,log(pib_2010),densidade_buffer_real_1907,densidade_buffer_sintetica_1907,1.5534745136689379,0.799451414582261,1.9431756393609962,0.05221847227767059,135.09200782133473,1273,*,+1.5535*
1907,persistencia,log(pib_2003),densidade_buffer_real_1907,densidade_buffer_sintetica_1907,1.805638403555324,0.8293549027415918,2.177160100683603,0.029654594140119634,135.09200782133473,1273,**,+1.8056**
1907,persistencia,log(pop_total_2010),densidade_buffer_real_1907,densidade_buffer_sintetica_1907,0.9784949327677458,0.5689368971976604,1.7198654852363997,0.08570363182509308,135.09200782133473,1273,*,+0.9785*
1907,persistencia,log(pop_total_2000),densidade_buffer_real_1907,densidade_buffer_sintetica_1907,0.9490529915685364,0.5500464931386067,1.7254050401324599,0.08470086719271062,135.09200782133473,1273,*,+0.9491*
1907,contemporaneo,log(pib_1920),densidade_buffer_real_1907,densidade_buffer_sintetica_1907,1.291514379985837,0.3551596203543327,3.6364336089145772,2.8764609488017605e-4,135.09200782133473,1273,***,+1.2915***
1907,contemporaneo,log(pop_total_1940),densidade_buffer_real_1907,densidade_buffer_sintetica_1907,0.4460254486264467,0.24429162077950586,1.8257910246910307,0.06811946037777689,135.09200782133473,1273,*,+0.4460*
1908,persistencia,log(pib_2010),densidade_buffer_real_1908,densidade_buffer_sintetica_1908,1.56701910029085,0.7983519223972961,1.9628174697511784,0.04988817913656569,135.7907964107773,1273,**,+1.5670**
1908,persistencia,log(pib_2003),densidade_buffer_real_1908,densidade_buffer_sintetica_1908,1.818693652645723,0.8280167537728335,2.1964454757212337,0.028242595915149278,135.7907964107773,1273,**,+1.8187**
1908,persistencia,log(pop_total_2010),densidade_buffer_real_1908,densidade_buffer_sintetica_1908,0.9925056087020099,0.5689764104916724,1.7443703998982159,0.08133952517797877,135.7907964107773,1273,*,+0.9925*
1908,persistencia,log(pop_total_2000),densidade_buffer_real_1908,densidade_buffer_sintetica_1908,0.9626053320865453,0.5501887018531711,1.74959123814112,0.0804334770846725,135.7907964107773,1273,*,+0.9626*
1908,contemporaneo,log(pib_1920),densidade_buffer_real_1908,densidade_buffer_sintetica_1908,1.277912178660452,0.35284863157933444,3.621700820945727,3.0435596210742647e-4,135.7907964107773,1273,***,+1.2779***
1908,contemporaneo,log(pop_total_1940),densidade_buffer_real_1908,densidade_buffer_sintetica_1908,0.452532654193988,0.24437257276337923,1.8518144204021036,0.06428739728950024,135.7907964107773,1273,*,+0.4525*
1910,persistencia,log(pib_2010),densidade_buffer_real_1910,densidade_buffer_sintetica_1910,1.3738248093875451,0.7720161252942298,1.7795286450318053,0.07539546167566238,118.39848866907504,1272,*,+1.3738*
1910,persistencia,log(pib_2003),densidade_buffer_real_1910,densidade_buffer_sintetica_1910,1.613433054608881,0.800266035889193,2.016120867626427,0.04400041364775666,118.39848866907504,1272,**,+1.6134**
1910,persistencia,log(pop_total_2010),densidade_buffer_real_1910,densidade_buffer_sintetica_1910,1.0346961084480961,0.5972100147146155,1.7325498282920437,0.08342177575569698,118.39848866907504,1272,*,+1.0347*
1910,persistencia,log(pop_total_2000),densidade_buffer_real_1910,densidade_buffer_sintetica_1910,1.0126045677886877,0.5786444637481274,1.749959830652514,0.08037001648779234,118.39848866907504,1272,*,+1.0126*
1910,contemporaneo,log(pib_1920),densidade_buffer_real_1910,densidade_buffer_sintetica_1910,1.2936392260613805,0.36753474598957575,3.519773953829311,4.473993049626926e-4,118.39848866907504,1272,***,+1.2936***
1910,contemporaneo,log(pop_total_1940),densidade_buffer_real_1910,densidade_buffer_sintetica_1910,0.5019490751884553,0.2562336530232225,1.9589506267662804,0.05034008477391752,118.39848866907504,1272,*,+0.5019*
1911,persistencia,log(pib_2010),densidade_buffer_real_1911,densidade_buffer_sintetica_1911,1.4169080017162592,0.7723457752597678,1.8345513720712745,0.06680974539059935,116.93388489249207,1269,*,+1.4169*
1911,persistencia,log(pib_2003),densidade_buffer_real_1911,densidade_buffer_sintetica_1911,1.6628633454537713,0.8013909239181327,2.074971522417246,0.03819335350162979,116.93388489249207,1269,**,+1.6629**
1911,persistencia,log(pop_total_2010),densidade_buffer_real_1911,densidade_buffer_sintetica_1911,1.0677923019531341,0.596181691181944,1.791051818173435,0.07352685329520789,116.93388489249207,1269,*,+1.0678*
1911,persistencia,log(pop_total_2000),densidade_buffer_real_1911,densidade_buffer_sintetica_1911,1.0526381095696404,0.5773976951710303,1.823072932873138,0.06853110105695692,116.93388489249207,1269,*,+1.0526*
1911,contemporaneo,log(pib_1920),densidade_buffer_real_1911,densidade_buffer_sintetica_1911,1.3470332146900028,0.36766298356100025,3.6637716466403853,2.589293343396171e-4,116.93388489249207,1269,***,+1.3470***
1911,contemporaneo,log(pop_total_1940),densidade_buffer_real_1911,densidade_buffer_sintetica_1911,0.5508064825977784,0.2564049372158079,2.1481898460253985,0.03189036941251976,116.93388489249207,1269,**,+0.5508**
1912,persistencia,log(pib_2010),densidade_buffer_real_1912,densidade_buffer_sintetica_1912,1.266367995482356,0.6979354133945056,1.8144486884870903,0.06984830446508504,129.95818461054012,1269,*,+1.2664*
1912,persistencia,log(pib_2003),densidade_buffer_real_1912,densidade_buffer_sintetica_1912,1.5043828963697632,0.7228061402311692,2.0813089605030592,0.03760876525746375,129.95818461054012,1269,**,+1.5044**
1912,persistencia,log(pop_total_2010),densidade_buffer_real_1912,densidade_buffer_sintetica_1912,0.9775435475946441,0.5438275230266613,1.7975249618742077,0.07249358973964116,129.95818461054012,1269,*,+0.9775*
1912,persistencia,log(pop_total_2000),densidade_buffer_real_1912,densidade_buffer_sintetica_1912,0.949179986699145,0.5260003977891579,1.804523324865649,0.0713899093853158,129.95818461054012,1269,*,+0.9492*
1912,contemporaneo,log(pib_1920),densidade_buffer_real_1912,densidade_buffer_sintetica_1912,1.3065240040782253,0.3376301258406135,3.869690244095699,1.1459732917279162e-4,129.95818461054012,1269,***,+1.3065***
1912,contemporaneo,log(pop_total_1940),densidade_buffer_real_1912,densidade_buffer_sintetica_1912,0.5022479362831529,0.23250657702608254,2.1601450707642167,0.030951028425426463,129.95818461054012,1269,**,+0.5022**
1913,persistencia,log(pib_2010),densidade_buffer_real_1913,densidade_buffer_sintetica_1913,1.4808879432189386,0.7080154910720607,2.09160387292743,0.03667618611939473,126.66578263955776,1264,**,+1.4809**
1913,persistencia,log(pib_2003),densidade_buffer_real_1913,densidade_buffer_sintetica_1913,1.755209466047985,0.7376004442611158,2.379620944787051,0.017480379680512727,126.66578263955776,1264,**,+1.7552**
1913,persistencia,log(pop_total_2010),densidade_buffer_real_1913,densidade_buffer_sintetica_1913,1.2089964032308913,0.5562128097415105,2.173622005923865,0.029921483146002157,126.66578263955776,1264,**,+1.2090**
1913,persistencia,log(pop_total_2000),densidade_buffer_real_1913,densidade_buffer_sintetica_1913,1.198665135345271,0.5399323267520388,2.220028466448448,0.02659638926297633,126.66578263955776,1264,**,+1.1987**
1913,contemporaneo,log(pib_1920),densidade_buffer_real_1913,densidade_buffer_sintetica_1913,1.3234152143729117,0.33527081458671293,3.9473021712441048,8.34583466748658e-5,126.66578263955776,1264,***,+1.3234***
1913,contemporaneo,log(pop_total_1940),densidade_buffer_real_1913,densidade_buffer_sintetica_1913,0.8143381616430092,0.267402803545737,3.045361345673863,0.002372838620472245,126.66578263955776,1264,***,+0.8143***
1914,persistencia,log(pib_2010),densidade_buffer_real_1914,densidade_buffer_sintetica_1914,1.517740212705132,0.7328792934860988,2.070927949793304,0.038571198470567634,113.59147791847548,1264,**,+1.5177**
1914,persistencia,log(pib_2003),densidade_buffer_real_1914,densidade_buffer_sintetica_1914,1.7980433307763124,0.7648096926305198,2.3509682841388213,0.01887989440749898,113.59147791847548,1264,**,+1.7980**
1914,persistencia,log(pop_total_2010),densidade_buffer_real_1914,densidade_buffer_sintetica_1914,1.2397368922500132,0.5755767240956636,2.1539037983126694,0.03143917180446996,113.59147791847548,1264,**,+1.2397**
1914,persistencia,log(pop_total_2000),densidade_buffer_real_1914,densidade_buffer_sintetica_1914,1.228860749461574,0.5589060641394274,2.198689240120709,0.02808346312845375,113.59147791847548,1264,**,+1.2289**
1914,contemporaneo,log(pib_1920),densidade_buffer_real_1914,densidade_buffer_sintetica_1914,1.3597531505810403,0.3487363431990579,3.8990864505478178,1.017075662052048e-4,113.59147791847548,1264,***,+1.3598***
1914,contemporaneo,log(pop_total_1940),densidade_buffer_real_1914,densidade_buffer_sintetica_1914,0.8342043091176704,0.27776958515099914,3.00322408828233,0.002724677825016471,113.59147791847548,1264,***,+0.8342***
1915,persistencia,log(pib_2010),densidade_buffer_real_1915,densidade_buffer_sintetica_1915,1.6556621824284152,0.7358675581777008,2.249945882284157,0.024626720036735637,102.12905142822407,1262,**,+1.6557**
1915,persistencia,log(pib_2003),densidade_buffer_real_1915,densidade_buffer_sintetica_1915,1.9391198840987367,0.76924747898418,2.520801090774346,0.011833121923782842,102.12905142822407,1262,**,+1.9391**
1915,persistencia,log(pop_total_2010),densidade_buffer_real_1915,densidade_buffer_sintetica_1915,1.321685618239305,0.581200359661299,2.274061941409555,0.023132131385011703,102.12905142822407,1262,**,+1.3217**
1915,persistencia,log(pop_total_2000),densidade_buffer_real_1915,densidade_buffer_sintetica_1915,1.3005324098112618,0.5641905019147743,2.305129925791835,0.021323378376199485,102.12905142822407,1262,**,+1.3005**
1915,contemporaneo,log(pib_1920),densidade_buffer_real_1915,densidade_buffer_sintetica_1915,1.3499520533778937,0.34557543581746847,3.9063889196422306,9.872826202500532e-5,102.12905142822407,1262,***,+1.3500***
1915,contemporaneo,log(pop_total_1940),densidade_buffer_real_1915,densidade_buffer_sintetica_1915,0.8213198374313762,0.2780548516985145,2.9538050942621403,0.003197867141359216,102.12905142822407,1262,***,+0.8213***
1916,persistencia,log(pib_2010),densidade_buffer_real_1916,densidade_buffer_sintetica_1916,1.705336098928437,0.7106911910480673,2.3995458511502745,0.01656211830047683,110.3430070387005,1260,**,+1.7053**
1916,persistencia,log(pib_2003),densidade_buffer_real_1916,densidade_buffer_sintetica_1916,1.9001899401462996,0.7329300977414842,2.592593681173298,0.009637475928056537,110.3430070387005,1260,***,+1.9002***
1916,persistencia,log(pop_total_2010),densidade_buffer_real_1916,densidade_buffer_sintetica_1916,1.1567106198885826,0.5516018617615854,2.097002747950366,0.03619529009256762,110.3430070387005,1260,**,+1.1567**
1916,persistencia,log(pop_total_2000),densidade_buffer_real_1916,densidade_buffer_sintetica_1916,1.133804142786972,0.534395334269504,2.121658012484025,0.03406419428329943,110.3430070387005,1260,**,+1.1338**
1916,contemporaneo,log(pib_1920),densidade_buffer_real_1916,densidade_buffer_sintetica_1916,1.332895362367005,0.3432085147069398,3.8836313938922604,1.0833230415129304e-4,110.3430070387005,1260,***,+1.3329***
1916,contemporaneo,log(pop_total_1940),densidade_buffer_real_1916,densidade_buffer_sintetica_1916,0.6468689976281579,0.2929476117357328,2.208138833409219,0.027416904441824243,110.3430070387005,1260,**,+0.6469**
1917,persistencia,log(pib_2010),densidade_buffer_real_1917,densidade_buffer_sintetica_1917,1.6920127381492809,0.7116563270470607,2.3775700065368643,0.017578292236177937,108.76620254283378,1257,**,+1.6920**
1917,persistencia,log(pib_2003),densidade_buffer_real_1917,densidade_buffer_sintetica_1917,1.8892709718835945,0.7340022153658692,2.573930885129376,0.010170484049804049,108.76620254283378,1257,**,+1.8893**
1917,persistencia,log(pop_total_2010),densidade_buffer_real_1917,densidade_buffer_sintetica_1917,1.1488816928501486,0.5524903755841168,2.0794601021520074,0.037780490899055656,108.76620254283378,1257,**,+1.1489**
1917,persistencia,log(pop_total_2000),densidade_buffer_real_1917,densidade_buffer_sintetica_1917,1.126569299371205,0.5352309066044796,2.1048285617850313,0.035507345075991875,108.76620254283378,1257,**,+1.1266**
1917,contemporaneo,log(pib_1920),densidade_buffer_real_1917,densidade_buffer_sintetica_1917,1.334573958789119,0.34458754457566765,3.8729605286010598,1.131429003852797e-4,108.76620254283378,1257,***,+1.3346***
1917,contemporaneo,log(pop_total_1940),densidade_buffer_real_1917,densidade_buffer_sintetica_1917,0.6453209753297284,0.29382781148853043,2.196255596298169,0.02825857167950265,108.76620254283378,1257,**,+0.6453**
1918,persistencia,log(pib_2010),densidade_buffer_real_1918,densidade_buffer_sintetica_1918,1.6923859452142411,0.7155902542433135,2.3650209532322664,0.018182559207582563,105.7506049048426,1257,**,+1.6924**
1918,persistencia,log(pib_2003),densidade_buffer_real_1918,densidade_buffer_sintetica_1918,1.8914285203005594,0.738280522348501,2.561937452018708,0.010526546277603176,105.7506049048426,1257,**,+1.8914**
1918,persistencia,log(pop_total_2010),densidade_buffer_real_1918,densidade_buffer_sintetica_1918,1.1487528583702102,0.5558090554418615,2.0668120591467614,0.03895938083003251,105.7506049048426,1257,**,+1.1488**
1918,persistencia,log(pop_total_2000),densidade_buffer_real_1918,densidade_buffer_sintetica_1918,1.1278202935473702,0.5385054288286222,2.0943526901867053,0.03643147207453626,105.7506049048426,1257,**,+1.1278**
1918,contemporaneo,log(pib_1920),densidade_buffer_real_1918,densidade_buffer_sintetica_1918,1.3396558806176229,0.34672654831890337,3.863724560789813,1.1745631233595156e-4,105.7506049048426,1257,***,+1.3397***
1918,contemporaneo,log(pop_total_1940),densidade_buffer_real_1918,densidade_buffer_sintetica_1918,0.6496008986027407,0.295898242538073,2.195352338123999,0.028323415173720896,105.7506049048426,1257,**,+0.6496**
1919,persistencia,log(pib_2010),densidade_buffer_real_1919,densidade_buffer_sintetica_1919,1.5699449321689865,0.7134142391773624,2.2006077899135983,0.027948224903540344,102.07118726027305,1255,**,+1.5699**
1919,persistencia,log(pib_2003),densidade_buffer_real_1919,densidade_buffer_sintetica_1919,1.740638442785881,0.7333153760838332,2.3736560006166973,0.017765087711281213,102.07118726027305,1255,**,+1.7406**
1919,persistencia,log(pop_total_2010),densidade_buffer_real_1919,densidade_buffer_sintetica_1919,1.0900846627903737,0.5626169836545228,1.9375253404361226,0.052908728529008534,102.07118726027305,1255,*,+1.0901*
1919,persistencia,log(pop_total_2000),densidade_buffer_real_1919,densidade_buffer_sintetica_1919,1.0408772256885817,0.5434056820910853,1.9154698966031616,0.05566314467983137,102.07118726027305,1255,*,+1.0409*
1919,contemporaneo,log(pib_1920),densidade_buffer_real_1919,densidade_buffer_sintetica_1919,1.1637816721011403,0.3383225535801356,3.439858383031166,6.014169173070563e-4,102.07118726027305,1255,***,+1.1638***
1919,contemporaneo,log(pop_total_1940),densidade_buffer_real_1919,densidade_buffer_sintetica_1919,0.5636326229172102,0.2918926968834888,1.9309582902726357,0.053716678304347114,102.07118726027305,1255,*,+0.5636*
1920,persistencia,log(pib_2010),densidade_buffer_real_1920,densidade_buffer_sintetica_1920,1.574285204565956,0.7103197692602387,2.216304927294214,0.02685232038123767,102.00549903182079,1254,**,+1.5743**
1920,persistencia,log(pib_2003),densidade_buffer_real_1920,densidade_buffer_sintetica_1920,1.7444876238351241,0.729861079343787,2.390163927364891,0.016990018353980344,102.00549903182079,1254,**,+1.7445**
1920,persistencia,log(pop_total_2010),densidade_buffer_real_1920,densidade_buffer_sintetica_1920,1.0927206263141698,0.559658420041437,1.9524777742703576,0.051107173511877685,102.00549903182079,1254,*,+1.0927*
1920,persistencia,log(pop_total_2000),densidade_buffer_real_1920,densidade_buffer_sintetica_1920,1.0399104404858055,0.5401033636049472,1.925391527919528,0.054409800216915466,102.00549903182079,1254,*,+1.0399*
1920,contemporaneo,log(pib_1920),densidade_buffer_real_1920,densidade_buffer_sintetica_1920,1.1652239046835038,0.3363820295691342,3.463989756456427,5.504543707033252e-4,102.00549903182079,1254,***,+1.1652***
1920,contemporaneo,log(pop_total_1940),densidade_buffer_real_1920,densidade_buffer_sintetica_1920,0.5584481808217595,0.28988226127781186,1.9264655186560882,0.05427553424468312,102.00549903182079,1254,*,+0.5584*
1921,persistencia,log(pib_2010),densidade_buffer_real_1921,densidade_buffer_sintetica_1921,1.581086860752443,0.7119770601622682,2.220699161841105,0.026552083351673778,101.35090895447127,1255,**,+1.5811**
1921,persistencia,log(pib_2003),densidade_buffer_real_1921,densidade_buffer_sintetica_1921,1.7534749629672628,0.7318318853895232,2.3960078782765284,0.01672268417046871,101.35090895447127,1255,**,+1.7535**
1921,persistencia,log(pop_total_2010),densidade_buffer_real_1921,densidade_buffer_sintetica_1921,1.0987077560311482,0.5610556250559446,1.9582866777631764,0.05042104127054869,101.35090895447127,1255,*,+1.0987*
1921,persistencia,log(pop_total_2000),densidade_buffer_real_1921,densidade_buffer_sintetica_1921,1.0465324514136536,0.5414665349487376,1.932774019935936,0.05349226259839575,101.35090895447127,1255,*,+1.0465*
1921,contemporaneo,log(pib_1920),densidade_buffer_real_1921,densidade_buffer_sintetica_1921,1.1713418590012736,0.3374558012690137,3.471097117300707,5.362116347596669e-4,101.35090895447127,1255,***,+1.1713***
1921,contemporaneo,log(pop_total_1940),densidade_buffer_real_1921,densidade_buffer_sintetica_1921,0.5653295427486779,0.29103245854279947,1.9424965365694427,0.05230390129701314,101.35090895447127,1255,*,+0.5653*
1922,persistencia,log(pib_2010),densidade_buffer_real_1922,densidade_buffer_sintetica_1922,1.5777850627608763,0.7133050854611295,2.2119358110855014,0.02715345020398857,100.81354454639387,1255,**,+1.5778**
1922,persistencia,log(pib_2003),densidade_buffer_real_1922,densidade_buffer_sintetica_1922,1.7501257459204607,0.7331387145089832,2.3871686371010985,0.017128305101652704,100.81354454639387,1255,**,+1.7501**
1922,persistencia,log(pop_total_2010),densidade_buffer_real_1922,densidade_buffer_sintetica_1922,1.0959565086568042,0.5620387218896974,1.949966196229253,0.05140598626358789,100.81354454639387,1255,*,+1.0960*
1922,persistencia,log(pop_total_2000),densidade_buffer_real_1922,densidade_buffer_sintetica_1922,1.043779779296975,0.5423965107628714,1.9243851289325526,0.05453568206653666,100.81354454639387,1255,*,+1.0438*
1922,contemporaneo,log(pib_1920),densidade_buffer_real_1922,densidade_buffer_sintetica_1922,1.16569716674047,0.3380152488981135,3.448652599373826,5.823500901354843e-4,100.81354454639387,1255,***,+1.1657***
1922,contemporaneo,log(pop_total_1940),densidade_buffer_real_1922,densidade_buffer_sintetica_1922,0.5657229718167172,0.29167094110518144,1.9395931924967045,0.05265643344398644,100.81354454639387,1255,*,+0.5657*
1923,persistencia,log(pib_2010),densidade_buffer_real_1923,densidade_buffer_sintetica_1923,1.5880284341766715,0.7178690981032194,2.212142072102866,0.027139754294792855,96.48238442547404,1251,**,+1.5880**
1923,persistencia,log(pib_2003),densidade_buffer_real_1923,densidade_buffer_sintetica_1923,1.7524217052379982,0.737449162929726,2.3763288282489956,0.01763800060637203,96.48238442547404,1251,**,+1.7524**
1923,persistencia,log(pop_total_2010),densidade_buffer_real_1923,densidade_buffer_sintetica_1923,1.1094982868110959,0.5663480608546589,1.9590396145027584,0.050333427445005914,96.48238442547404,1251,*,+1.1095*
1923,persistencia,log(pop_total_2000),densidade_buffer_real_1923,densidade_buffer_sintetica_1923,1.0593406368678715,0.5470254017381007,1.9365474318047335,0.05302913276884463,96.48238442547404,1251,*,+1.0593*
1923,contemporaneo,log(pib_1920),densidade_buffer_real_1923,densidade_buffer_sintetica_1923,1.1375151114236663,0.34038521332081206,3.3418464342972554,8.57193692274826e-4,96.48238442547404,1251,***,+1.1375***
1923,contemporaneo,log(pop_total_1940),densidade_buffer_real_1923,densidade_buffer_sintetica_1923,0.560664484434128,0.2926749687236698,1.9156557422014504,0.055640193450561766,96.48238442547404,1251,*,+0.5607*
1924,persistencia,log(pib_2010),densidade_buffer_real_1924,densidade_buffer_sintetica_1924,1.6100460538327785,0.7218381374333923,2.230480727379614,0.025895062029357662,95.34341559573204,1251,**,+1.6100**
1924,persistencia,log(pib_2003),densidade_buffer_real_1924,densidade_buffer_sintetica_1924,1.7742607235670238,0.7416755110864294,2.3922331222289266,0.016895341459553254,95.34341559573204,1251,**,+1.7743**
1924,persistencia,log(pop_total_2010),densidade_buffer_real_1924,densidade_buffer_sintetica_1924,1.1291311680860976,0.5697234055239316,1.9818935945728275,0.047713088494169664,95.34341559573204,1251,**,+1.1291**
1924,persistencia,log(pop_total_2000),densidade_buffer_real_1924,densidade_buffer_sintetica_1924,1.0779550469001866,0.5502783109646603,1.9589270109710257,0.050346631160223004,95.34341559573204,1251,*,+1.0780*
1924,contemporaneo,log(pib_1920),densidade_buffer_real_1924,densidade_buffer_sintetica_1924,1.1412874077778152,0.3418472543900636,3.3385887794071714,8.672163345814936e-4,95.34341559573204,1251,***,+1.1413***
1924,contemporaneo,log(pop_total_1940),densidade_buffer_real_1924,densidade_buffer_sintetica_1924,0.5685960261616354,0.2947553324375062,1.9290440700752673,0.053954861444819105,95.34341559573204,1251,*,+0.5686*
1925,persistencia,log(pib_2010),densidade_buffer_real_1925,densidade_buffer_sintetica_1925,1.8083072307088308,0.7393042886320627,2.445957988495844,0.01458589588650366,92.98922648017907,1251,**,+1.8083**
1925,persistencia,log(pib_2003),densidade_buffer_real_1925,densidade_buffer_sintetica_1925,1.9796249176966694,0.7585910595855603,2.6096074989048703,0.009174469402454557,92.98922648017907,1251,***,+1.9796***
1925,persistencia,log(pop_total_2010),densidade_buffer_real_1925,densidade_buffer_sintetica_1925,1.2079699965008128,0.5821354121695703,2.0750670226344914,0.03818747165857143,92.98922648017907,1251,**,+1.2080**
1925,persistencia,log(pop_total_2000),densidade_buffer_real_1925,densidade_buffer_sintetica_1925,1.1627566285037205,0.5610528143121175,2.07245485423565,0.03843062743209928,92.98922648017907,1251,**,+1.1628**
1925,contemporaneo,log(pib_1920),densidade_buffer_real_1925,densidade_buffer_sintetica_1925,1.2149990937625224,0.3447801986341258,3.5239816514284694,4.406874783505095e-4,92.98922648017907,1251,***,+1.2150***
1925,contemporaneo,log(pop_total_1940),densidade_buffer_real_1925,densidade_buffer_sintetica_1925,0.5505062344418714,0.2886720428134982,1.9070299606309156,0.05674910193339133,92.98922648017907,1251,*,+0.5505*
1926,persistencia,log(pib_2010),densidade_buffer_real_1926,densidade_buffer_sintetica_1926,2.4155003710163534,0.8756140664485746,2.758635868897633,0.005890560563153576,72.8606461790888,1246,***,+2.4155***
1926,persistencia,log(pib_2003),densidade_buffer_real_1926,densidade_buffer_sintetica_1926,2.5379465796172678,0.8949294299398017,2.835918112323097,0.004644466581028334,72.8606461790888,1246,***,+2.5379***
1926,persistencia,log(pop_total_2010),densidade_buffer_real_1926,densidade_buffer_sintetica_1926,1.712964702207166,0.6929404393601583,2.4720229978046446,0.013569938192791536,72.8606461790888,1246,**,+1.7130**
1926,persistencia,log(pop_total_2000),densidade_buffer_real_1926,densidade_buffer_sintetica_1926,1.6726941693382964,0.6709441995043778,2.4930451303907315,0.012796264191109295,72.8606461790888,1246,**,+1.6727**
1926,contemporaneo,log(pib_1920),densidade_buffer_real_1926,densidade_buffer_sintetica_1926,0.9541716429302809,0.3655111990076932,2.610512743578611,0.009150807479702303,72.8606461790888,1246,***,+0.9542***
1926,contemporaneo,log(pop_total_1940),densidade_buffer_real_1926,densidade_buffer_sintetica_1926,0.5799816913589073,0.31663015990845866,1.8317323009487996,0.06723362735880627,72.8606461790888,1246,*,+0.5800*
1927,persistencia,log(pib_2010),densidade_buffer_real_1927,densidade_buffer_sintetica_1927,2.338178828028642,0.8500677395299493,2.750579417731526,0.006036531884802823,73.81044093600212,1245,***,+2.3382***
1927,persistencia,log(pib_2003),densidade_buffer_real_1927,densidade_buffer_sintetica_1927,2.478231769079389,0.8704818283896542,2.8469655405259733,0.004487401752274769,73.81044093600212,1245,***,+2.4782***
1927,persistencia,log(pop_total_2010),densidade_buffer_real_1927,densidade_buffer_sintetica_1927,1.6554058913014236,0.6739950506355835,2.4561098627361737,0.01418292815372807,73.81044093600212,1245,**,+1.6554**
1927,persistencia,log(pop_total_2000),densidade_buffer_real_1927,densidade_buffer_sintetica_1927,1.6105013923886835,0.65197947784399,2.4701719104938684,0.013640116426182526,73.81044093600212,1245,**,+1.6105**
1927,contemporaneo,log(pib_1920),densidade_buffer_real_1927,densidade_buffer_sintetica_1927,1.0636194976390279,0.37025226195516703,2.872688723149027,0.004140063917581792,73.81044093600212,1245,***,+1.0636***
1927,contemporaneo,log(pop_total_1940),densidade_buffer_real_1927,densidade_buffer_sintetica_1927,0.44991240165133584,0.31568554734737764,1.4251916358915733,0.1543563368950494,73.81044093600212,1245,,+0.4499
1929,persistencia,log(pib_2010),densidade_buffer_real_1929,densidade_buffer_sintetica_1929,2.326772722814325,0.8430896927777463,2.759816354945884,0.005869522187689152,74.6677218331407,1245,***,+2.3268***
1929,persistencia,log(pib_2003),densidade_buffer_real_1929,densidade_buffer_sintetica_1929,2.473735208007213,0.8642844726768723,2.8621770796662935,0.004278938723474937,74.6677218331407,1245,***,+2.4737***
1929,persistencia,log(pop_total_2010),densidade_buffer_real_1929,densidade_buffer_sintetica_1929,1.63800874254775,0.6677295982842828,2.453101894474319,0.014301486930834972,74.6677218331407,1245,**,+1.6380**
1929,persistencia,log(pop_total_2000),densidade_buffer_real_1929,densidade_buffer_sintetica_1929,1.5929290826630584,0.645727403789911,2.466875454431421,0.01376568769545967,74.6677218331407,1245,**,+1.5929**
1929,contemporaneo,log(pib_1920),densidade_buffer_real_1929,densidade_buffer_sintetica_1929,1.0653754598644096,0.36792403529854834,2.8956397453075366,0.003850971841793794,74.6677218331407,1245,***,+1.0654***
1929,contemporaneo,log(pop_total_1940),densidade_buffer_real_1929,densidade_buffer_sintetica_1929,0.45510454360146846,0.3140277870783056,1.449249277701607,0.14752371020213648,74.6677218331407,1245,,+0.4551
1931,persistencia,log(pib_2010),densidade_buffer_real_1931,densidade_buffer_sintetica_1931,2.313004877042942,0.8485395427036233,2.725865750078338,0.006504648479685265,73.3632542742728,1245,***,+2.3130***
1931,persistencia,log(pib_2003),densidade_buffer_real_1931,densidade_buffer_sintetica_1931,2.461256099278402,0.8697859424316364,2.8297262340174605,0.004734759811443152,73.3632542742728,1245,***,+2.4613***
1931,persistencia,log(pop_total_2010),densidade_buffer_real_1931,densidade_buffer_sintetica_1931,1.6326571113993598,0.6731308592535002,2.425467632266883,0.015432300997733966,73.3632542742728,1245,**,+1.6327**
1931,persistencia,log(pop_total_2000),densidade_buffer_real_1931,densidade_buffer_sintetica_1931,1.5897685504547854,0.6508029953044854,2.442780014727797,0.014715004969944304,73.3632542742728,1245,**,+1.5898**
1931,contemporaneo,log(pib_1939),densidade_buffer_real_1931,densidade_buffer_sintetica_1931,0.6993397372016463,0.3870614037192098,1.806792747821935,0.07103968944582191,73.3632542742728,1245,*,+0.6993*
1931,contemporaneo,log(pop_total_1940),densidade_buffer_real_1931,densidade_buffer_sintetica_1931,0.4495323448103662,0.31682949362355367,1.4188462686005037,0.1561980043306657,73.3632542742728,1245,,+0.4495
1932,persistencia,log(pib_2010),densidade_buffer_real_1932,densidade_buffer_sintetica_1932,2.3251141017419616,0.8457781529377352,2.7490827159177433,0.006064065030537718,74.08889875853724,1244,***,+2.3251***
1932,persistencia,log(pib_2003),densidade_buffer_real_1932,densidade_buffer_sintetica_1932,2.466003485166465,0.8657725727996637,2.8483271041863882,0.004468434071454381,74.08889875853724,1244,***,+2.4660***
1932,persistencia,log(pop_total_2010),densidade_buffer_real_1932,densidade_buffer_sintetica_1932,1.6430979708333964,0.6710915128554643,2.448396290756365,0.014488827864935163,74.08889875853724,1244,**,+1.6431**
1932,persistencia,log(pop_total_2000),densidade_buffer_real_1932,densidade_buffer_sintetica_1932,1.5993526711449735,0.6488641283763288,2.4648498833601407,0.013843464865363536,74.08889875853724,1244,**,+1.5994**
1932,contemporaneo,log(pib_1939),densidade_buffer_real_1932,densidade_buffer_sintetica_1932,0.6923273193524728,0.38437961693023787,1.8011551311736835,0.07192427607420494,74.08889875853724,1244,*,+0.6923*
1932,contemporaneo,log(pop_total_1940),densidade_buffer_real_1932,densidade_buffer_sintetica_1932,0.4453607427347117,0.31478298013241823,1.4148183696188528,0.1573758913498889,74.08889875853724,1244,,+0.4454
1933,persistencia,log(pib_2010),densidade_buffer_real_1933,densidade_buffer_sintetica_1933,2.951013559537814,0.9980301551350937,2.9568380718299676,0.0031678145766850067,61.85219915578067,1241,***,+2.9510***
1933,persistencia,log(pib_2003),densidade_buffer_real_1933,densidade_buffer_sintetica_1933,2.894484077313076,0.980938386618578,2.9507297469423523,0.0032306768728043583,61.85219915578067,1241,***,+2.8945***
1933,persistencia,log(pop_total_2010),densidade_buffer_real_1933,densidade_buffer_sintetica_1933,1.9925199763791548,0.7657109003752064,2.6021831155894466,0.009375272277379457,61.85219915578067,1241,***,+1.9925***
1933,persistencia,log(pop_total_2000),densidade_buffer_real_1933,densidade_buffer_sintetica_1933,1.842129674500814,0.7278512530051591,2.530915028166829,0.011501172347518738,61.85219915578067,1241,**,+1.8421**
1933,contemporaneo,log(pib_1939),densidade_buffer_real_1933,densidade_buffer_sintetica_1933,0.7443119709503458,0.4102419378857175,1.8143244320323277,0.06987292493050588,61.85219915578067,1241,*,+0.7443*
1933,contemporaneo,log(pop_total_1940),densidade_buffer_real_1933,densidade_buffer_sintetica_1933,0.6220085289307935,0.3461041189391228,1.797171703235928,0.0725551987680424,61.85219915578067,1241,*,+0.6220*
1934,persistencia,log(pib_2010),densidade_buffer_real_1934,densidade_buffer_sintetica_1934,2.951469759667006,0.9954777682754802,2.964877623314478,0.003086827389961107,61.612856588778826,1240,***,+2.9515***
1934,persistencia,log(pib_2003),densidade_buffer_real_1934,densidade_buffer_sintetica_1934,2.8993744612863197,0.9785401508109026,2.9629591170925877,0.0031059915613202782,61.612856588778826,1240,***,+2.8994***
1934,persistencia,log(pop_total_2010),densidade_buffer_real_1934,densidade_buffer_sintetica_1934,2.0023540420068393,0.7652419989633975,2.616628523681715,0.008989932751647917,61.612856588778826,1240,***,+2.0024***
1934,persistencia,log(pop_total_2000),densidade_buffer_real_1934,densidade_buffer_sintetica_1934,1.8599957323609488,0.7282995248388698,2.553888433158675,0.010773350414693406,61.612856588778826,1240,**,+1.8600**
1934,contemporaneo,log(pib_1939),densidade_buffer_real_1934,densidade_buffer_sintetica_1934,0.7657618072644652,0.4117743987494798,1.8596634700700478,0.06317351681597773,61.612856588778826,1240,*,+0.7658*
1934,contemporaneo,log(pop_total_1940),densidade_buffer_real_1934,densidade_buffer_sintetica_1934,0.6737093711398565,0.3505184448480342,1.922036860091458,0.05483361125452221,61.612856588778826,1240,*,+0.6737*
1936,persistencia,log(pib_2010),densidade_buffer_real_1936,densidade_buffer_sintetica_1936,2.936996920293938,0.98450738790327,2.9832147085751526,0.002909028979549573,62.61936314659528,1240,***,+2.9370***
1936,persistencia,log(pib_2003),densidade_buffer_real_1936,densidade_buffer_sintetica_1936,2.8841011866413027,0.9676906808860607,2.9803957438140163,0.0029357387770252512,62.61936314659528,1240,***,+2.8841***
1936,persistencia,log(pop_total_2010),densidade_buffer_real_1936,densidade_buffer_sintetica_1936,1.994114428799572,0.7572590046437608,2.6333320786824688,0.008561960189111694,62.61936314659528,1240,***,+1.9941***
1936,persistencia,log(pop_total_2000),densidade_buffer_real_1936,densidade_buffer_sintetica_1936,1.8540373927436584,0.7208075739623567,2.5721669134965044,0.01022378582436594,62.61936314659528,1240,**,+1.8540**
1936,contemporaneo,log(pib_1939),densidade_buffer_real_1936,densidade_buffer_sintetica_1936,0.7586647006828697,0.4074936031424181,1.8617830926237096,0.06287378560647024,62.61936314659528,1240,*,+0.7587*
1936,contemporaneo,log(pop_total_1940),densidade_buffer_real_1936,densidade_buffer_sintetica_1936,0.6638240304752717,0.34634261239904074,1.9166686590399764,0.05551325215841384,62.61936314659528,1240,*,+0.6638*
1937,persistencia,log(pib_2010),densidade_buffer_real_1937,densidade_buffer_sintetica_1937,2.9430224520935937,0.987521171570037,2.9802120064064557,0.0029375344111017628,62.20722566392834,1239,***,+2.9430***
1937,persistencia,log(pib_2003),densidade_buffer_real_1937,densidade_buffer_sintetica_1937,2.8894105908183083,0.9705400233953045,2.9771163694106004,0.002967140082888677,62.20722566392834,1239,***,+2.8894***
1937,persistencia,log(pop_total_2010),densidade_buffer_real_1937,densidade_buffer_sintetica_1937,1.99736123351659,0.7592774082540759,2.6306080120432296,0.008630574346368802,62.20722566392834,1239,***,+1.9974***
1937,persistencia,log(pop_total_2000),densidade_buffer_real_1937,densidade_buffer_sintetica_1937,1.8569790776585406,0.7226749719310726,2.5695909638277277,0.010299787639253785,62.20722566392834,1239,**,+1.8570**
1937,contemporaneo,log(pib_1939),densidade_buffer_real_1937,densidade_buffer_sintetica_1937,0.7636197806961085,0.40866086675588925,1.868590420115395,0.06191932345426866,62.20722566392834,1239,*,+0.7636*
1937,contemporaneo,log(pop_total_1940),densidade_buffer_real_1937,densidade_buffer_sintetica_1937,0.6671231024670509,0.34746218891493025,1.9199876238343268,0.05509242127332681,62.20722566392834,1239,*,+0.6671*
1940,persistencia,log(pib_2010),densidade_buffer_real_1940,densidade_buffer_sintetica_1940,2.9347380725379524,0.9822010726978863,2.987919840564707,0.0028650344501250456,61.63036592985332,1238,***,+2.9347***
1940,persistencia,log(pib_2003),densidade_buffer_real_1940,densidade_buffer_sintetica_1940,2.8808594153685196,0.9658909987332596,2.982592672616983,0.0029149971730128444,61.63036592985332,1238,***,+2.8809***
1940,persistencia,log(pop_total_2010),densidade_buffer_real_1940,densidade_buffer_sintetica_1940,1.9900512694252432,0.7552400212344563,2.634991808527918,0.008520622792012862,61.63036592985332,1238,***,+1.9901***
1940,persistencia,log(pop_total_2000),densidade_buffer_real_1940,densidade_buffer_sintetica_1940,1.850061547735344,0.7189495686682754,2.5732841750809445,0.010191211700167261,61.63036592985332,1238,**,+1.8501**
1940,contemporaneo,log(pib_1939),densidade_buffer_real_1940,densidade_buffer_sintetica_1940,0.7607313034412253,0.4081298905194887,1.8639441048361525,0.06256980800215839,61.63036592985332,1238,*,+0.7607*
1940,contemporaneo,log(pop_total_1940),densidade_buffer_real_1940,densidade_buffer_sintetica_1940,0.6639508800150081,0.3465124197228888,1.9160954765949791,0.05558661623379852,61.63036592985332,1238,*,+0.6640*
1941,persistencia,log(pib_2010),densidade_buffer_real_1941,densidade_buffer_sintetica_1941,2.9383389220976697,0.9849995248457596,2.983086639110595,0.0029103779064134894,61.286608399236854,1237,***,+2.9383***
1941,persistencia,log(pib_2003),densidade_buffer_real_1941,densidade_buffer_sintetica_1941,2.882500926207167,0.9683657861822943,2.976665395801724,0.002971570555443973,61.286608399236854,1237,***,+2.8825***
1941,persistencia,log(pop_total_2010),densidade_buffer_real_1941,densidade_buffer_sintetica_1941,1.9976054369661453,0.7579138684996419,2.635662863539604,0.008503977351057472,61.286608399236854,1237,***,+1.9976***
1941,persistencia,log(pop_total_2000),densidade_buffer_real_1941,densidade_buffer_sintetica_1941,1.8560142547381455,0.7211872426933771,2.573553918960899,0.010183411217694364,61.286608399236854,1237,**,+1.8560**
1941,contemporaneo,log(pib_1939),densidade_buffer_real_1941,densidade_buffer_sintetica_1941,0.771452988360769,0.409696187423115,1.882987960451896,0.059940138465660785,61.286608399236854,1237,*,+0.7715*
1941,contemporaneo,log(pop_total_1940),densidade_buffer_real_1941,densidade_buffer_sintetica_1941,0.6716851861715258,0.34820731812739014,1.9289806710087372,0.05396537885907161,61.286608399236854,1237,*,+0.6717*
1944,persistencia,log(pib_2010),densidade_buffer_real_1944,densidade_buffer_sintetica_1944,3.012921003968934,1.0056879070262685,2.9958807130115335,0.0027918739250723658,59.321586993406534,1237,***,+3.0129***
1944,persistencia,log(pib_2003),densidade_buffer_real_1944,densidade_buffer_sintetica_1944,2.956586736666755,0.988998316245949,2.9894760062781502,0.00285063407461487,59.321586993406534,1237,***,+2.9566***
1944,persistencia,log(pop_total_2010),densidade_buffer_real_1944,densidade_buffer_sintetica_1944,2.0584621721240284,0.7736176887186432,2.6608261446729533,0.007897365939722076,59.321586993406534,1237,***,+2.0585***
1944,persistencia,log(pop_total_2000),densidade_buffer_real_1944,densidade_buffer_sintetica_1944,1.916164331923771,0.7362616862183009,2.6025588018383314,0.009365432870628989,59.321586993406534,1237,***,+1.9162***
1944,contemporaneo,log(pib_1939),densidade_buffer_real_1944,densidade_buffer_sintetica_1944,0.8027764498994814,0.4157364093276857,1.930974607679186,0.053718035272322606,59.321586993406534,1237,*,+0.8028*
1944,contemporaneo,log(pop_total_1940),densidade_buffer_real_1944,densidade_buffer_sintetica_1944,0.6924432589079631,0.35409459871436083,1.9555318308216827,0.050748707681362235,59.321586993406534,1237,*,+0.6924*
1947,persistencia,log(pib_2010),densidade_buffer_real_1947,densidade_buffer_sintetica_1947,3.0120296392782424,1.0044391146754414,2.9987179862579345,0.002766244483061797,59.142740250529904,1236,***,+3.0120***
1947,persistencia,log(pib_2003),densidade_buffer_real_1947,densidade_buffer_sintetica_1947,2.952915526381696,0.9873347458124749,2.9907947014988823,0.0028384902332712733,59.142740250529904,1236,***,+2.9529***
1947,persistencia,log(pop_total_2010),densidade_buffer_real_1947,densidade_buffer_sintetica_1947,2.0573303073249143,0.7726232913414094,2.6627857720326142,0.007851879052773517,59.142740250529904,1236,***,+2.0573***
1947,persistencia,log(pop_total_2000),densidade_buffer_real_1947,densidade_buffer_sintetica_1947,1.9131626154401506,0.7351315800193925,2.6024764374694422,0.009367762601470254,59.142740250529904,1236,***,+1.9132***
1947,contemporaneo,log(pib_1939),densidade_buffer_real_1947,densidade_buffer_sintetica_1947,0.8108721656355948,0.4158892930844553,1.9497308036514651,0.051437611362385886,59.142740250529904,1236,*,+0.8109*
1947,contemporaneo,log(pop_total_1940),densidade_buffer_real_1947,densidade_buffer_sintetica_1947,0.6973533835398054,0.3541260470532032,1.969223640403487,0.04915398055532742,59.142740250529904,1236,**,+0.6974**
1948,persistencia,log(pib_2010),densidade_buffer_real_1948,densidade_buffer_sintetica_1948,3.1865654273920274,1.0833761451992363,2.941328772571421,0.003329956030091815,49.008773174200996,1235,***,+3.1866***
1948,persistencia,log(pib_2003),densidade_buffer_real_1948,densidade_buffer_sintetica_1948,3.1887036843875824,1.0704896901312253,2.9787336709396026,0.002951828083391341,49.008773174200996,1235,***,+3.1887***
1948,persistencia,log(pop_total_2010),densidade_buffer_real_1948,densidade_buffer_sintetica_1948,2.193875676245516,0.8350810749661102,2.6271409351894954,0.00871885754945533,49.008773174200996,1235,***,+2.1939***
1948,persistencia,log(pop_total_2000),densidade_buffer_real_1948,densidade_buffer_sintetica_1948,2.053168111490571,0.7947196709014654,2.5835123838845258,0.009895847616573111,49.008773174200996,1235,***,+2.0532***
1948,contemporaneo,log(pib_1939),densidade_buffer_real_1948,densidade_buffer_sintetica_1948,0.8087824824499714,0.43743283110566683,1.8489295382920192,0.06471058134858818,49.008773174200996,1235,*,+0.8088*
1948,contemporaneo,log(pop_total_1940),densidade_buffer_real_1948,densidade_buffer_sintetica_1948,0.721790544101202,0.372744201142616,1.9364232679907931,0.053047349570105165,49.008773174200996,1235,*,+0.7218*
1949,persistencia,log(pib_2010),densidade_buffer_real_1949,densidade_buffer_sintetica_1949,3.733667052061531,1.2263880206530084,3.044441880697338,0.0023813890375755683,45.743823737986276,1231,***,+3.7337***
1949,persistencia,log(pib_2003),densidade_buffer_real_1949,densidade_buffer_sintetica_1949,3.6648194555681575,1.1835936849371322,3.096349281183279,0.0020041602633691807,45.743823737986276,1231,***,+3.6648***
1949,persistencia,log(pop_total_2010),densidade_buffer_real_1949,densidade_buffer_sintetica_1949,2.5279344143199554,0.8974723731102238,2.816726720577821,0.00493028722029006,45.743823737986276,1231,***,+2.5279***
1949,persistencia,log(pop_total_2000),densidade_buffer_real_1949,densidade_buffer_sintetica_1949,2.3548284730056013,0.8515480387032355,2.765350122339086,0.005772465743963093,45.743823737986276,1231,***,+2.3548***
1949,contemporaneo,log(pib_1949),densidade_buffer_real_1949,densidade_buffer_sintetica_1949,1.1675989634006825,0.5188546345612948,2.2503392773737447,0.024606144767637964,45.743823737986276,1231,**,+1.1676**
1949,contemporaneo,log(pop_total_1950),densidade_buffer_real_1949,densidade_buffer_sintetica_1949,0.80204395231832315,0.4170325550515529,1.923216647245143,0.05468690488249148,45.743823737986276,1231,*,+0.8020*
1950,persistencia,log(pib_2010),densidade_buffer_real_1950,densidade_buffer_sintetica_1950,4.20141255412909,1.3736617258726156,3.0585496232415967,0.0022728536513674912,38.61768059769291,1232,***,+4.2014***
1950,persistencia,log(pib_2003),densidade_buffer_real_1950,densidade_buffer_sintetica_1950,4.183090323292346,1.3420552795964158,3.1169284804350896,0.001870406658604513,38.61768059769291,1232,***,+4.1831***
1950,persistencia,log(pop_total_2010),densidade_buffer_real_1950,densidade_buffer_sintetica_1950,2.770085741483886,0.9913757875573265,2.7941833724920437,0.00528501390886625,38.61768059769291,1232,***,+2.7701***
1950,persistencia,log(pop_total_2000),densidade_buffer_real_1950,densidade_buffer_sintetica_1950,2.585266575715543,0.9411391637561595,2.746954621883488,0.006104180358515418,38.61768059769291,1232,***,+2.5853***
1950,contemporaneo,log(pib_1949),densidade_buffer_real_1950,densidade_buffer_sintetica_1950,1.232595114618313,0.5588060129881908,2.2057656610154646,0.027587374313989086,38.61768059769291,1232,**,+1.2326**
1950,contemporaneo,log(pop_total_1950),densidade_buffer_real_1950,densidade_buffer_sintetica_1950,0.7556892768612832,0.4369429134637524,1.7294920081681862,0.08397547460739743,38.61768059769291,1232,*,+0.7557*
1951,persistencia,log(pib_2010),densidade_buffer_real_1951,densidade_buffer_sintetica_1951,4.246632593477086,1.4073224803321311,3.017526297508494,0.0026015196344911277,35.97053009015802,1234,***,+4.2466***
1951,persistencia,log(pib_2003),densidade_buffer_real_1951,densidade_buffer_sintetica_1951,4.255840801011722,1.3833452986963006,3.076484811870567,0.002141395990615683,35.97053009015802,1234,***,+4.2558***
1951,persistencia,log(pop_total_2010),densidade_buffer_real_1951,densidade_buffer_sintetica_1951,2.8037603450536017,1.0162510377795748,2.7589249514367906,0.005886239331018603,35.97053009015802,1234,***,+2.8038***
1951,persistencia,log(pop_total_2000),densidade_buffer_real_1951,densidade_buffer_sintetica_1951,2.613706936473212,0.9645056284204595,2.709892881344402,0.006825194597814941,35.97053009015802,1234,***,+2.6137***
1951,contemporaneo,log(pib_1949),densidade_buffer_real_1951,densidade_buffer_sintetica_1951,1.193319693789888,0.5639508627450526,2.115999411688739,0.03454781840386295,35.97053009015802,1234,**,+1.1933**
1951,contemporaneo,log(pop_total_1950),densidade_buffer_real_1951,densidade_buffer_sintetica_1951,0.7159392103799341,0.4410716184721965,1.6231813165849034,0.10481005607283912,35.97053009015802,1234,,+0.7159
1953,persistencia,log(pib_2010),densidade_buffer_real_1953,densidade_buffer_sintetica_1953,4.1660059119068835,1.3868422696673206,3.003950775819831,0.0027195024069023507,36.916853538364585,1235,***,+4.1660***
1953,persistencia,log(pib_2003),densidade_buffer_real_1953,densidade_buffer_sintetica_1953,4.176575802856515,1.362558623019731,3.0652448506034187,0.0022228487417457897,36.916853538364585,1235,***,+4.1766***
1953,persistencia,log(pop_total_2010),densidade_buffer_real_1953,densidade_buffer_sintetica_1953,2.7522099399272157,1.0045826674632752,2.739655012042928,0.006240312558950265,36.916853538364585,1235,***,+2.7522***
1953,persistencia,log(pop_total_2000),densidade_buffer_real_1953,densidade_buffer_sintetica_1953,2.56581756507288,0.9538567615778683,2.6899401130506315,0.007244316353004994,36.916853538364585,1235,***,+2.5658***
1953,contemporaneo,log(pib_1949),densidade_buffer_real_1953,densidade_buffer_sintetica_1953,1.1613033088286149,0.5508600127674548,2.1081641105048923,0.035220965597154943,36.916853538364585,1235,**,+1.1613**
1953,contemporaneo,log(pop_total_1950),densidade_buffer_real_1953,densidade_buffer_sintetica_1953,0.6999380814768441,0.43124076469937883,1.6230795851704238,0.10483158824312956,36.916853538364585,1235,,+0.6999
1955,persistencia,log(pib_2010),densidade_buffer_real_1955,densidade_buffer_sintetica_1955,4.188412280639765,1.4019037054617818,2.9876604679207395,0.0028675882820100042,36.15873814620976,1235,***,+4.1884***
1955,persistencia,log(pib_2003),densidade_buffer_real_1955,densidade_buffer_sintetica_1955,4.199398355096365,1.3775069157527076,3.0485497437968934,0.0023491528725055615,36.15873814620976,1235,***,+4.1994***
1955,persistencia,log(pop_total_2010),densidade_buffer_real_1955,densidade_buffer_sintetica_1955,2.7691845565469926,1.01532744633377,2.727380774100215,0.0064757888051590285,36.15873814620976,1235,***,+2.7692***
1955,persistencia,log(pop_total_2000),densidade_buffer_real_1955,densidade_buffer_sintetica_1955,2.582064846261107,0.9640075956375487,2.6784693999775513,0.007495651760378754,36.15873814620976,1235,***,+2.5821***
1955,contemporaneo,log(pib_1949),densidade_buffer_real_1955,densidade_buffer_sintetica_1955,1.1672320791778803,0.5558754385124345,2.099808695094504,0.035951298828844826,36.15873814620976,1235,**,+1.1672**
1955,contemporaneo,log(pop_total_1950),densidade_buffer_real_1955,densidade_buffer_sintetica_1955,0.7085306314485537,0.4356597935523293,1.626339271915044,0.10413659921690421,36.15873814620976,1235,,+0.7085
1956,persistencia,log(pib_2010),densidade_buffer_real_1956,densidade_buffer_sintetica_1956,4.1885472861225175,1.401920318265571,2.987721364438535,0.002867021241653169,36.15928370526978,1235,***,+4.1885***
1956,persistencia,log(pib_2003),densidade_buffer_real_1956,densidade_buffer_sintetica_1956,4.19957178198853,1.3775317466816737,3.0486206884921874,0.002348602506037115,36.15928370526978,1235,***,+4.1996***
1956,persistencia,log(pop_total_2010),densidade_buffer_real_1956,densidade_buffer_sintetica_1956,2.7693366169693943,1.0153469348925743,2.7274781868154214,0.0064738888976282934,36.15928370526978,1235,***,+2.7693***
1956,persistencia,log(pop_total_2000),densidade_buffer_real_1956,densidade_buffer_sintetica_1956,2.5822651184210006,0.9640341778269866,2.6786032879473645,0.007492673534277126,36.15928370526978,1235,***,+2.5823***
1956,contemporaneo,log(pib_1949),densidade_buffer_real_1956,densidade_buffer_sintetica_1956,1.1673533782797885,0.5558836664030714,2.0999958243661365,0.03593480170423771,36.15928370526978,1235,**,+1.1674**
1956,contemporaneo,log(pop_total_1950),densidade_buffer_real_1956,densidade_buffer_sintetica_1956,0.7085370392024514,0.43565856143107456,1.62635857969831,0.10413249360093495,36.15928370526978,1235,,+0.7085
1957,persistencia,log(pib_2010),densidade_buffer_real_1957,densidade_buffer_sintetica_1957,4.066824247303474,1.3438681042661564,3.0262078803665315,0.0025284753770025256,38.00348499594012,1235,***,+4.0668***
1957,persistencia,log(pib_2003),densidade_buffer_real_1957,densidade_buffer_sintetica_1957,4.098019394738274,1.3221015511864713,3.099625282990295,0.0019821542097752196,38.00348499594012,1235,***,+4.0980***
1957,persistencia,log(pop_total_2010),densidade_buffer_real_1957,densidade_buffer_sintetica_1957,2.694403753182951,0.9767718860318989,2.7584779944157387,0.0058941718592898104,38.00348499594012,1235,***,+2.6944***
1957,persistencia,log(pop_total_2000),densidade_buffer_real_1957,densidade_buffer_sintetica_1957,2.5288428702801227,0.9300044657070667,2.7191728250008844,0.00663768943266258,38.00348499594012,1235,***,+2.5288***
1957,contemporaneo,log(pib_1949),densidade_buffer_real_1957,densidade_buffer_sintetica_1957,1.2033981080163938,0.5434856481815762,2.214222421590687,0.02699840724278911,38.00348499594012,1235,**,+1.2034**
1957,contemporaneo,log(pop_total_1950),densidade_buffer_real_1957,densidade_buffer_sintetica_1957,0.6882724266165416,0.42171717169400746,1.6320711434438415,0.10292341467474082,38.00348499594012,1235,,+0.6883
1958,persistencia,log(pib_2010),densidade_buffer_real_1958,densidade_buffer_sintetica_1958,4.103078822511604,1.3186998538137706,3.1114577063500977,0.0019049854363669906,36.854077771583476,1236,***,+4.1031***
1958,persistencia,log(pib_2003),densidade_buffer_real_1958,densidade_buffer_sintetica_1958,4.10815409845854,1.2966635852551933,3.168249764375101,0.0015717621145429706,36.854077771583476,1236,***,+4.1082***
1958,persistencia,log(pop_total_2010),densidade_buffer_real_1958,densidade_buffer_sintetica_1958,2.726437721070306,0.9623622321245363,2.8330680798345025,0.00468642562412795,36.854077771583476,1236,***,+2.7264***
1958,persistencia,log(pop_total_2000),densidade_buffer_real_1958,densidade_buffer_sintetica_1958,2.5412350370730987,0.9139377292300065,2.7805341171483224,0.0055106175246639215,36.854077771583476,1236,***,+2.5412***
1958,contemporaneo,log(pib_1949),densidade_buffer_real_1958,densidade_buffer_sintetica_1958,1.0422746990128668,0.5238498398904544,1.9896440156034476,0.04685366221857105,36.854077771583476,1236,**,+1.0423**
1958,contemporaneo,log(pop_total_1950),densidade_buffer_real_1958,densidade_buffer_sintetica_1958,0.6007537094345338,0.40988143890924067,1.465676784567836,0.1429946689218241,36.854077771583476,1236,,+0.6008
1961,persistencia,log(pib_2010),densidade_buffer_real_1961,densidade_buffer_sintetica_1961,4.098406893764552,1.316344812672736,3.1134751733043675,0.0018921129613792065,36.946470154416815,1236,***,+4.0984***
1961,persistencia,log(pib_2003),densidade_buffer_real_1961,densidade_buffer_sintetica_1961,4.103476390800445,1.294309708981532,3.1703975967462945,0.0015602843014595497,36.946470154416815,1236,***,+4.1035***
1961,persistencia,log(pop_total_2010),densidade_buffer_real_1961,densidade_buffer_sintetica_1961,2.7233332906372016,0.9607321881613933,2.834643539787083,0.004663532448413854,36.946470154416815,1236,***,+2.7233***
1961,persistencia,log(pop_total_2000),densidade_buffer_real_1961,densidade_buffer_sintetica_1961,2.5383414857824,0.9124007226916044,2.7820467724907436,0.0054851625826166425,36.946470154416815,1236,***,+2.5383***
1961,contemporaneo,log(pib_1959),densidade_buffer_real_1961,densidade_buffer_sintetica_1961,0.5818755690678907,0.8947424740826205,0.6503274248430955,0.5156034903863769,36.946470154416815,1236,,+0.5819
1961,contemporaneo,log(pop_total_1960),densidade_buffer_real_1961,densidade_buffer_sintetica_1961,0.7188206495981844,0.5568147084739222,1.2909512601925988,0.1969657492022033,36.946470154416815,1236,,+0.7188
1962,persistencia,log(pib_2010),densidade_buffer_real_1962,densidade_buffer_sintetica_1962,4.048537754432589,1.301834417218905,3.1098715020005674,0.0019151627269254493,36.58442822485929,1236,***,+4.0485***
1962,persistencia,log(pib_2003),densidade_buffer_real_1962,densidade_buffer_sintetica_1962,4.068583447879819,1.2815495572916444,3.1747375079884828,0.0015373276962574772,36.58442822485929,1236,***,+4.0686***
1962,persistencia,log(pop_total_2010),densidade_buffer_real_1962,densidade_buffer_sintetica_1962,2.640905779701192,0.9474439666268674,2.7874004930375604,0.005395921595300745,36.58442822485929,1236,***,+2.6409***
1962,persistencia,log(pop_total_2000),densidade_buffer_real_1962,densidade_buffer_sintetica_1962,2.4426059187770948,0.8985527823858752,2.7183777810930425,0.006653486640477471,36.58442822485929,1236,***,+2.4426***
1962,contemporaneo,log(pib_1959),densidade_buffer_real_1962,densidade_buffer_sintetica_1962,0.46266996680328587,0.8913142236644822,0.5190873818899685,0.6037941869542476,36.58442822485929,1236,,+0.4627
1962,contemporaneo,log(pop_total_1960),densidade_buffer_real_1962,densidade_buffer_sintetica_1962,0.6580154870522616,0.5521223441314504,1.1917928952638075,0.23357481437133984,36.58442822485929,1236,,+0.6580
1966,persistencia,log(pib_2010),densidade_buffer_real_1966,densidade_buffer_sintetica_1966,4.179261129829466,1.3296361155779515,3.1431615619231814,0.001711752615535502,36.134471551415025,1235,***,+4.1793***
1966,persistencia,log(pib_2003),densidade_buffer_real_1966,densidade_buffer_sintetica_1966,4.185591424661647,1.3068486830187493,3.2028125972420605,0.001396216300311818,36.134471551415025,1235,***,+4.1856***
1966,persistencia,log(pop_total_2010),densidade_buffer_real_1966,densidade_buffer_sintetica_1966,2.7669107634826284,0.9717565255359664,2.847329233993624,0.004482919186126687,36.134471551415025,1235,***,+2.7669***
1966,persistencia,log(pop_total_2000),densidade_buffer_real_1966,densidade_buffer_sintetica_1966,2.56399889278165,0.9214515032072695,2.782565207020894,0.0054765316565493155,36.134471551415025,1235,***,+2.5640***
1966,contemporaneo,log(pib_1959),densidade_buffer_real_1966,densidade_buffer_sintetica_1966,0.5251187026975277,0.8961925991872183,0.5859440294126199,0.5580218636752478,36.134471551415025,1235,,+0.5251
1966,contemporaneo,log(pop_total_1960),densidade_buffer_real_1966,densidade_buffer_sintetica_1966,0.7055303633278525,0.5578557081179523,1.2647183726202476,0.20621463152753555,36.134471551415025,1235,,+0.7055
1969,persistencia,log(pib_2010),densidade_buffer_real_1969,densidade_buffer_sintetica_1969,4.334316224921608,1.3664241615017176,3.172013747296549,0.001551698750128101,35.51534399876874,1236,***,+4.3343***
1969,persistencia,log(pib_2003),densidade_buffer_real_1969,densidade_buffer_sintetica_1969,4.342336119862452,1.344686575668501,3.2292552022419736,0.0012742888736232347,35.51534399876874,1236,***,+4.3423***
1969,persistencia,log(pop_total_2010),densidade_buffer_real_1969,densidade_buffer_sintetica_1969,2.8923723076555654,0.998799445699804,2.8958489315430476,0.00384892182697192,35.51534399876874,1236,***,+2.8924***
1969,persistencia,log(pop_total_2000),densidade_buffer_real_1969,densidade_buffer_sintetica_1969,2.686037230624425,0.9474232817706721,2.835097344878835,0.004656956991107577,35.51534399876874,1236,***,+2.6860***
1969,contemporaneo,log(pib_1959),densidade_buffer_real_1969,densidade_buffer_sintetica_1969,0.5701019564007535,0.9045671169919962,0.6302483759265348,0.5286504100719085,35.51534399876874,1236,,+0.5701
1969,contemporaneo,log(pop_total_1960),densidade_buffer_real_1969,densidade_buffer_sintetica_1969,0.7280319374353152,0.5633990231845223,1.2922137019695772,0.19652845775559372,35.51534399876874,1236,,+0.7280
1972,persistencia,log(pib_2010),densidade_buffer_real_1972,densidade_buffer_sintetica_1972,4.352235409856404,1.355319722632714,3.2112241393508016,0.0013563184959394527,36.154046033781874,1235,***,+4.3522***
1972,persistencia,log(pib_2003),densidade_buffer_real_1972,densidade_buffer_sintetica_1972,4.357167036478522,1.3331543510846344,3.2683140050014434,0.0011121578345982784,36.154046033781874,1235,***,+4.3572***
1972,persistencia,log(pop_total_2010),densidade_buffer_real_1972,densidade_buffer_sintetica_1972,2.9235119862636525,0.9936989185364216,2.942050083509775,0.003322264786963569,36.154046033781874,1235,***,+2.9235***
1972,persistencia,log(pop_total_2000),densidade_buffer_real_1972,densidade_buffer_sintetica_1972,2.719584541385591,0.9432350244274678,2.883252287028194,0.004005207990906268,36.154046033781874,1235,***,+2.7196***
1972,contemporaneo,log(pib_1970),densidade_buffer_real_1972,densidade_buffer_sintetica_1972,3.0784019045259696,1.053304135678717,2.922614466468739,0.0035354267887943093,36.07887040910766,1235,***,+3.0784***
1972,contemporaneo,log(pop_total_1970),densidade_buffer_real_1972,densidade_buffer_sintetica_1972,1.755356079357077,0.7664498902806534,2.290242456312849,0.022177832015792962,36.154046033781874,1235,**,+1.7554**
1985,persistencia,log(pib_2010),densidade_buffer_real_1985,densidade_buffer_sintetica_1985,4.405608999695005,1.3754706467607354,3.202982928112871,0.0013954269967308781,35.152766118857606,1234,***,+4.4056***
1985,persistencia,log(pib_2003),densidade_buffer_real_1985,densidade_buffer_sintetica_1985,4.414582655260219,1.353462613669207,3.261695307040941,0.001138243569711293,35.152766118857606,1234,***,+4.4146***
1985,persistencia,log(pop_total_2010),densidade_buffer_real_1985,densidade_buffer_sintetica_1985,2.9873641415988272,1.012044435453108,2.9518112416292652,0.003219813840426749,35.152766118857606,1234,***,+2.9874***
1985,persistencia,log(pop_total_2000),densidade_buffer_real_1985,densidade_buffer_sintetica_1985,2.774924839967771,0.9595957401295073,2.8917644419651825,0.003899073947403698,35.152766118857606,1234,***,+2.7749***
1985,contemporaneo,log(pib_1985),densidade_buffer_real_1985,densidade_buffer_sintetica_1985,3.6649445935201115,1.238533933669083,2.9590990556576284,0.0031452738849210475,35.0472051743306,1234,***,+3.6649***
1985,contemporaneo,log(pop_total_1991),densidade_buffer_real_1985,densidade_buffer_sintetica_1985,2.583283611495343,0.9203578260910782,2.8068252784539287,0.005083176188870885,35.152766118857606,1234,***,+2.5833***
1996,persistencia,log(pib_2010),densidade_buffer_real_1996,densidade_buffer_sintetica_1996,4.422920530159027,1.375847164444823,3.2146888436868997,0.0013402499392253294,35.199880281341734,1233,***,+4.4229***
1996,persistencia,log(pib_2003),densidade_buffer_real_1996,densidade_buffer_sintetica_1996,4.437392927698358,1.3550628737332848,3.2746767797372067,0.0010876765364178803,35.199880281341734,1233,***,+4.4374***
1996,persistencia,log(pop_total_2010),densidade_buffer_real_1996,densidade_buffer_sintetica_1996,2.999610281945015,1.0121592077190615,2.9635755512265196,0.0031001637341135416,35.199880281341734,1233,***,+2.9996***
1996,persistencia,log(pop_total_2000),densidade_buffer_real_1996,densidade_buffer_sintetica_1996,2.7928893412952718,0.960792098841011,2.906861270678945,0.003717069900191794,35.199880281341734,1233,***,+2.7929***
1996,contemporaneo,log(pib_1996),densidade_buffer_real_1996,densidade_buffer_sintetica_1996,4.126710387551008,1.298726045740955,3.1775064503281127,0.001522937152889321,35.199880281341734,1233,***,+4.1267***
1996,contemporaneo,log(pop_total_1996),densidade_buffer_real_1996,densidade_buffer_sintetica_1996,2.754504981858433,0.9505182980178674,2.897897902231289,0.003824207425050364,35.199880281341734,1233,***,+2.7545***
2003,persistencia,log(pib_2010),densidade_buffer_real_2003,densidade_buffer_sintetica_2003,4.424912654306167,1.3761658516154966,3.215391988626743,0.0013369989397444767,35.200680551072516,1233,***,+4.4249***
2003,persistencia,log(pib_2003),densidade_buffer_real_2003,densidade_buffer_sintetica_2003,4.438873230055469,1.3553002399161727,3.275195487554861,0.0010856989206373688,35.200680551072516,1233,***,+4.4389***
2003,persistencia,log(pop_total_2010),densidade_buffer_real_2003,densidade_buffer_sintetica_2003,3.000710161367128,1.0123175399923028,2.964198527460014,0.0030939397616749353,35.200680551072516,1233,***,+3.0007***
2003,persistencia,log(pop_total_2000),densidade_buffer_real_2003,densidade_buffer_sintetica_2003,2.793866897001517,0.9609291534719525,2.9074639757852494,0.0037099648460311363,35.200680551072516,1233,***,+2.7939***
2003,contemporaneo,log(pib_2003),densidade_buffer_real_2003,densidade_buffer_sintetica_2003,4.438873230055469,1.3553002399161727,3.275195487554861,0.0010856989206373688,35.200680551072516,1233,***,+4.4389***
2003,contemporaneo,log(pop_total_2000),densidade_buffer_real_2003,densidade_buffer_sintetica_2003,2.793866897001517,0.9609291534719525,2.9074639757852494,0.0037099648460311363,35.200680551072516,1233,***,+2.7939***
