ano_tratamento,tratamento_tipo,variavel_endogena,variavel_tratamento,coeficiente,erro_padrao,t_estatistica,p_valor,r2,n_observacoes,significancia,coeficiente_sig
1858,dummy,log(pib_2010),dummy_atendida_sintetica_1858,2.3135343207731696,0.4206559826193916,5.4998250740830406,3.801682124660033e-8,0.33016135162256066,1164,***,+2.3135***
1860,dummy,log(pib_2010),dummy_atendida_sintetica_1860,1.2838878926730228,0.4587787345834909,2.7984904179105414,0.005134209277356749,0.32361226065927895,1164,***,+1.2839***
1862,dummy,log(pib_2010),dummy_atendida_sintetica_1862,1.1315562727566804,0.4457148308034955,2.5387449430767433,0.011125089575668712,0.32170916605140487,1164,**,+1.1316**
1863,dummy,log(pib_2010),dummy_atendida_sintetica_1863,1.1315562727566804,0.4457148308034955,2.5387449430767433,0.011125089575668712,0.32170916605140487,1164,**,+1.1316**
1876,dummy,log(pib_2010),dummy_atendida_sintetica_1876,0.8866024635064463,0.3048126302337683,2.9086802040535167,0.003629579284467166,0.3214950041998189,1164,***,+0.8866***
1876,densidade,log(pib_2010),densidade_sintetica_1876,0.012445353280334644,0.0012246993971747329,10.161965710969493,0,0.312381956801259,1164,***,+0.0124***
1881,dummy,log(pib_2010),dummy_atendida_sintetica_1881,0.8866024635064463,0.3048126302337683,2.9086802040535167,0.003629579284467166,0.3214950041998189,1164,***,+0.8866***
1881,densidade,log(pib_2010),densidade_sintetica_1881,0.013540892768179746,0.0020333824600977856,6.659294566516799,2.751443517468033e-11,0.3125257552098707,1164,***,+0.0135***
1882,dummy,log(pib_2010),dummy_atendida_sintetica_1882,0.3571292714270272,0.1959273061499099,1.8227641590385406,0.0683391182527262,0.31485463577676653,1164,*,+0.3571*
1882,densidade,log(pib_2010),densidade_sintetica_1882,0.008122922092822548,0.00885622028658327,0.9171996438625591,0.35903803341225093,0.3131169934269946,1164,,+0.0081
1883,dummy,log(pib_2010),dummy_atendida_sintetica_1883,0.2523785389611694,0.1377158525342987,1.8326033954465302,0.06686157284818406,0.31483929014841205,1164,*,+0.2524*
1883,densidade,log(pib_2010),densidade_sintetica_1883,0.005465997252212005,0.004178275062931389,1.3081946903651618,0.19080728255033375,0.31400614852286435,1164,,+0.0055
1884,dummy,log(pib_2010),dummy_atendida_sintetica_1884,0.235672980996787,0.1241393697042766,1.8984547896304331,0.05763619798901787,0.3148355039361206,1164,*,+0.2357*
1884,densidade,log(pib_2010),densidade_sintetica_1884,0.0036719730864052786,0.003191295599686312,1.1506214237146237,0.2498880153615779,0.31313337554684983,1164,,+0.0037
1885,dummy,log(pib_2010),dummy_atendida_sintetica_1885,0.235672980996787,0.1241393697042766,1.8984547896304331,0.05763619798901787,0.3148355039361206,1164,*,+0.2357*
1885,densidade,log(pib_2010),densidade_sintetica_1885,0.0036719730864052786,0.003191295599686312,1.1506214237146237,0.2498880153615779,0.31313337554684983,1164,,+0.0037
1886,dummy,log(pib_2010),dummy_atendida_sintetica_1886,0.235672980996787,0.1241393697042766,1.8984547896304331,0.05763619798901787,0.3148355039361206,1164,*,+0.2357*
1886,densidade,log(pib_2010),densidade_sintetica_1886,0.0036719730864052786,0.003191295599686312,1.1506214237146237,0.2498880153615779,0.31313337554684983,1164,,+0.0037
1887,dummy,log(pib_2010),dummy_atendida_sintetica_1887,0.10031431240451666,0.10026036287815031,1.0005380942659454,0.31705017180564954,0.3125152251756729,1164,,+0.1003
1887,densidade,log(pib_2010),densidade_sintetica_1887,0.0033628669835902483,0.002229226283188911,1.5085354990430413,0.13141752824433395,0.31355555619283293,1164,,+0.0034
1888,dummy,log(pib_2010),dummy_atendida_sintetica_1888,0.09523481328283445,0.09953991148495538,0.9567500298332935,0.3386934395324108,0.31245098334042765,1164,,+0.0952
1888,densidade,log(pib_2010),densidade_sintetica_1888,0.0034743970787399978,0.002044414289484658,1.699458420247982,0.08923284257369435,0.31388109912926343,1164,*,+0.0035*
1894,dummy,log(pib_2010),dummy_atendida_sintetica_1894,0.0349838563293001,0.09633545077047977,0.36314623588204836,0.7164956474687694,0.31190351676313843,1164,,+0.0350
1894,densidade,log(pib_2010),densidade_sintetica_1894,0.0031894318110478985,0.0019303760038960427,1.6522334532809808,0.09848696926412037,0.31404701173325433,1164,*,+0.0032*
1896,dummy,log(pib_2010),dummy_atendida_sintetica_1896,0.07141445953240573,0.09807229693254989,0.72818177779115,0.466502318984265,0.31219468456373733,1164,,+0.0714
1896,densidade,log(pib_2010),densidade_sintetica_1896,0.0022413226037305443,0.0016418565742074955,1.3651147359277735,0.17221699121546097,0.3133019056570747,1164,,+0.0022
1901,dummy,log(pib_2010),dummy_atendida_sintetica_1901,0.14940453031595638,0.09305343090006311,1.605577880050579,0.10836668884398692,0.31360454449400255,1164,,+0.1494
1901,densidade,log(pib_2010),densidade_sintetica_1901,0.0029085280727649764,0.001365505490048731,2.130001009853999,0.033171529994701965,0.31517166268760755,1164,**,+0.0029**
1902,dummy,log(pib_2010),dummy_atendida_sintetica_1902,0.14388786097547396,0.09298393821075654,1.5474485566457623,0.12175512019551671,0.3134814533175214,1164,,+0.1439
1902,densidade,log(pib_2010),densidade_sintetica_1902,0.0029085280727649764,0.001365505490048731,2.130001009853999,0.033171529994701965,0.31517166268760755,1164,**,+0.0029**
1904,dummy,log(pib_2010),dummy_atendida_sintetica_1904,0.12934064109116208,0.09339657550176725,1.3848542132973034,0.16609704987877016,0.313148328254673,1164,,+0.1293
1904,densidade,log(pib_2010),densidade_sintetica_1904,0.002767645831861629,0.0012885367407863171,2.147898266503988,0.031721838133200286,0.3150932806750909,1164,**,+0.0028**
1905,dummy,log(pib_2010),dummy_atendida_sintetica_1905,0.11150734047051927,0.0933329650952433,1.1947262187237875,0.23219401518143057,0.3128098197283363,1164,,+0.1115
1905,densidade,log(pib_2010),densidade_sintetica_1905,0.002994639091981041,0.0012964572854988767,2.3098632908902235,0.020895723963890056,0.3156995951156404,1164,**,+0.0030**
1906,dummy,log(pib_2010),dummy_atendida_sintetica_1906,0.11150734047051927,0.0933329650952433,1.1947262187237875,0.23219401518143057,0.3128098197283363,1164,,+0.1115
1906,densidade,log(pib_2010),densidade_sintetica_1906,0.003105145912012689,0.0012644713748252345,2.455686996031728,0.014061557354319465,0.3161927845602259,1164,**,+0.0031**
1907,dummy,log(pib_2010),dummy_atendida_sintetica_1907,0.1373747805383153,0.09209411673607223,1.491678137616658,0.13578354309459173,0.31334531866096105,1164,,+0.1374
1907,densidade,log(pib_2010),densidade_sintetica_1907,0.003000116857624727,0.0012630385031673708,2.3753170232746013,0.017533883372883752,0.3164925674358626,1164,**,+0.0030**
1910,dummy,log(pib_2010),dummy_atendida_sintetica_1910,0.1373747805383153,0.09209411673607223,1.491678137616658,0.13578354309459173,0.31334531866096105,1164,,+0.1374
1910,densidade,log(pib_2010),densidade_sintetica_1910,0.003000116857624727,0.0012630385031673708,2.3753170232746013,0.017533883372883752,0.3164925674358626,1164,**,+0.0030**
1912,dummy,log(pib_2010),dummy_atendida_sintetica_1912,0.13582327689694138,0.08920128037553303,1.522660620174195,0.12784363501024543,0.31338513012586156,1164,,+0.1358
1912,densidade,log(pib_2010),densidade_sintetica_1912,0.0027181439267291462,0.0010849761343939288,2.505256881293071,0.012236248792242943,0.3168854974226828,1164,**,+0.0027**
1913,dummy,log(pib_2010),dummy_atendida_sintetica_1913,0.19731015000263552,0.08409097486227707,2.3463891377854416,0.018956304584336614,0.31551660314297203,1164,**,+0.1973**
1913,densidade,log(pib_2010),densidade_sintetica_1913,0.0024394306047908617,8.611065997104402e-4,2.832901995654378,0.00461275258812055,0.31774032340003167,1164,***,+0.0024***
1915,dummy,log(pib_2010),dummy_atendida_sintetica_1915,0.2465383970019193,0.08380797003126174,2.9417058653246992,0.0032640980146689813,0.3176020787227264,1164,***,+0.2465***
1915,densidade,log(pib_2010),densidade_sintetica_1915,0.0025762898163868794,8.622298981348791e-4,2.9879383931823122,0.002808661635961718,0.3184222372239892,1164,***,+0.0026***
1916,dummy,log(pib_2010),dummy_atendida_sintetica_1916,0.2004871335380333,0.08242040027882232,2.4324940531688717,0.014995237751711743,0.315666599303816,1164,**,+0.2005**
1916,densidade,log(pib_2010),densidade_sintetica_1916,0.0019918483203023914,7.15201379750934e-4,2.785017446409352,0.005352484306385463,0.31767612240571363,1164,***,+0.0020***
1917,dummy,log(pib_2010),dummy_atendida_sintetica_1917,0.2004871335380333,0.08242040027882232,2.4324940531688717,0.014995237751711743,0.315666599303816,1164,**,+0.2005**
1917,densidade,log(pib_2010),densidade_sintetica_1917,0.0015378412925661454,6.304761833410213e-4,2.439174283185151,0.014720866678401556,0.3162340086786932,1164,**,+0.0015**
1919,dummy,log(pib_2010),dummy_atendida_sintetica_1919,0.21075843634476302,0.08082715085762313,2.6075202961937087,0.00912006636278151,0.31637922140269903,1164,***,+0.2108***
1919,densidade,log(pib_2010),densidade_sintetica_1919,0.001528542089115358,6.274855245017066e-4,2.435979842450056,0.014851512118231103,0.31619211121018986,1164,**,+0.0015**
1920,dummy,log(pib_2010),dummy_atendida_sintetica_1920,0.21075843634476302,0.08082715085762313,2.6075202961937087,0.00912006636278151,0.31637922140269903,1164,***,+0.2108***
1920,densidade,log(pib_2010),densidade_sintetica_1920,0.0015798661560281861,6.156749212512539e-4,2.5660719667083054,0.010285748511612569,0.31668171810622725,1164,**,+0.0016**
1921,dummy,log(pib_2010),dummy_atendida_sintetica_1921,0.21075843634476302,0.08082715085762313,2.6075202961937087,0.00912006636278151,0.31637922140269903,1164,***,+0.2108***
1921,densidade,log(pib_2010),densidade_sintetica_1921,0.0015953243956104085,6.092871952407525e-4,2.618345515992725,0.008835728902770068,0.3168439023916184,1164,***,+0.0016***
1923,dummy,log(pib_2010),dummy_atendida_sintetica_1923,0.21075843634476302,0.08082715085762313,2.6075202961937087,0.00912006636278151,0.31637922140269903,1164,***,+0.2108***
1923,densidade,log(pib_2010),densidade_sintetica_1923,0.001563381765839761,5.738993990499903e-4,2.724139053687318,0.006446935650768815,0.3169356449697853,1164,***,+0.0016***
1925,dummy,log(pib_2010),dummy_atendida_sintetica_1925,0.3154179182459892,0.07800980903402469,4.043310990652686,5.270164315818171e-5,0.322937221666287,1164,***,+0.3154***
1925,densidade,log(pib_2010),densidade_sintetica_1925,0.001587372723483003,5.330882830003634e-4,2.9776920148175923,0.002904276617124779,0.3176959160700512,1164,***,+0.0016***
1926,dummy,log(pib_2010),dummy_atendida_sintetica_1926,0.273790065213823,0.07184132188471974,3.811038800944678,1.3838404199595367e-4,0.32110452423743907,1164,***,+0.2738***
1926,densidade,log(pib_2010),densidade_sintetica_1926,0.0016992582869716957,5.22519488501766e-4,3.252047673559553,0.0011457680233364353,0.31916459422863364,1164,***,+0.0017***
1927,dummy,log(pib_2010),dummy_atendida_sintetica_1927,0.24325538815583142,0.07108610560001347,3.421982201762159,6.216638288814025e-4,0.3192973334324496,1164,***,+0.2433***
1927,densidade,log(pib_2010),densidade_sintetica_1927,0.0016533448239376644,4.950136550540772e-4,3.339998416320549,8.377886764010523e-4,0.3191319733078596,1164,***,+0.0017***
1931,dummy,log(pib_2010),dummy_atendida_sintetica_1931,0.22821247437333886,0.07108181405637108,3.2105606392143575,0.0013247631430062246,0.31834052870980156,1164,***,+0.2282***
1931,densidade,log(pib_2010),densidade_sintetica_1931,0.0016478498899653552,4.948870828951108e-4,3.329749243656477,8.692422775840036e-4,0.3190778804782629,1164,***,+0.0016***
1933,dummy,log(pib_2010),dummy_atendida_sintetica_1933,0.2828568328602138,0.07174201222116347,3.942694442250014,8.057128030269922e-5,0.32196906067328923,1164,***,+0.2829***
1933,densidade,log(pib_2010),densidade_sintetica_1933,0.0018389984250679534,4.903048389857519e-4,3.7507246081277086,1.76324276671469e-4,0.3218370385618389,1164,***,+0.0018***
1934,dummy,log(pib_2010),dummy_atendida_sintetica_1934,0.2777497436476544,0.07201406224494804,3.8568820448278385,1.1484254529903204e-4,0.32153929937246095,1164,***,+0.2777***
1934,densidade,log(pib_2010),densidade_sintetica_1934,0.0018394362336639812,4.877311411475625e-4,3.7714143684490753,1.6232486316170025e-4,0.32198940925502717,1164,***,+0.0018***
1937,dummy,log(pib_2010),dummy_atendida_sintetica_1937,0.2777497436476544,0.07201406224494804,3.8568820448278385,1.1484254529903204e-4,0.32153929937246095,1164,***,+0.2777***
1937,densidade,log(pib_2010),densidade_sintetica_1937,0.0018394362336639812,4.877311411475625e-4,3.7714143684490753,1.6232486316170025e-4,0.32198940925502717,1164,***,+0.0018***
1941,dummy,log(pib_2010),dummy_atendida_sintetica_1941,0.2777497436476544,0.07201406224494804,3.8568820448278385,1.1484254529903204e-4,0.32153929937246095,1164,***,+0.2777***
1941,densidade,log(pib_2010),densidade_sintetica_1941,0.001839255221592603,4.8772679958010553e-4,3.771076806064496,1.625446301158906e-4,0.3219872244149874,1164,***,+0.0018***
1947,dummy,log(pib_2010),dummy_atendida_sintetica_1947,0.2721095856040025,0.07146968412516304,3.807342776658477,1.4046798569555818e-4,0.32123675309232724,1164,***,+0.2721***
1947,densidade,log(pib_2010),densidade_sintetica_1947,0.0018046452754480985,4.7168845860156726e-4,3.825926292108989,1.3028127019176772e-4,0.3219577914346401,1164,***,+0.0018***
1948,dummy,log(pib_2010),dummy_atendida_sintetica_1948,0.2666189970583783,0.0700591857802777,3.8056251166629176,1.414464885873823e-4,0.3211133247846414,1164,***,+0.2666***
1948,densidade,log(pib_2010),densidade_sintetica_1948,0.0018697527956576222,4.4862029014648393e-4,4.167784731820999,3.075741928038056e-5,0.32364371653701685,1164,***,+0.0019***
1949,dummy,log(pib_2010),dummy_atendida_sintetica_1949,0.2754487784873453,0.0667248705889512,4.128127579058297,3.6572919119626235e-5,0.3223343519165366,1164,***,+0.2754***
1949,densidade,log(pib_2010),densidade_sintetica_1949,0.0019481239846709877,4.440966705845539e-4,4.386711528610918,1.150772483460294e-5,0.32706274919424927,1164,***,+0.0019***
1950,dummy,log(pib_2010),dummy_atendida_sintetica_1950,0.2498705609264432,0.06586393368530682,3.7937388027916294,1.4839577635927803e-4,0.3203949047408079,1164,***,+0.2499***
1950,densidade,log(pib_2010),densidade_sintetica_1950,0.0019940336876002585,4.4123212398346554e-4,4.519239600231333,6.206212807002842e-6,0.3283002656924693,1164,***,+0.0020***
1951,dummy,log(pib_2010),dummy_atendida_sintetica_1951,0.25076779004257,0.06464857326601406,3.8789377301602315,1.049136042621246e-4,0.32056283598716007,1164,***,+0.2508***
1951,densidade,log(pib_2010),densidade_sintetica_1951,0.001836154109112148,4.3607267703420053e-4,4.210660758660972,2.5462485876648344e-5,0.3273591400948871,1164,***,+0.0018***
1956,dummy,log(pib_2010),dummy_atendida_sintetica_1956,0.25076779004257,0.06464857326601406,3.8789377301602315,1.049136042621246e-4,0.32056283598716007,1164,***,+0.2508***
1956,densidade,log(pib_2010),densidade_sintetica_1956,0.0019114840457687943,4.3901221647516024e-4,4.354056616274021,1.3364116787206726e-5,0.3300073794686126,1164,***,+0.0019***
1957,dummy,log(pib_2010),dummy_atendida_sintetica_1957,0.2511989372282144,0.06494360234588081,3.8679550895616006,1.0975187154627086e-4,0.32055447659130976,1164,***,+0.2512***
1957,densidade,log(pib_2010),densidade_sintetica_1957,0.001884833155407857,4.1844626329992044e-4,4.504361302079324,6.657286049094324e-6,0.33057643829866223,1164,***,+0.0019***
1958,dummy,log(pib_2010),dummy_atendida_sintetica_1958,0.2511989372282144,0.06494360234588081,3.8679550895616006,1.0975187154627086e-4,0.32055447659130976,1164,***,+0.2512***
1958,densidade,log(pib_2010),densidade_sintetica_1958,0.0018897370182252699,4.011773709114619e-4,4.710477597307767,2.471369658030298e-6,0.3324178975373796,1164,***,+0.0019***
1962,dummy,log(pib_2010),dummy_atendida_sintetica_1962,0.2477932710392254,0.06512715265979505,3.804761315662364,1.4194099447562003e-4,0.32024146987387825,1164,***,+0.2478***
1962,densidade,log(pib_2010),densidade_sintetica_1962,0.0017957114606815534,3.6208898322903865e-4,4.9593098488326,7.074405512508264e-7,0.3335103981801699,1164,***,+0.0018***
1966,dummy,log(pib_2010),dummy_atendida_sintetica_1966,0.2593596596100235,0.06449321605248132,4.021502965505236,5.78279798673087e-5,0.3210555839489765,1164,***,+0.2594***
1966,densidade,log(pib_2010),densidade_sintetica_1966,0.0018135654491031764,3.6177181144847096e-4,5.013009282956508,5.358531063315297e-7,0.3339311368076223,1164,***,+0.0018***
1969,dummy,log(pib_2010),dummy_atendida_sintetica_1969,0.2706767218254681,0.06496216427570185,4.166682635090573,3.0906429699717464e-5,0.3217613996510936,1164,***,+0.2707***
1969,densidade,log(pib_2010),densidade_sintetica_1969,0.0018206009432851198,3.619501580031437e-4,5.029976926462088,4.905388641951447e-7,0.3340854119718287,1164,***,+0.0018***
1972,dummy,log(pib_2010),dummy_atendida_sintetica_1972,0.27127187527726293,0.06481134527274285,4.185561557713097,2.844619619546407e-5,0.3218214471072921,1164,***,+0.2713***
1972,densidade,log(pib_2010),densidade_sintetica_1972,0.001821020799554585,3.619697289424451e-4,5.030864887168883,4.882721644783317e-7,0.33409495033381587,1164,***,+0.0018***
1985,dummy,log(pib_2010),dummy_atendida_sintetica_1985,0.2815054201484484,0.06466719743633981,4.353140870617908,1.34200854646771e-5,0.32261001711730997,1164,***,+0.2815***
1985,densidade,log(pib_2010),densidade_sintetica_1985,0.0018133353673858038,3.6163220328258247e-4,5.014308324662249,5.322458029866084e-7,0.333919954335546,1164,***,+0.0018***
1996,dummy,log(pib_2010),dummy_atendida_sintetica_1996,0.28327335907376927,0.06447082075355345,4.393822752103804,1.1137463436172723e-5,0.3227805205273937,1164,***,+0.2833***
1996,densidade,log(pib_2010),densidade_sintetica_1996,0.0018037676123865958,3.606681016640713e-4,5.001184202496058,5.697923946001993e-7,0.3337646705073589,1164,***,+0.0018***
2003,dummy,log(pib_2010),dummy_atendida_sintetica_2003,0.28327335907376927,0.06447082075355345,4.393822752103804,1.1137463436172723e-5,0.3227805205273937,1164,***,+0.2833***
2003,densidade,log(pib_2010),densidade_sintetica_2003,0.0017898211876848401,3.59083240567111e-4,4.984418612403412,6.214839824991714e-7,0.3335715509840561,1164,***,+0.0018***
