code_muni,municipio,estado,sabem(7a14),nsabem(7a14),sabem(15a),nsabem(15a),chave_join,numeroestabelecimento,commaquinas,cominstruagra,fabeofi,casaneg,popu
2700102,Agua Branca,AL,87,913,212,788,agua branca_AL,688,116,0,9,68,20361
2704708,Alagôas,AL,169,831,239,761,alagoas_AL,153,4,0,0,9,18816
2700201,Anadia,AL,56,944,113,887,anadia_AL,546,28,0,0,23,51150
2700409,Atalaia,AL,59,941,123,877,atalaia_AL,182,152,8,0,58,64035
2799903,Bello Monte,AL,98,902,255,745,bello monte_AL,74,0,0,1,4,8117
2702306,Coruripe,AL,106,894,183,817,coruripe_AL,403,27,0,1,81,15625
2799902,Junqueiro.,AL,74,926,152,848,junqueiro_AL,0,0,0,3,20,15185
2702108,Leopoldina,AL,56,944,105,895,leopoldina_AL,52,41,8,3,20,24945
2704203,Limoeiro.,AL,58,942,130,870,limoeiro_AL,0,0,0,31,27,28555
2704302,Maceió,AL,465,535,544,456,maceio_AL,0,0,0,38,492,74166
2704500,Maragogy,AL,84,916,137,863,maragogy_AL,163,22,15,0,12,16593
2705507,Muricy,AL,71,929,134,866,muricy_AL,157,60,0,0,70,38458
2706307,Palmeira dos Indios ..,AL,94,906,181,819,palmeira dos indios_AL,0,0,0,12,48,39271
2706406,Pão de Assucar.,AL,94,906,213,787,pao de assucar_AL,0,0,0,7,54,21812
2701704,Parahyba.,AL,93,907,150,850,parahyba_AL,0,0,0,12,14,28758
2706505,"Passo de Camaragibe,",AL,76,924,121,879,passo de camaragibe_AL,0,0,0,28,40,24757
2705002,Paulo Affonso.,AL,69,931,165,835,paulo affonso_AL,0,0,0,0,21,21516
2706703,Penedo.,AL,254,746,313,687,penedo_AL,0,0,0,20,52,25060
2706802,Piassabussú,AL,152,848,226,774,piassabussu_AL,165,5,0,6,31,7315
2706901,Pilar,AL,199,801,340,660,pilar_AL,37,35,0,17,62,16763
2707107,Piranhas,AL,126,874,356,644,piranhas_AL,59,0,0,1,25,3476
2707305,Porto Calvo,AL,120,880,188,812,porto calvo_AL,82,61,21,139,56,23220
2707404,Porto de Pedras.,AL,128,872,211,789,porto de pedras_AL,0,0,0,0,12,18802
2707503,Porto Real do Collegio.,AL,105,895,167,833,porto real do collegio_AL,0,0,0,131,13,12762
2707701,Santa Luzia do Norte ..,AL,183,817,257,743,santa luzia do norte_AL,0,0,0,1,92,23413
2799904,São Braz.,AL,124,876,263,737,sao braz_AL,0,0,0,121,16,13922
2708303,São José da Lage,AL,120,880,207,793,sao jose da lage_AL,360,10,3,85,26,47729
2708501,São Luiz do Quitunde ..,AL,72,928,181,819,sao luiz do quitunde_AL,0,0,0,72,52,25069
2709202,Traipú,AL,73,927,209,791,traipu_AL,139,0,0,1,40,20355
2703205,Triumpho.,AL,40,960,100,900,triumpho_AL,99,5,0,78,21,16958
2709301,União,AL,64,936,151,849,uniao_AL,250,32,1,1,3,56394
2709400,Viçosa,AL,82,918,136,864,vicosa_AL,788,93,0,129,112,55790
2707602,Victoria .......,AL,89,911,163,837,victoria_AL,0,0,0,16,99,34317
2905701,Abrantes,BA,99,901,189,811,abrantes_BA,155,2,3,6,8,16995
2908309,Affonso Penna.,BA,68,932,147,853,affonso penna_BA,0,0,0,7,51,37924
2900702,Alagoinhas.,BA,190,810,285,715,alagoinhas_BA,0,0,0,17,115,36621
2901007,Amargosa,BA,106,894,208,792,amargosa_BA,754,191,1,0,8,42275
2907905,Amparo.,BA,51,949,187,813,amparo_BA,0,0,0,0,23,8473
2901304,Andarahy,BA,307,693,352,648,andarahy_BA,43,3,0,0,22,9285
2999916,Aracy,BA,51,949,196,804,aracy_BA,388,1,0,0,17,6588
2902302,Aratuhype.,BA,169,831,206,794,aratuhype_BA,0,0,0,4,35,7100
2932101,Areia,BA,93,907,178,822,areia_BA,1877,127,0,10,154,70598
2999917,Baixa Grande,BA,68,932,168,832,baixa grande_BA,252,3,1,0,30,12008
2914901,Barra do Rio de Contas.,BA,159,841,312,688,barra do rio de contas_BA,0,0,0,0,101,24350
2902708,Barra do Rio Grande,BA,126,874,243,757,barra do rio grande_BA,246,67,1,70,82,26128
2903201,Barreiras,BA,89,911,200,800,barreiras_BA,294,81,1,4,54,31108
2903904,Bom Jesus da Lapa.,BA,92,908,220,780,bom jesus da lapa_BA,0,0,0,0,7,14098
2904605,Bom Jesus dos Meiras ...,BA,53,947,175,825,bom jesus dos meiras_BA,0,0,0,0,29,24544
2930105,Bomfim,BA,144,856,288,712,bomfim_BA,284,6,0,15,139,37517
2904506,Brotas de Macahubas.,BA,108,892,280,720,brotas de macahubas_BA,0,0,0,0,0,34522
2904902,Cachoeira,BA,145,855,263,737,cachoeira_BA,394,7,11,29,202,61980
2905008,Caculé,BA,61,939,212,788,cacule_BA,204,121,0,6,59,18776
2905206,Caetité,BA,80,920,190,810,caetite_BA,551,391,3,0,24,36177
2905800,Camamú.,BA,72,928,171,829,camamu_BA,0,0,0,9,98,26080
2914000,Camisão.,BA,54,946,146,854,camisao_BA,0,0,0,4,34,28850
2906006,Campo Formoso.,BA,54,946,177,823,campo formoso_BA,0,0,0,0,33,37425
2999922,Campo Largo.,BA,55,45,118,882,campo largo_BA,0,0,0,1,10,12010
2919603,Capivary,BA,75,925,206,794,capivary_BA,250,0,0,10,33,8604
2906907,Caravellas,BA,174,826,367,633,caravellas_BA,168,19,0,4,61,9966
2907301,Castro Alves.,BA,149,851,301,699,castro alves_BA,0,0,0,12,143,23346
2905404,Cayrú.,BA,293,707,434,566,cayru_BA,0,0,0,0,7,6462
2999919,Chorrocho,BA,45,955,149,851,chorrocho_BA,0,0,0,0,10,6498
2999920,Cicero Dantas,BA,60,940,176,824,cicero dantas_BA,479,0,0,1,50,19719
2999921,Conceição do Coite ..,BA,76,924,185,815,conceicao do coite_BA,0,0,0,0,52,17447
2999937,Conde,BA,103,897,159,841,conde_BA,158,33,0,4,49,26918
2908705,Condeúba.,BA,44,956,154,846,condeuba_BA,0,0,0,1,69,60297
2933307,Conquista.,BA,54,946,182,818,conquista_BA,0,0,0,2,26,84038
2908903,Coração de Maria,BA,44,956,145,855,coracao de maria_BA,329,0,0,1,24,18491
2909307,Correntina.,BA,43,957,143,857,correntina_BA,0,0,0,0,2,15338
2909802,Cruz das Almas,BA,115,885,207,793,cruz das almas_BA,197,33,0,4,61,20210
2999923,Cumbe.,BA,86,914,221,779,cumbe_BA,0,0,0,0,28,12890
2909901,Curaçá,BA,91,909,259,741,curaca_BA,669,0,0,1,53,16500
2910503,Entre Rios,BA,111,889,170,830,entre rios_BA,121,17,1,10,33,22910
2918100,Geremoabo.,BA,51,949,149,851,geremoabo_BA,0,0,0,1,15,16318
2911709,Guanamby,BA,60,940,164,836,guanamby_BA,187,27,3,1,44,8304
2999918,Guarany.,BA,81,919,251,749,guarany_BA,0,0,0,0,6,9609
2999926,Igrapiúna,BA,304,696,317,683,igrapiuna_BA,87,54,0,0,10,4399
2913606,Ilhéos.,BA,246,754,360,640,ilheos_BA,0,0,0,15,173,63012
2913705,Inhambupe.,BA,75,925,151,849,inhambupe_BA,0,0,0,5,68,33036
2914505,Irará,BA,82,918,183,817,irara_BA,1073,1,1,17,2,37546
2914703,Itaberaba,BA,61,939,175,825,itaberaba_BA,410,5,0,18,11,22861
2914802,Itabuna,BA,190,810,325,675,itabuna_BA,2049,2,1,17,243,41980
2916104,Itaparica.,BA,395,605,444,556,itaparica_BA,0,0,0,0,90,20005
2999927,Itapicurú,BA,66,934,173,827,itapicuru_BA,182,14,2,0,0,14342
2917201,Ituassú,BA,84,916,188,812,ituassu_BA,291,89,1,1,48,20282
2917409,Jacaracy.,BA,40,960,132,868,jacaracy_BA,0,0,0,1,10,21894
2917508,Jacobina.,BA,80,920,190,810,jacobina_BA,0,0,0,2,62,48804
2917805,Jaguaripe.,BA,143,857,231,769,jaguaripe_BA,0,0,0,0,48,11598
2918209,Jequiriçá,BA,64,936,122,878,jequirica_BA,289,175,0,0,13,24397
2918407,Joazeiro.,BA,188,812,345,655,joazeiro_BA,0,0,0,3,66,12783
2902807,Jussiape.,BA,67,933,179,821,jussiape_BA,0,0,0,1,36,17769
2918803,Lage.,BA,65,935,124,876,lage_BA,0,0,0,0,0,14710
2919306,Lençóes,BA,241,759,356,644,lencoes_BA,74,4,0,1,23,7789
2919801,Macahubas.,BA,33,967,169,831,macahubas_BA,0,0,0,0,15,38339
2920502,Maracás,BA,83,917,200,800,maracas_BA,594,68,0,2,88,33663
2920700,Marahú.,BA,102,898,244,756,marahu_BA,0,0,0,12,34,18616
2921005,Matta de São João.,BA,135,865,206,794,matta de sao joao_BA,0,0,0,1,5,17870
2926707,Minas do Rio de Contas.,BA,72,928,197,803,minas do rio de contas_BA,0,0,0,16,89,42328
2920106,Monte Alegre.,BA,108,892,263,737,monte alegre_BA,0,0,0,0,48,21226
2999930,Monte Alto.,BA,76,924,213,787,monte alto_BA,0,0,0,0,12,13811
2928505,Monte Cruzeiro,BA,65,935,174,826,monte cruzeiro_BA,344,51,0,0,47,30962
2921500,Monte Santo.,BA,77,923,308,692,monte santo_BA,0,0,0,9,92,28565
2921708,Morro do Chapéo.,BA,110,890,268,732,morro do chapeo_BA,0,0,0,5,76,39663
2922102,Mundo Novo,BA,102,898,260,740,mundo novo_BA,684,10,1,0,2,30516
2922300,Muritiba,BA,116,884,213,787,muritiba_BA,424,0,0,11,87,21350
2922508,Nazareth.,BA,208,792,325,675,nazareth_BA,0,0,0,9,132,24159
2922607,Nova Boipeba.,BA,69,931,103,897,nova boipeba_BA,0,0,0,9,18,13226
2999929,Oliveira do Brejinho.,BA,87,913,207,793,oliveira do brejinho_BA,0,0,0,0,23,12057
2927200,Orobó.,BA,85,915,202,798,orobo_BA,0,0,0,5,38,24323
2923605,Paramirim,BA,44,956,149,851,paramirim_BA,834,553,0,0,38,26667
2923803,Patrocinio do Coité,BA,66,934,192,808,patrocinio do coite_BA,295,1,0,0,2,16028
2924405,Pilão Arcado.,BA,158,842,368,632,pilao arcado_BA,0,0,0,2,16,18542
2925105,"Poções,",BA,68,932,202,798,pocoes_BA,0,0,0,0,38,26818
2925204,Pojuca,BA,182,818,259,741,pojuca_BA,99,4,1,6,35,9058
2999931,Pombal,BA,62,938,184,816,pombal_BA,501,5,0,1,25,11252
2925303,Porto Seguro,BA,293,707,499,501,porto seguro_BA,162,2,0,5,25,4041
2925501,Prado.,BA,103,897,280,720,prado_BA,0,0,0,0,12,11445
2925808,Queimadas.,BA,87,913,258,742,queimadas_BA,0,0,0,1,110,24913
2926004,Remanso.,BA,101,899,258,742,remanso_BA,0,0,0,0,7,22514
2999925,Remedios.,BA,62,938,211,789,remedios_BA,0,0,0,1,48,24440
2926301,Riachão do Jacuhype ..,BA,59,941,197,803,riachao do jacuhype_BA,0,0,0,0,6,19337
2923704,Rio Branco.,BA,109,891,215,785,rio branco_BA,0,0,0,0,55,18818
2999932,Santa Cruz.,BA,111,889,324,676,santa cruz_BA,0,0,0,54,7,3234
2928109,Santa Maria da Victoria ...,BA,114,886,260,740,santa maria da victoria_BA,0,0,0,0,0,14065
2928406,Santa Rita do Rio Preto,BA,66,934,184,816,santa rita do rio preto_BA,175,36,1,0,75,17413
2917300,Santarém.,BA,120,880,196,804,santarem_BA,0,0,0,0,11,12560
2928604,Santo Amaro ..,BA,160,840,254,746,santo amaro_BA,0,0,0,39,275,84930
2911402,Santo Antonio da Gloria ...,BA,49,951,186,814,santo antonio da gloria_BA,0,0,0,0,18,14084
2928703,Santo Antonio de Jesus.,BA,176,824,302,698,santo antonio de jesus_BA,0,0,0,11,94,24644
2929107,São Felippe,BA,41,959,124,876,sao felippe_BA,752,167,4,7,26,25151
2929008,São Felix do Paraguassú.,BA,175,825,286,714,sao felix do paraguassu_BA,0,0,0,35,94,12723
2929305,São Gonçalo dos Campos ..,BA,115,885,188,812,sao goncalo dos campos_BA,0,0,0,4,62,27026
2907202,São José da Casa Nova,BA,87,913,256,744,sao jose da casa nova_BA,185,1,0,1,31,21154
2929404,São Miguel,BA,71,929,178,822,sao miguel_BA,185,97,0,2,20,11607
2927408,São Salvador.,BA,553,447,670,330,sao salvador_BA,0,0,0,159,1983,283422
2999933,Saúde,BA,88,912,194,806,saude_BA,127,4,0,0,24,15282
2930204,Sento Se.,BA,58,942,212,788,sento se_BA,0,0,0,0,0,21244
2930501,Serrinha,BA,79,921,207,793,serrinha_BA,792,2,4,0,10,29005
2999907,Soure.,BA,117,883,206,794,soure_BA,0,0,0,1,2,7554
2931202,Taperoá,BA,107,893,188,812,taperoa_BA,200,79,0,0,1,9934
2999913,Trancoso,BA,138,862,197,803,trancoso_BA,169,1,0,0,10,2298
2999934,Tucano.,BA,65,935,238,762,tucano_BA,0,0,0,1,32,18595
2932507,Una.,BA,136,864,255,745,una_BA,0,0,0,0,12,5459
2932606,Urandy,BA,54,946,170,830,urandy_BA,495,122,0,20,29,27227
2932903,Valença.,BA,191,809,316,684,valenca_BA,0,0,0,10,109,21658
2999928,Viçosa.,BA,57,943,172,828,vicosa_BA,0,0,0,0,21,8330
2923506,Villa Bella das Palmeiras ..,BA,175,825,371,629,villa bella das palmeiras_BA,0,0,0,0,62,8978
2999915,Villa Rica.,BA,39,961,126,874,villa rica_BA,0,0,0,0,0,14665
2999935,Wagner.,BA,134,860,315,685,wagner_BA,0,0,0,0,8,3345
2300200,Acarahú.,CE,112,888,262,738,acarahu_CE,0,0,0,0,36,23053
2399914,Aquiraz.,CE,145,855,178,822,aquiraz_CE,0,0,0,0,0,16507
2399915,Aracoyaba,CE,142,858,274,726,aracoyaba_CE,218,17,0,0,63,8137
2399916,Araripe.,CE,72,928,215,785,araripe_CE,0,0,0,0,1,9288
2399918,Arneiroz.,CE,63,937,255,745,arneiroz_CE,0,0,0,0,0,7952
2301604,Assaré.,CE,152,848,320,680,assare_CE,0,0,0,0,33,8372
2399919,Aurora.,CE,119,881,278,722,aurora_CE,0,0,0,2,59,12453
2301901,Barbalha.,CE,68,932,143,857,barbalha_CE,0,0,0,0,65,19900
2302107,Baturité.,CE,129,871,222,778,baturite_CE,0,0,0,5,102,30032
2399921,Beberibe,CE,124,876,182,818,beberibe_CE,65,65,0,0,0,10025
2399922,Bôa Viagem,CE,107,893,230,770,boa viagem_CE,158,35,0,0,4,11433
2302503,Brejo dos Santos,CE,87,913,187,813,brejo dos santos_CE,171,6,0,2,33,5617
2399943,Cachoeira.,CE,202,798,396,604,cachoeira_CE,0,0,0,0,5,8926
2302602,Camocim,CE,146,854,257,743,camocim_CE,101,2,0,6,96,17271
2305001,Campo Grande.,CE,72,928,226,774,campo grande_CE,0,0,0,0,52,17882
2399923,Campos Salles,CE,57,943,239,761,campos salles_CE,149,73,0,0,1,9142
2302800,Canindé.,CE,132,868,244,756,caninde_CE,0,0,0,0,9,14604
2399924,Caridade.,CE,206,794,257,743,caridade_CE,0,0,0,0,29,3439
2303501,Cascavel.,CE,108,892,236,764,cascavel_CE,0,0,0,12,100,26041
2399917,Coité,CE,98,902,190,810,coite_CE,242,179,0,0,11,6553
2304103,Cratheús,CE,115,885,250,750,cratheus_CE,0,0,0,13,3,18876
2304202,Crato.,CE,127,873,238,762,crato_CE,0,0,0,10,121,29774
2399909,Entre Rios,CE,89,911,417,583,entre rios_CE,173,0,0,0,3,5831
2304400,Fortaleza.,CE,460,540,562,438,fortaleza_CE,0,0,0,34,629,78536
2304707,Granja,CE,98,902,239,761,granja_CE,186,8,0,0,35,27962
2399936,Guarany,CE,74,926,185,815,guarany_CE,240,127,0,0,25,7988
2399928,Ibiapina,CE,115,885,251,749,ibiapina_CE,0,0,0,0,10,11426
2305407,Icó,CE,84,916,174,826,ico_CE,373,24,1,25,36,19209
2305506,Iguatú,CE,112,888,237,763,iguatu_CE,399,48,1,3,148,32406
2399929,Independencia,CE,80,920,221,779,independencia_CE,195,1,0,3,17,14118
2305803,Ipú,CE,104,896,258,742,ipu_CE,205,83,1,6,82,22834
2305902,Ipueiras.,CE,94,906,229,771,ipueiras_CE,0,0,0,1,56,22433
2399930,Iracema,CE,75,925,298,702,iracema_CE,146,18,0,1,1,4120
2306405,Itapipoca,CE,83,917,188,812,itapipoca_CE,0,0,0,0,30,27409
2307106,Jardim,CE,70,930,181,819,jardim_CE,271,70,0,0,8,12979
2307304,Joazeiro.,CE,147,853,361,639,joazeiro_CE,0,0,0,0,2,22067
2399920,Laranjeiras,CE,124,876,219,781,laranjeiras_CE,222,28,1,5,18,4412
2307502,Lavras.,CE,78,922,224,776,lavras_CE,0,0,0,2,16,17360
2307601,Limoeiro.,CE,121,879,370,630,limoeiro_CE,0,0,0,9,31,18512
2307700,Maranguape.,CE,182,818,284,716,maranguape_CE,0,0,0,6,11,25396
2399934,Maria Pereira,CE,121,879,304,696,maria pereira_CE,121,30,1,20,36,10263
2308005,Massapé.,CE,161,839,324,676,massape_CE,0,0,0,1,74,11457
2399910,Mecejana,CE,142,858,249,751,mecejana_CE,52,42,0,NA,NA,NA
2399933,Meruoca,CE,116,884,252,748,meruoca_CE,0,0,0,0,0,11961
2308302,Milagres.,CE,85,915,222,778,milagres_CE,0,0,0,0,53,23360
2308401,Missão Velha.,CE,87,913,187,813,missao velha_CE,0,0,0,1,35,16452
2308708,Morada Nova.,CE,120,880,305,695,morada nova_CE,0,0,0,3,7,12316
2399935,Mulungú.,CE,133,867,231,769,mulungu_CE,0,0,0,9,15,7269
2309706,Pacatuba,CE,149,851,242,758,pacatuba_CE,109,9,5,9,65,13374
2399937,Pacoty,CE,141,859,249,751,pacoty_CE,162,19,1,0,1,8145
2399926,Palma,CE,85,915,296,704,palma_CE,72,2,0,0,14,12471
2399912,Paracurú,CE,95,905,189,811,paracuru_CE,112,58,0,2,26,17969
2399938,Pedra Branca,CE,35,965,131,869,pedra branca_CE,127,39,0,0,0,11400
2399939,Pentecoste,CE,73,927,237,763,pentecoste_CE,187,101,0,0,14,7473
2310803,Pereiro.,CE,84,916,196,804,pereiro_CE,0,0,0,48,35,7569
2399911,Porangaba.,CE,219,781,305,695,porangaba_CE,0,0,0,0,51,11129
2399941,Porteiras,CE,61,939,156,844,porteiras_CE,114,5,0,0,0,6180
2311306,Quixadá,CE,143,857,267,733,quixada_CE,232,27,7,3,66,24065
2399927,Quixará.,CE,66,934,230,770,quixara_CE,0,0,0,1,18,5147
2311405,Quixeramobim.,CE,123,877,261,739,quixeramobim_CE,0,0,0,0,20,20801
2311603,Redempção.,CE,119,881,231,769,redempcao_CE,0,0,0,2,54,16955
2399932,Riacho do Sangue.,CE,130,870,287,713,riacho do sangue_CE,0,0,0,0,0,7312
2399942,Saboeiro.,CE,89,911,268,732,saboeiro_CE,0,0,0,0,2,4736
2312205,Santa Quiteria,CE,14,859,358,642,santa quiteria_CE,264,2,0,3,15,7655
2312304,Sao Benedicto,CE,94,906,250,750,sao benedicto_CE,0,0,0,0,68,24089
2311801,São Bernardo das Russas ..,CE,159,841,362,638,sao bernardo das russas_CE,0,0,0,3,69,16969
2399931,São Francisco.,CE,124,876,278,722,sao francisco_CE,0,0,0,0,40,14587
2313807,São João da Uruburetama.,CE,113,887,238,762,sao joao da uruburetama_CE,0,0,0,9,70,11246
2307403,São Matheus,CE,104,896,340,660,sao matheus_CE,362,48,0,0,11,16477
2399925,São Pedro do Cariry,CE,74,926,243,757,sao pedro do cariry_CE,96,7,1,0,2,9845
2312700,Senador Pompeu,CE,150,850,345,655,senador pompeu_CE,181,1,0,0,10,10195
2312908,Sobral.,CE,135,865,301,699,sobral_CE,0,0,0,3,57,39003
2303709,Soure,CE,118,882,221,779,soure_CE,207,68,0,10,51,19753
2399944,Tamboril.,CE,131,869,292,708,tamboril_CE,0,0,0,1,15,13825
2313302,Tauha.,CE,108,892,257,743,tauha_CE,0,0,0,0,7,13756
2399946,Trahiry,CE,106,894,188,812,trahiry_CE,92,63,0,0,7,7678
2399945,Tyanguá.,CE,62,938,150,850,tyangua_CE,0,0,0,0,5,14493
2313609,Ubajara.,CE,74,626,235,765,ubajara_CE,0,0,0,NA,NA,NA
2399948,Umary,CE,99,901,232,768,umary_CE,296,18,5,0,5,6593
2307007,Uniao.,CE,179,821,304,696,uniao_CE,0,0,0,0,66,15371
2399947,Varzea Alegre.,CE,133,867,303,697,varzea alegre_CE,0,0,0,0,1,13350
2314102,Viçosa.,CE,72,928,175,825,vicosa_CE,0,0,0,4,47,19315
2100204,Alcantara,MA,164,836,266,734,alcantara_MA,53,0,0,0,16,10885
2100709,Anajatuba,MA,58,942,215,785,anajatuba_MA,133,7,0,95,4,10262
2101004,Arary,MA,179,821,426,574,arary_MA,144,19,0,9,29,6187
2100907,Arayoses,MA,59,941,150,850,arayoses_MA,31,16,1,0,0,15265
2199903,Axixá,MA,161,839,265,735,axixa_MA,22,22,0,1,11,6037
2101202,Bacabal,MA,56,944,132,868,bacabal_MA,13,10,0,4,25,9484
2101509,Barão de Grajahú,MA,55,945,182,818,barao de grajahu_MA,93,18,0,1,16,7494
2101608,Barra do Corda,MA,80,920,187,813,barra do corda_MA,115,5,0,0,19,20633
2102101,Brejo,MA,71,929,155,845,brejo_MA,37,21,0,1,43,19401
2102200,Burity,MA,47,953,113,887,burity_MA,52,12,0,0,0,10634
2199905,Cajapió,MA,175,825,300,700,cajapio_MA,34,3,2,0,14,5584
2102804,Carolina,MA,129,871,254,746,carolina_MA,355,21,0,4,70,19908
2102903,Carutapéra,MA,99,901,236,764,carutapera_MA,30,1,0,0,9,7767
2103000,Caxias,MA,84,916,159,841,caxias_MA,198,17,3,15,77,50346
2103208,Chapadinha,MA,45,955,104,896,chapadinha_MA,16,5,0,5,10,10418
2103307,Codó,MA,75,925,142,858,codo_MA,139,39,1,3,69,24896
2103604,Coroatá,MA,74,926,134,866,coroata_MA,252,27,2,5,32,19720
2103406,Curralinho,MA,86,914,145,855,curralinho_MA,45,5,0,0,12,8580
2103703,Cururupú,MA,103,897,179,821,cururupu_MA,468,13,1,373,102,28190
2112209,Flores,MA,55,945,111,889,flores_MA,0,0,0,0,14,12877
2104800,Grajahú,MA,84,916,265,735,grajahu_MA,196,0,0,1,63,21382
2104909,Guimarães,MA,93,907,165,835,guimaraes_MA,123,68,1,0,42,23026
2105104,Icatú,MA,128,872,241,759,icatu_MA,85,68,0,122,22,8567
2105302,Imperatriz,MA,86,914,271,729,imperatriz_MA,230,10,0,0,14,9009
2106102,Lorêto,MA,69,931,362,638,loreto_MA,222,1,0,0,5,11079
2199908,Macapá,MA,163,837,261,739,macapa_MA,81,11,2,0,8,7449
2106706,Mirador,MA,63,937,202,798,mirador_MA,253,4,0,0,3,14223
2105005,Miritiba,MA,89,911,207,793,miritiba_MA,129,32,0,0,16,13532
2199913,Monção,MA,118,882,221,779,moncao_MA,20,4,0,0,40,11811
2112100,Monte Alegre,MA,62,938,149,851,monte alegre_MA,42,7,0,0,11,5904
2199906,Morros,MA,64,936,136,864,morros_MA,26,22,0,0,5,5588
2107308,Nova York,MA,87,913,226,774,nova york_MA,71,0,0,0,0,4519
2199902,Paço do Lumiar,MA,193,807,189,811,paco do lumiar_MA,14,0,0,0,0,7154
2199907,Passagem Franca,MA,38,962,159,841,passagem franca_MA,85,16,0,0,5,12422
2108009,Pastos Bons,MA,56,944,191,809,pastos bons_MA,115,39,0,0,17,10455
2108207,Pedreiras,MA,64,936,167,833,pedreiras_MA,96,17,0,32,80,19565
2108306,Penalva,MA,101,899,244,756,penalva_MA,10,9,0,0,23,10107
2103505,Picos,MA,111,889,274,720,picos_MA,28,0,0,0,30,17666
2108603,Pinheiro,MA,116,884,233,767,pinheiro_MA,67,15,0,1,25,19820
2109007,Porto Franco,MA,91,909,298,702,porto franco_MA,210,12,0,0,0,7589
2109502,Riachão,MA,154,846,322,678,riachao_MA,264,16,0,5,13,12561
2109601,Rosario,MA,117,883,210,790,rosario_MA,186,10,0,5,26,17153
2199909,Santa Helena,MA,94,906,248,752,santa helena_MA,31,0,0,0,5,4600
2199910,Santa Quiteria,MA,58,942,109,891,santa quiteria_MA,48,27,0,0,2,7077
2101400,Santo Antonio de Balsas,MA,90,910,210,790,santo antonio de balsas_MA,223,21,0,2,29,11253
2199904,Santo Antonio e Almas,MA,19,981,94,906,santo antonio e almas_MA,55,29,0,1,19,10364
2110500,São Bento dos Perizes,MA,99,901,273,727,sao bento dos perizes_MA,25,14,0,3,54,18422
2110609,São Bernardo,MA,69,931,149,851,sao bernardo_MA,0,0,0,0,10,10625
2110906,São Francisco,MA,43,957,171,829,sao francisco_MA,186,1,2,0,8,9108
2111102,São Joao dos Patos,MA,100,900,259,741,sao joao dos patos_MA,0,0,0,0,4,8428
2199911,São José de Ribamar,MA,219,781,363,637,sao jose de ribamar_MA,11,5,0,0,7,2352
2107803,São José dos Mattões,MA,49,951,163,837,sao jose dos mattoes_MA,146,3,1,0,43,20336
2111409,São Luiz Gonzaga,MA,54,946,115,885,sao luiz gonzaga_MA,23,12,0,0,20,11906
2111706,São Vicente Ferrer,MA,109,891,215,785,sao vicente ferrer_MA,29,5,2,2,71,12224
2112506,Tutoya,MA,47,953,130,870,tutoya_MA,2,1,1,0,9,9868
2112704,Vargem Grande,MA,21,979,60,940,vargem grande_MA,46,3,0,0,22,15765
2112803,Vianna,MA,174,826,309,691,vianna_MA,25,9,0,3,61,23931
2112902,Victoria do Baixo Mearim,MA,105,895,254,746,victoria do baixo mearim_MA,9,3,0,8,19,11780
2509701,Alagôa do Monteiro.,PB,109,891,256,744,alagoa do monteiro_PB,0,0,0,0,55,25142
2500304,Alagôa Grande,PB,87,913,156,844,alagoa grande_PB,247,78,3,131,83,26291
2500403,Alagôa Nova,PB,79,921,130,870,alagoa nova_PB,586,323,3,0,40,35239
2501005,Araruna,PB,50,950,107,893,araruna_PB,263,21,0,0,44,24116
2501104,Areia,PB,69,931,151,849,areia_PB,654,256,1,0,63,43451
2501500,Bananeiras,PB,47,953,115,885,bananeiras_PB,348,60,0,32,56,47589
2502805,Brejo do Cruz.,PB,79,921,298,702,brejo do cruz_PB,0,0,0,6,29,10382
2503100,Cabaceiras.,PB,110,890,257,743,cabaceiras_PB,0,0,0,3,19,18514
2599903,Cabedello,PB,361,639,359,641,cabedello_PB,25,0,0,1,31,5384
2503605,Caiçára,PB,54,946,92,908,caicara_PB,0,0,0,1,48,23394
2503704,Cajazeiras,PB,116,884,281,719,cajazeiras_PB,267,30,5,6,73,13759
2504009,Campina Grande,PB,87,913,190,810,campina grande_PB,1374,232,11,25,312,70806
2504306,Catolé do Rocha,PB,83,917,257,743,catole do rocha_PB,675,56,1,0,2,15754
2504405,Conceição,PB,62,938,197,803,conceicao_PB,215,121,0,0,30,9544
2599904,Espirito Santo.,PB,42,958,91,909,espirito santo_PB,0,0,0,0,13,37385
2506301,Guarabira,PB,72,928,138,862,guarabira_PB,793,296,1,5,157,59095
2506806,Ingá,PB,112,888,189,811,inga_PB,461,29,2,2,45,20481
2506905,Itabayanna,PB,105,895,205,795,itabayanna_PB,472,14,0,6,59,33278
2508901,Mamanguape,PB,81,919,212,798,mamanguape_PB,164,67,1,4,66,39534
2507002,Misericordia,PB,71,929,255,745,misericordia_PB,472,34,0,21,24,12218
2507507,Parahyba,PB,296,704,421,579,parahyba_PB,202,82,1,43,398,52990
2510808,Patos,PB,90,910,236,764,patos_PB,414,23,0,4,47,19901
2599906,Pedras de Fogo,PB,55,945,89,911,pedras de fogo_PB,65,6,10,0,4,12566
2511301,Piancó,PB,59,941,241,759,pianco_PB,1175,215,0,18,25,23530
2511400,Picuhy,PB,85,915,243,757,picuhy_PB,1157,34,0,6,19,23635
2511509,Pilar,PB,72,928,123,877,pilar_PB,289,45,4,1,37,26842
2512101,Pombal,PB,97,903,264,736,pombal_PB,351,21,0,0,5,19299
2512309,Princeza,PB,46,954,140,860,princeza_PB,644,132,0,0,46,18364
2513406,Santa Luzia do Sabugy.,PB,122,878,304,696,santa luzia do sabugy_PB,0,0,0,0,1,11076
2599901,Santa Rita,PB,126,874,174,826,santa rita_PB,56,21,14,14,81,25160
2514008,São João do Cariry,PB,108,892,284,716,sao joao do cariry_PB,988,37,0,2,31,25336
2500700,São Joao do Rio do Peixe.,PB,88,912,234,766,sao joao do rio do peixe_PB,0,0,0,0,6,14387
2514503,São José de Piranhas.,PB,82,918,214,786,sao jose de piranhas_PB,0,0,0,78,50,11357
2515906,Serraria,PB,51,949,115,885,serraria_PB,330,83,3,7,33,24027
2516102,Soledade,PB,92,908,229,771,soledade_PB,327,7,1,2,18,10065
2516508,Taperoá.,PB,116,884,281,719,taperoa_PB,0,0,0,0,0,9747
2516706,Teixeira,PB,69,931,174,826,teixeira_PB,445,20,0,85,48,14038
2517001,Umbuzeiro.,PB,62,938,116,884,umbuzeiro_PB,0,0,0,0,0,24789
2600401,Agua Preta,PE,96,904,146,854,agua preta_PE,177,108,95,0,4,33795
2600500,Aguas Bellas,PE,59,941,165,835,aguas bellas_PE,249,11,0,3,22,21828
2600807,Altinho,PE,53,947,159,841,altinho_PE,525,17,1,0,19,30537
2600906,Amaragy,PE,122,878,162,838,amaragy_PE,100,60,43,1,27,21182
2601409,Barreiras,PE,220,780,256,744,barreiras_PE,0,0,0,0,49,17363
2613503,Belmonte,PE,80,920,256,744,belmonte_PE,226,10,8,3,38,9500
2601904,Bezerros,PE,190,810,297,703,bezerros_PE,456,37,0,1,15,48190
2612604,Bôa Vista,PE,83,917,255,745,boa vista_PE,235,19,0,33,27,7067
2602100,Bom Conselho,PE,114,886,248,752,bom conselho_PE,391,21,0,0,28,48938
2602209,Bom Jardim,PE,39,961,96,904,bom jardim_PE,433,72,2,12,141,92515
2602308,Bonito,PE,102,898,164,836,bonito_PE,644,90,26,1,25,63577
2602605,Brejo da Madre de Deus,PE,61,939,181,819,brejo da madre de deus_PE,416,27,1,0,27,48784
2602803,Buique,PE,75,925,168,832,buique_PE,447,90,0,1,18,15438
2602902,Cabo,PE,168,832,220,780,cabo_PE,81,19,58,0,45,31911
2603009,Cabrobó,PE,80,920,183,817,cabrobo_PE,311,20,0,0,47,15227
2603702,Canhotinho,PE,59,941,156,844,canhotinho_PE,967,62,1,4,46,54251
2604700,Correntes,PE,57,943,144,856,correntes_PE,743,108,0,1,31,39298
2605202,Escada,PE,144,856,210,790,escada_PE,96,10,85,0,63,21135
2605608,Flôres,PE,66,934,170,830,flores_PE,1165,44,0,0,26,21345
2605707,Floresta,PE,112,888,270,730,floresta_PE,243,4,0,0,41,19780
2605905,Gamelleira,PE,197,803,231,769,gamelleira_PE,107,14,70,4,34,25690
2606002,Garanhuns,PE,75,925,188,812,garanhuns_PE,977,76,17,17,142,63723
2606101,Gloria do Goytá,PE,54,946,101,899,gloria do goyta_PE,0,0,0,1,28,33626
2606200,Goyanna,PE,153,847,213,787,goyanna_PE,184,77,48,42,183,53854
2699903,Granito,PE,74,926,208,792,granito_PE,121,20,0,4,45,10807
2606408,Gravatá,PE,80,920,172,828,gravata_PE,255,35,3,0,46,37705
2606804,Iguarassú,PE,120,880,185,815,iguarassu_PE,130,49,21,1,26,30918
2607208,Ipojuca,PE,91,909,131,869,ipojuca_PE,95,51,57,0,9,21331
2607653,Itambe,PE,89,911,143,857,itambe_PE,0,0,0,0,22,29914
2607901,Jaboatão,PE,191,809,266,734,jaboatao_PE,340,93,58,1,116,48087
2610400,Leopoldina,PE,53,947,153,847,leopoldina_PE,76,13,0,0,13,10007
2608909,Limoeiro,PE,101,899,185,815,limoeiro_PE,221,35,3,25,170,52573
2609501,Nazareth,PE,92,908,152,848,nazareth_PE,370,281,76,32,170,86940
2605301,Novo Exú,PE,71,929,157,843,novo exu_PE,0,0,0,0,22,21201
2609600,Olinda,PE,346,654,434,566,olinda_PE,122,2,2,5,249,52199
2609907,Ouricury,PE,38,962,155,845,ouricury_PE,227,64,1,0,31,34684
2610004,Palmares,PE,216,784,234,766,palmares_PE,240,36,75,1,71,38102
2610202,Panellas,PE,41,959,104,896,panellas_PE,994,564,1,5,31,45985
2610806,Pedra,PE,92,908,261,739,pedra_PE,229,6,0,1,28,9973
2610905,Pesqueira,PE,115,885,258,742,pesqueira_PE,0,0,0,22,187,45513
2611101,Petrolina,PE,103,897,265,735,petrolina_PE,252,11,42,0,12,16942
2611507,Quipapá,PE,100,900,183,817,quipapa_PE,671,136,4,45,35,39658
2611606,Recife,PE,509,491,623,377,recife_PE,21,3,4,137,1562,238843
2611903,Rio Formoso,PE,126,874,173,827,rio formoso_PE,109,33,44,1,2,16026
2612208,Salgueiro,PE,62,938,191,809,salgueiro_PE,417,145,0,0,46,15453
2613008,São Bento,PE,90,910,243,757,sao bento_PE,411,22,1,0,6,20700
2613602,São Jose do Egypto,PE,87,913,269,731,sao jose do egypto_PE,0,0,0,4,71,15666
2613701,São Lourenço da Matta,PE,165,835,193,807,sao lourenco da matta_PE,71,21,31,4,25,26993
2699905,Tacaratú,PE,95,905,223,777,tacaratu_PE,103,4,0,0,26,14144
2615003,Taquaretinga,PE,96,904,221,779,taquaretinga_PE,1359,85,2,34,63,37410
2615300,Timbaúba,PE,115,885,166,834,timbauba_PE,282,222,28,1,51,52526
2615706,Triumpho,PE,51,949,173,827,triumpho_PE,793,81,0,3,41,17369
2616407,Victoria,PE,100,900,200,800,victoria_PE,1005,552,38,7,51,59572
2613909,Villa Bella,PE,73,927,214,786,villa bella_PE,534,31,0,0,0,14456
2299916,Alto Longá,PI,45,955,152,848,alto longa_PI,162,24,0,1,5,10227
2200509,Amarante,PI,76,924,186,814,amarante_PI,248,38,3,3,52,15841
2299909,Amarração,PI,159,841,247,753,amarracao_PI,57,1,1,0,24,8098
2299905,Apparecida,PI,68,932,201,799,apparecida_PI,182,38,0,0,0,4868
2201200,Barras do Maratahoan,PI,56,944,134,866,barras do maratahoan_PI,117,2,0,0,0,29715
2299904,Batalha,PI,56,944,144,856,batalha_PI,168,31,0,3,12,9557
2299903,Burity dos Lopes,PI,52,948,145,855,burity dos lopes_PI,118,5,0,0,37,14498
2202208,Campo Maior,PI,75,925,181,819,campo maior_PI,257,5,0,0,48,17992
2299906,Canto do Burity,PI,57,943,229,771,canto do burity_PI,197,66,0,0,15,6962
2299907,Caracol,PI,38,962,195,805,caracol_PI,81,5,0,1,6,3433
2202604,Castello,PI,44,956,113,887,castello_PI,338,89,2,0,13,16218
2202901,Corrente,PI,117,883,230,770,corrente_PI,212,19,0,0,0,8006
2203909,Floriano,PI,104,896,229,771,floriano_PI,373,18,0,4,106,19678
2205201,Jaicós,PI,60,940,223,777,jaicos_PI,400,10,0,0,10,22579
2205300,Jeromenha,PI,55,945,153,847,jeromenha_PI,357,36,0,0,15,12162
2205508,Livramento,PI,60,940,142,858,livramento_PI,95,1,0,0,18,7414
2206209,Miguel Alves,PI,32,968,93,907,miguel alves_PI,178,0,1,0,15,14785
2207009,Oeiras,PI,64,936,163,837,oeiras_PI,497,117,6,0,51,24563
2299910,Parnaguá,PI,46,954,213,787,parnagua_PI,258,31,0,0,0,6544
2207702,Parnahyba,PI,216,784,337,663,parnahyba_PI,92,12,3,13,155,24152
2299912,Patrocinio,PI,61,939,274,726,patrocinio_PI,324,3,0,0,28,8558
2299911,Paulista,PI,100,900,341,659,paulista_PI,262,4,0,0,2,9878
2207900,Pedro II,PI,63,937,239,761,pedro ii_PI,0,0,0,2,20,20982
2208403,Peripery,PI,58,942,117,883,peripery_PI,119,2,0,0,23,12644
2208007,Picos,PI,46,954,217,783,picos_PI,855,420,1,3,35,27273
2208304,Piracuruca,PI,60,940,170,830,piracuruca_PI,185,2,0,0,18,10565
2205805,Porto Alegre,PI,44,956,107,893,porto alegre_PI,72,2,0,0,1,17926
2299913,Regeneração,PI,40,960,133,867,regeneracao_PI,232,40,1,0,11,15993
2209203,Santa Philomena,PI,48,952,176,824,santa philomena_PI,194,19,0,0,8,5093
2299908,Santo Antonio de Gilbués,PI,37,963,165,835,santo antonio de gilbues_PI,0,0,0,0,2,8529
2210003,São João do Piauhy,PI,45,955,196,804,sao joao do piauhy_PI,371,22,1,0,19,17079
2210607,São Raymundo Nonato,PI,61,939,215,785,sao raymundo nonato_PI,376,55,0,0,21,19851
2299915,Simplicio Mendes,PI,87,913,242,758,simplicio mendes_PI,168,3,0,0,28,9168
2211001,Therezina,PI,129,871,231,769,therezina_PI,236,6,0,36,150,57500
2211100,União,PI,63,937,145,855,uniao_PI,286,5,1,2,73,21440
2211308,Valença,PI,45,955,135,865,valenca_PI,540,176,1,0,25,34742
2400109,Acary,RN,122,878,361,639,acary_RN,251,31,2,0,38,12248
2400802,Angicos,RN,136,864,306,694,angicos_RN,359,8,2,2,39,12313
2401008,Apody,RN,113,887,271,729,apody_RN,94,15,0,1,15,12369
2401107,Areia Branca,RN,209,791,387,613,areia branca_RN,67,1,0,7,64,9158
2401206,Arez,RN,90,910,168,832,arez_RN,48,9,3,0,5,4821
2400208,Assú,RN,79,921,212,788,assu_RN,412,3,0,1,38,24779
2401305,Augusto Severo,RN,145,855,387,613,augusto severo_RN,329,25,3,1,22,10994
2402006,Caicó,RN,144,856,353,647,caico_RN,513,22,1,11,71,25366
2402204,Canguaretama,RN,185,815,202,798,canguaretama_RN,61,16,1,1,10,11451
2402303,Caraúbas,RN,134,866,345,655,caraubas_RN,146,12,0,0,18,7408
2403103,Curraes Novos,RN,98,902,270,730,curraes novos_RN,194,23,1,0,40,11998
2403806,Flôres,RN,105,895,287,713,flores_RN,109,8,0,0,32,8235
2405702,Jardim do Seridó,RN,117,883,313,687,jardim do serido_RN,701,72,1,1,57,21005
2406700,Lages,RN,127,873,303,697,lages_RN,33,5,0,0,64,10865
2407005,Luiz Gomes,RN,96,904,263,737,luiz gomes_RN,105,31,0,0,1,5661
2407104,Macahyba,RN,85,915,174,826,macahyba_RN,83,10,2,2,45,17775
2407203,Macau,RN,174,826,320,680,macau_RN,59,5,0,4,81,14670
2407401,Martins,RN,133,867,305,695,martins_RN,145,33,2,6,61,15118
2408003,Mossoró,RN,262,738,383,617,mossoro_RN,254,4,1,28,191,20300
2408102,Natal,RN,391,609,525,475,natal_RN,13,10,0,9,248,30696
2408300,Nova Cruz,RN,91,909,151,849,nova cruz_RN,46,0,0,9,84,20328
2408201,Papary,RN,93,907,218,782,papary_RN,27,17,0,0,4,6435
2409308,Patú,RN,106,894,306,694,patu_RN,204,20,0,0,5,7504
2409803,Pedro Velho,RN,79,921,143,857,pedro velho_RN,52,13,0,72,33,12023
2411205,Santa Cruz,RN,73,927,194,806,santa cruz_RN,107,19,1,0,29,25546
2411502,Santo Antonio,RN,36,964,110,890,santo antonio_RN,54,7,0,0,21,16976
2413409,Serra Negra,RN,88,912,238,762,serra negra_RN,144,9,0,1,17,6988
2499901,São Gonçalo,RN,68,932,136,864,sao goncalo_RN,98,0,0,18,13,17231
2412500,São Miguel,RN,90,910,254,746,sao miguel_RN,101,76,0,0,13,8455
2413904,Taipú,RN,83,917,168,832,taipu_RN,96,7,0,0,35,12651
2414407,Touros,RN,95,905,210,790,touros_RN,49,26,0,1,37,17019
2807105,Annapolis,SE,113,887,215,785,annapolis_SE,629,6,0,0,19,18505
2800209,Aquidaban,SE,118,882,219,781,aquidaban_SE,1096,11,2,0,40,18611
2800308,Aracajú,SE,429,571,544,456,aracaju_SE,64,4,1,5,192,37440
2800407,Arauá,SE,88,912,134,866,araua_SE,100,22,0,4,12,5763
2800670,Buquim,SE,120,880,187,813,buquim_SE,143,6,1,3,28,9050
2807402,Campos,SE,74,926,229,771,campos_SE,258,0,0,28,44,14055
2801306,Capella,SE,186,814,238,762,capella_SE,198,43,0,0,30,19563
2802007,Divina Pastora,SE,142,858,196,804,divina pastora_SE,53,16,18,0,14,7398
2802809,Espirito Santo,SE,89,911,156,844,espirito santo_SE,41,15,0,2,10,4573
2802106,Estancia,SE,254,746,269,731,estancia_SE,165,8,0,115,77,15868
2802403,Gararú,SE,91,909,187,813,gararu_SE,322,1,0,1,20,11917
2802908,Itabaiana,SE,79,921,154,846,itabaiana_SE,628,6,0,25,38,28665
2803005,Itabaianinha,SE,51,949,130,870,itabaianinha_SE,142,25,0,6,33,17863
2803203,Itaporanga,SE,74,926,128,872,itaporanga_SE,66,19,7,2,44,12484
2803302,Japaratuba,SE,112,888,219,781,japaratuba_SE,113,19,14,0,2,9558
2803500,Lagarto,SE,58,942,126,874,lagarto_SE,1188,3,0,0,41,26084
2803609,Laranjeiras,SE,251,749,275,725,laranjeiras_SE,88,22,16,0,4,12661
2804003,Maroim,SE,243,757,304,696,maroim_SE,38,7,10,7,40,7998
2804607,Nossa Senhora das Dôres,SE,111,889,126,874,nossa senhora das dores_SE,649,12,0,9,43,19419
2899902,Pacatuba,SE,107,893,166,834,pacatuba_SE,117,7,0,1,13,13023
2805604,Porto da Folha,SE,103,897,258,742,porto da folha_SE,201,1,1,0,9,9667
2805703,Propriá,SE,257,743,338,662,propria_SE,259,12,0,14,68,25636
2805901,Riachuelo,SE,264,736,250,750,riachuelo_SE,68,18,21,0,19,11177
2805802,Riachão,SE,62,938,141,859,riachao_SE,230,9,0,0,29,14329
2806107,Rosario,SE,159,841,260,740,rosario_SE,77,26,16,2,27,8716
2806305,Santa Luzia,SE,96,904,164,836,santa luzia_SE,33,15,2,0,16,7808
2806602,Santo Amaro,SE,86,914,159,841,santo amaro_SE,23,6,6,0,9,5207
2807204,Siriry,SE,132,868,191,809,siriry_SE,168,24,8,0,3,6600
2804805,Soccorro,SE,216,784,293,707,soccorro_SE,194,4,6,0,0,5327
2806701,São Christovão,SE,102,898,183,817,sao christovao_SE,80,5,6,3,25,14093
2802304,São Paulo,SE,80,920,135,865,sao paulo_SE,437,38,0,5,16,16252
2801702,Villa Christina,SE,78,922,124,876,villa christina_SE,105,18,0,1,17,7494
2804409,Villa Nova,SE,133,867,220,780,villa nova_SE,83,8,2,10,22,16242
2708006,Sant'Anna do Ipanema.,AL,80,920,217,788,santanna do ipanema_AL,0,0,0,3,74,40234
2708600,São Miguel de Campos.,AL,128,872,225,775,sao miguel de campos_AL,0,0,0,175,93,30141
2900801,Aleobaça,BA,124,876,267,733,aleobaca_BA,0,0,0,6,45,8068
2901403,Angieal.,BA,77,923,196,804,angieal_BA,0,0,0,NA,NA,NA
2927002,Barracilo.,BA,77,923,204,796,barracilo_BA,0,0,0,NA,NA,NA
2903409,Beimonte,BA,320,680,439,561,beimonte_BA,0,0,0,NA,NA,NA
2924306,Bom Jesus do Rio de Conta,BA,62,938,212,788,bom jesus do rio de conta_BA,0,0,0,1,47,22920
2999905,Cachocira d'Abbadia,BA,90,910,176,824,cachocira dabbadia_BA,0,0,0,3,3,7550
2906303,Cannaviciras,BA,179,821,409,591,cannaviciras_BA,0,0,0,2,132,18606
2907103,Carinhanhn.,BA,26,974,117,883,carinhanhn_BA,0,0,0,NA,NA,NA
2933604,Chique-Chique.,BA,129,871,292,708,chiquechique_BA,0,0,0,0,33,19836
2929909,Dr. Seabra,BA,50,950,216,784,dr seabra_BA,0,0,0,1,35,28740
2910800,Feirs de Sant'Anna.,BA,93,907,191,809,feirs de santanna_BA,0,0,0,18,176,77600
2999924,Gamelleira de Assurua.,BA,79,921,253,747,gamelleira de assurua_BA,0,0,0,1,23,12014
2918001,Jequić,BA,88,912,228,772,jequic_BA,0,0,0,NA,NA,NA
2920601,Maragogype,BA,126,874,238,762,maragogype_BA,0,0,0,8,105,29258
2921906,Mueuge,BA,97,903,242,758,mueuge_BA,0,0,0,NA,NA,NA
2926400,Riacho de Sant'Anna.,BA,64,936,201,799,riacho de santanna_BA,0,0,0,0,11,19640
2907509,Sant'Anna do Catú,BA,122,878,225,775,santanna do catu_BA,313,3,7,3,40,16525
2928208,Sant'Anna dos Brejog.,BA,52,948,184,816,santanna dos brejog_BA,0,0,0,NA,NA,NA
2929206,Villa de São Franriseo.,BA,120,880,223,777,villa de sao franriseo_BA,0,0,0,18,60,32893
2301109,Araeaty,CE,152,848,241,759,araeaty_CE,0,0,0,NA,NA,NA
2306900,Jaguaribe Mirim,CE,204,796,352,648,jaguaribe mirim_CE,0,0,0,0,0,9759
2312007,Sant'Anna,CE,140,860,319,681,santanna_CE,161,0,0,2,3,16651
2312106,Sant'Anna do Cariry,CE,78,922,19,809,santanna do cariry_CE,157,85,0,0,31,14159
2101707,Barreirnha,MA,84,916,178,822,barreirnha_MA,0,0,0,NA,NA,NA
2101806,Benedicto Leite,MA,73,927,192,808,benedicto leite_MA,75,0,0,0,0,4580
2105401,Itapecurú-Mirim,MA,50,950,117,883,itapecurumirim_MA,0,0,0,2,36,18166
2111300,São Luis,MA,520,480,634,366,sao luis_MA,0,0,0,31,355,52929
2112407,Tury-assú,MA,89,911,213,787,turyassu_MA,33,0,2,1,15,16911
2100501,Victoria do Alto Parnabyba,MA,74,926,185,815,victoria do alto parnabyba_MA,0,0,0,0,0,9321
2516201,Souza,PB,127,873,229,771,souza_PB,428,57,2,4,29,23241
2600104,Afogados de Ingazeira,PE,116,884,272,728,afogados de ingazeira_PE,0,0,0,14,33,17703
2614105,Alagôs de Baixo,PE,111,889,253,747,alagos de baixo_PE,0,0,0,2,34,15330
2604106,Carvarú,PE,122,878,233,767,carvaru_PE,0,0,0,NA,NA,NA
2610608,Páo d'Alho,PE,124,876,209,791,pao dalho_PE,0,0,0,1,11,36988
2614204,Serinhãem,PE,62,938,109,891,serinhaem_PE,0,0,0,0,12,14644
2201903,Bom Jesus do Gurgeia,PI,38,962,157,843,bom jesus do gurgeia_PI,0,0,0,0,11,10427
2211209,Urussuby,PI,58,942,178,822,urussuby_PI,0,0,0,0,0,9997
2402600,Ceará-Mirim,RN,103,897,189,811,cearamirim_RN,0,0,0,52,34,26319
2404200,Goyaninha,RN,93,907,163,837,goyaninha_RN,0,0,0,0,13,8235
2409407,Pau dos Ferros,RN,100,900,336,664,pau dos ferros_RN,0,0,0,0,9,10124
2410207,Port'Alegre,RN,107,893,409,591,portalegre_RN,59,10,0,1,0,4655
2411403,Sant'Anna do Mattos,RN,92,908,235,765,santanna do mattos_RN,235,7,1,1,27,21393
2412203,São José do Mipibú,RN,74,926,128,872,sao jose do mipibu_RN,0,0,0,1,31,17875
2801009,Campo do Brito,SE,74,926,117,883,campo do brito_SE,0,0,0,0,28,18018
